capability_id	parent_id	design_ref	user_outcome	actor	producer	consumer	current_data	default_workflow	executable_witness	failure_or_refusal	verdict	authority_route	evidence_limit
V-001.01	V-001	design/00 satire thesis	Play without real-money purchase or payout paths	player	dependency manifests and repository source	browser/server build	no payment/ad/NFT configuration or SDK	partial current path for: Play without real-money purchase or payout paths	static repository/dependency audit	named limitation prevents the larger claim	partial_integration	dependency/runtime/legal surface audit	No prohibitive regression gate; absence at one coordinate is not a forever guarantee
V-001.02	V-001	design/00 satire thesis	Play without advertising	player	dependency manifests and repository source	browser/server build	no payment/ad/NFT configuration or SDK	partial current path for: Play without advertising	static repository/dependency audit	named limitation prevents the larger claim	partial_integration	dependency/runtime/legal surface audit	No prohibitive regression gate; absence at one coordinate is not a forever guarantee
V-001.03	V-001	design/00 satire thesis	Play without functional NFT or token monetization	player	dependency manifests and repository source	browser/server build	no payment/ad/NFT configuration or SDK	partial current path for: Play without functional NFT or token monetization	static repository/dependency audit	named limitation prevents the larger claim	partial_integration	dependency/runtime/legal surface audit	No prohibitive regression gate; absence at one coordinate is not a forever guarantee
V-002.01	V-002	design/00 pillar 1	Progress through a viable idle build	player	production/offline and active-play kernels	Game UI Desk for manual/economy; no opportunity UI	epoch-8 economy/opportunities	partial current path for: Progress through a viable idle build	cold T0-T1 server/harness plus browser Desk	named limitation prevents the larger claim	partial_integration	full milestone/persona relevance trace	Idle slice is stronger than active-build breadth; no complete persona comparison
V-002.02	V-002	design/00 pillar 1	Progress through a viable active build	player	production/offline and active-play kernels	Game UI Desk for manual/economy; no opportunity UI	epoch-8 economy/opportunities	partial current path for: Progress through a viable active build	cold T0-T1 server/harness plus browser Desk	named limitation prevents the larger claim	partial_integration	full milestone/persona relevance trace	Idle slice is stronger than active-build breadth; no complete persona comparison
V-002.03	V-002	design/00 pillar 1	Choose genuinely different idle and active verbs	player	production/offline and active-play kernels	Game UI Desk for manual/economy; no opportunity UI	epoch-8 economy/opportunities	partial current path for: Choose genuinely different idle and active verbs	cold T0-T1 server/harness plus browser Desk	named limitation prevents the larger claim	partial_integration	full milestone/persona relevance trace	Idle slice is stronger than active-build breadth; no complete persona comparison
V-003.01	V-003	design/00 pillar 2	Use a bot fallback for global milestone participation	player	minigame fallback declarations and server validation primitives	no mounted multiplayer workflows	Pitch solo fallback only	backend/data path only; intended player path unavailable: Use a bot fallback for global milestone participation	minigame/server tests	named limitation prevents the larger claim	backend_or_data_only	per-feature producer/consumer/fallback matrix	One solo tenant does not prove fallback coverage across absent multiplayer families
V-003.02	V-003	design/00 pillar 2	Use a bot fallback for guild-dependent play	player	minigame fallback declarations and server validation primitives	no mounted multiplayer workflows	Pitch solo fallback only	backend/data path only; intended player path unavailable: Use a bot fallback for guild-dependent play	minigame/server tests	named limitation prevents the larger claim	backend_or_data_only	per-feature producer/consumer/fallback matrix	One solo tenant does not prove fallback coverage across absent multiplayer families
V-003.03	V-003	design/00 pillar 2	Use a bot fallback for direct PvP	player	minigame fallback declarations and server validation primitives	no mounted multiplayer workflows	Pitch solo fallback only	backend/data path only; intended player path unavailable: Use a bot fallback for direct PvP	minigame/server tests	named limitation prevents the larger claim	backend_or_data_only	per-feature producer/consumer/fallback matrix	One solo tenant does not prove fallback coverage across absent multiplayer families
V-003.04	V-003	design/00 pillar 2	Use a bot fallback for each multiplayer minigame	player	minigame fallback declarations and server validation primitives	no mounted multiplayer workflows	Pitch solo fallback only	backend/data path only; intended player path unavailable: Use a bot fallback for each multiplayer minigame	minigame/server tests	named limitation prevents the larger claim	backend_or_data_only	per-feature producer/consumer/fallback matrix	One solo tenant does not prove fallback coverage across absent multiplayer families
V-003.05	V-003	design/00 pillar 2	See every bot identified honestly	player	minigame fallback declarations and server validation primitives	no mounted multiplayer workflows	Pitch solo fallback only	backend/data path only; intended player path unavailable: See every bot identified honestly	minigame/server tests	named limitation prevents the larger claim	backend_or_data_only	per-feature producer/consumer/fallback matrix	One solo tenant does not prove fallback coverage across absent multiplayer families
V-003.06	V-003	design/00 pillar 2	Run every bot through the same validation rules as a human	player	minigame fallback declarations and server validation primitives	no mounted multiplayer workflows	Pitch solo fallback only	backend/data path only; intended player path unavailable: Run every bot through the same validation rules as a human	minigame/server tests	named limitation prevents the larger claim	backend_or_data_only	per-feature producer/consumer/fallback matrix	One solo tenant does not prove fallback coverage across absent multiplayer families
V-004.01	V-004	design/00 pillar 3	Reach a designed terminal ending	player	none	none	none	unavailable at 190a4fa: Reach a designed terminal ending	none	no production producer-to-consumer path	absent	D-001/D-007 plus tier/endgame RFC DAG	binding intent exists; current module/fixture/future design receives no implementation credit
V-004.02	V-004	design/00 pillar 3	Choose among three terminal endings	player	none	none	none	unavailable at 190a4fa: Choose among three terminal endings	none	no production producer-to-consumer path	absent	D-001/D-007 plus tier/endgame RFC DAG	binding intent exists; current module/fixture/future design receives no implementation credit
V-004.03	V-004	design/00 pillar 3	Submit a completed run to a leaderboard	player	none	none	none	unavailable at 190a4fa: Submit a completed run to a leaderboard	none	no production producer-to-consumer path	absent	D-001/D-007 plus tier/endgame RFC DAG	binding intent exists; current module/fixture/future design receives no implementation credit
V-005.01	V-005	design/00 pillar 4	Encounter a distinct mechanic grammar at each tier	player	none	none	none	unavailable at 190a4fa: Encounter a distinct mechanic grammar at each tier	none	no production producer-to-consumer path	absent	stable tier capability traces	binding intent exists; current module/fixture/future design receives no implementation credit
V-005.02	V-005	design/00 pillar 4	Have each new tier automate prior-tier work	player	none	none	none	unavailable at 190a4fa: Have each new tier automate prior-tier work	none	no production producer-to-consumer path	absent	stable tier capability traces	binding intent exists; current module/fixture/future design receives no implementation credit
V-006.01	V-006	design/00 pillar 5	Use attended-time mechanics	player	save/production/Fiscal/minigame clocks	Game UI exposes run clock only	epoch-8 economy Fiscal and minigame policies	partial current path for: Use attended-time mechanics	cold production/Fiscal/minigame tests	named limitation prevents the larger claim	partial_integration	clock/persistence/offline workflow audit	Most clock families lack mounted player workflows
V-006.02	V-006	design/00 pillar 5	Use wall-clock mechanics	player	save/production/Fiscal/minigame clocks	Game UI exposes run clock only	epoch-8 economy Fiscal and minigame policies	partial current path for: Use wall-clock mechanics	cold production/Fiscal/minigame tests	named limitation prevents the larger claim	partial_integration	clock/persistence/offline workflow audit	Most clock families lack mounted player workflows
V-006.03	V-006	design/00 pillar 5	Use fixed-budget or swap-clock mechanics	player	minigame fixed-budget and swap-clock policy	no mounted minigame	Pitch policy only	backend/data path only; intended player path unavailable: Use fixed-budget or swap-clock mechanics	cold backend clock tests	named limitation prevents the larger claim	backend_or_data_only	clock/persistence/offline workflow audit	No player-facing fixed-budget or swap-clock workflow
V-006.04	V-006	design/00 pillar 5	Use production-immune Fiscal time	player	Fiscal clock kernel	none mounted	epoch-8 Fiscal policy	backend/data path only; intended player path unavailable: Use production-immune Fiscal time	cold Go/TypeScript parity and replay tests	named limitation prevents the larger claim	backend_or_data_only	clock/persistence/offline workflow audit	No player-facing Fiscal workflow
V-007.01	V-007	design/00 pillar 6	Play without paid FOMO or absence cost	player	copy pipeline plus unexported Shell telemetry	mounted Game UI copy; no telemetry disclosure/control	208-key catalog	partial current path for: Play without paid FOMO or absence cost	copy consumption audit and client source trace	named limitation prevents the larger claim	partial_integration	D-016 then R-009 plus privacy/telemetry/honesty appendix release audit	No-money is real at HEAD; telemetry and complete disclosure surfaces are not
V-007.02	V-007	design/00 pillar 6	See every parodied dark pattern disclosed	player	copy pipeline plus unexported Shell telemetry	mounted Game UI copy; no telemetry disclosure/control	208-key catalog	partial current path for: See every parodied dark pattern disclosed	copy consumption audit and client source trace	named limitation prevents the larger claim	partial_integration	D-016 then R-009 plus privacy/telemetry/honesty appendix release audit	No-money is real at HEAD; telemetry and complete disclosure surfaces are not
V-007.03	V-007	design/00 pillar 6	Have gameplay telemetry minimized	operator	copy pipeline plus unexported Shell telemetry	mounted Game UI copy; no telemetry disclosure/control	208-key catalog	partial current path for: Have gameplay telemetry minimized	copy consumption audit and client source trace	named limitation prevents the larger claim	partial_integration	D-016 then R-009 plus privacy/telemetry/honesty appendix release audit	No-money is real at HEAD; telemetry and complete disclosure surfaces are not
V-007.04	V-007	design/00 pillar 6	See collected gameplay telemetry disclosed	operator	unexported Shell diagnostics telemetry	none for player disclosure	no telemetry disclosure/control copy	unavailable at 190a4fa: See collected gameplay telemetry disclosed	source trace only	no production producer-to-consumer path	absent	D-016 then R-009 plus privacy/telemetry/honesty appendix release audit	Collected diagnostic/gameplay-adjacent data is not disclosed to the player
V-008.01	V-008	design/00 pillar 7	Have production results decided server-side	player	authoritative production transitions	server intents and mounted snapshot projection	epoch-8 T0-T1 economy	current bounded foundation path for: Have production results decided server-side	cold production/replay tests plus composed browser intents	named limitation prevents the larger claim	proven_bounded_primitive	public consumer/formula proof	Bounded to implemented production/economy operations; not all future mechanics
V-008.02	V-008	design/00 pillar 7	Read published community/contribution formulas	player	generated developer formula artifacts	none mounted or public	formula metadata only	unavailable at 190a4fa: Read published community/contribution formulas	none for player/community access	no production producer-to-consumer path	absent	public consumer/formula proof	No published in-product or public formula consumer
V-009.01	V-009	design/00 anti-goals	Play in a browser	player	browser Game UI plus hardcap catalogs	mounted Desk/Offer/Run End/Settings/Vision	epoch-8 T0-T1	partial current path for: Play in a browser	browser/accessibility probes	named limitation prevents the larger claim	partial_integration	accessibility/mobile/formula/fallback audits	320px reflow and broader in-game-tool/bot-rule claims remain unproved
V-009.02	V-009	design/00 anti-goals	Complete core play on a mobile-width viewport	player	browser Game UI plus hardcap catalogs	mounted Desk/Offer/Run End/Settings/Vision	epoch-8 T0-T1	partial current path for: Complete core play on a mobile-width viewport	browser/accessibility probes	named limitation prevents the larger claim	partial_integration	accessibility/mobile/formula/fallback audits	320px reflow and broader in-game-tool/bot-rule claims remain unproved
V-009.03	V-009	design/00 anti-goals	See every cap as a visible hard number	player	browser Game UI plus hardcap catalogs	mounted Desk/Offer/Run End/Settings/Vision	epoch-8 T0-T1	partial current path for: See every cap as a visible hard number	browser/accessibility probes	named limitation prevents the larger claim	partial_integration	accessibility/mobile/formula/fallback audits	320px reflow and broader in-game-tool/bot-rule claims remain unproved
V-009.04	V-009	design/00 anti-goals	Use in-game tools instead of a required external wiki	player	browser Game UI plus hardcap catalogs	mounted Desk/Offer/Run End/Settings/Vision	epoch-8 T0-T1	partial current path for: Use in-game tools instead of a required external wiki	browser/accessibility probes	named limitation prevents the larger claim	partial_integration	accessibility/mobile/formula/fallback audits	320px reflow and broader in-game-tool/bot-rule claims remain unproved
V-009.05	V-009	design/00 anti-goals	Compete without bots or players receiving unearned rule exceptions	player	shared server validation primitives	none in a competitive player workflow	no mounted competitive mode	backend/data path only; intended player path unavailable: Compete without bots or players receiving unearned rule exceptions	backend tests only	named limitation prevents the larger claim	backend_or_data_only	accessibility/mobile/formula/fallback audits	Validation foundations do not prove a competitive bot/human workflow
T-000.01	T-000	design/01 Tier 0	Perform the Tier-0 manual action	player	production manual-action and generator intents	mounted Game UI Desk	epoch-8 economy/presentation/copy	partial current path for: Perform the Tier-0 manual action	composed browser bootstrap-to-Desk and server first-hour	named limitation prevents the larger claim	partial_integration	full first-session workflow	Core action/economy render; complete tutorial/nostalgia acceptance is absent
T-000.02	T-000	design/01 Tier 0	Buy and benefit from Tier-0 generators	player	production manual-action and generator intents	mounted Game UI Desk	epoch-8 economy/presentation/copy	partial current path for: Buy and benefit from Tier-0 generators	composed browser bootstrap-to-Desk and server first-hour	named limitation prevents the larger claim	partial_integration	full first-session workflow	Core action/economy render; complete tutorial/nostalgia acceptance is absent
T-000.03	T-000	design/01 Tier 0	Use the honest 1995 presentation	player	production manual-action and generator intents	mounted Game UI Desk	epoch-8 economy/presentation/copy	partial current path for: Use the honest 1995 presentation	composed browser bootstrap-to-Desk and server first-hour	named limitation prevents the larger claim	partial_integration	full first-session workflow	Core action/economy render; complete tutorial/nostalgia acceptance is absent
T-000.04	T-000	design/01 Tier 0	Understand Tier-0 play through diegetic teaching	player	production manual-action and generator intents	mounted Game UI Desk	epoch-8 economy/presentation/copy	partial current path for: Understand Tier-0 play through diegetic teaching	composed browser bootstrap-to-Desk and server first-hour	named limitation prevents the larger claim	partial_integration	full first-session workflow	Core action/economy render; complete tutorial/nostalgia acceptance is absent
T-001.01	T-001	design/01 Tier 1	Progress through the Tier-1 generator cost curve	player	economy upgrade/generator transitions	mounted Game UI Desk	nine generators ten upgrades and free cosmetic copy	partial current path for: Progress through the Tier-1 generator cost curve	cold server first-hour plus browser fixtures	named limitation prevents the larger claim	partial_integration	full first-hour workflow and content trace	Browser does not execute the whole first-hour transition
T-001.02	T-001	design/01 Tier 1	Buy and benefit from Tier-1 upgrades	player	economy upgrade/generator transitions	mounted Game UI Desk	nine generators ten upgrades and free cosmetic copy	partial current path for: Buy and benefit from Tier-1 upgrades	cold server first-hour plus browser fixtures	named limitation prevents the larger claim	partial_integration	full first-hour workflow and content trace	Browser does not execute the whole first-hour transition
T-001.03	T-001	design/01 Tier 1	Make a meaningful Tier-1 buy-order choice	player	economy upgrade/generator transitions	mounted Game UI Desk	nine generators ten upgrades and free cosmetic copy	partial current path for: Make a meaningful Tier-1 buy-order choice	cold server first-hour plus browser fixtures	named limitation prevents the larger claim	partial_integration	full first-hour workflow and content trace	Browser does not execute the whole first-hour transition
T-001.04	T-001	design/01 Tier 1	Automate Tier-0 manual work	player	none for automation	none	reply-all upgrade doubles manual output but does not automate it	unavailable at 190a4fa: Automate Tier-0 manual work	none	no production producer-to-consumer path	absent	full first-hour workflow and content trace	A manual multiplier is not automation
T-001.05	T-001	design/01 Tier 1	Encounter the free-shop satire	player	economy upgrade/generator transitions	mounted Game UI Desk	nine generators ten upgrades and free cosmetic copy	partial current path for: Encounter the free-shop satire	cold server first-hour plus browser fixtures	named limitation prevents the larger claim	partial_integration	full first-hour workflow and content trace	Browser does not execute the whole first-hour transition
T-002.01	T-002	design/01 Tier 2	Allocate finite Tier-2 headcount among roles	player	none	none	no headcount/role catalog	unavailable at 190a4fa: Allocate finite Tier-2 headcount among roles	none	no production producer-to-consumer path	absent	content/RFC DAG	Tier-2 allocation grammar is absent
T-002.02	T-002	design/01 Tier 2	Observe Soul in Tier 2	player	Soul catalog/recovery backend	none mounted	three recovery rows and zero debit sources	backend/data path only; intended player path unavailable: Observe Soul in Tier 2	backend package/Postgres tests	named limitation prevents the larger claim	backend_or_data_only	content/RFC DAG	Soul state/recovery backend exists without Tier-2 meter/choice UI; drains have no current data
T-002.03	T-002	design/01 Tier 2	Change Soul through Tier-2 choices	player	Soul catalog/recovery backend	none mounted	three recovery rows and zero debit sources	backend/data path only; intended player path unavailable: Change Soul through Tier-2 choices	backend package/Postgres tests	named limitation prevents the larger claim	backend_or_data_only	content/RFC DAG	Soul state/recovery backend exists without Tier-2 meter/choice UI; drains have no current data
T-002.04	T-002	design/01 Tier 2	Choose a faction through a Faustian bargain	player	faction catalog/incorporation transition	none mounted	four factions	backend/data path only; intended player path unavailable: Choose a faction through a Faustian bargain	backend package/Postgres tests	named limitation prevents the larger claim	backend_or_data_only	content/RFC DAG	No Faustian choice surface
T-002.05	T-002	design/01 Tier 2	Access the first major minigames	player	Pitch and minigame API backend	none mounted	Pitch only	backend/data path only; intended player path unavailable: Access the first major minigames	backend package/Postgres tests	named limitation prevents the larger claim	backend_or_data_only	content/RFC DAG	No player minigame surface
T-002.06	T-002	design/01 Tier 2	Take the first elective Exit	player	Prestige offer/Exit backend	Offer Sheet/Run End	early Prestige policy	partial current path for: Take the first elective Exit	backend package/Postgres tests	named limitation prevents the larger claim	partial_integration	content/RFC DAG	Elective-offer path exists, but Tier-2/full continuation scope is unproved
T-003.01	T-003	design/01 Tier 3	Price cloud capacity against tenant demand	player	no tenant-market runtime	none	no tenant/Bakery/daemon content	unavailable at 190a4fa: Price cloud capacity against tenant demand	none	no production producer-to-consumer path	absent	content/RFC DAG	Backend foundations elsewhere do not implement Tier 3
T-003.02	T-003	design/01 Tier 3	Manage distinct tenant workload curves	player	no tenant-market runtime	none	no tenant/Bakery/daemon content	unavailable at 190a4fa: Manage distinct tenant workload curves	none	no production producer-to-consumer path	absent	content/RFC DAG	Backend foundations elsewhere do not implement Tier 3
T-003.03	T-003	design/01 Tier 3	Meet tenant SLA constraints	player	no tenant-market runtime	none	no tenant/Bakery/daemon content	unavailable at 190a4fa: Meet tenant SLA constraints	none	no production producer-to-consumer path	absent	content/RFC DAG	Backend foundations elsewhere do not implement Tier 3
T-003.04	T-003	design/01 Tier 3	Choose an irreversible enshittification stage	player	no tenant-market runtime	none	no tenant/Bakery/daemon content	unavailable at 190a4fa: Choose an irreversible enshittification stage	none	no production producer-to-consumer path	absent	content/RFC DAG	Backend foundations elsewhere do not implement Tier 3
T-003.05	T-003	design/01 Tier 3	Automate headcount management	player	no tenant-market runtime	none	no tenant/Bakery/daemon content	unavailable at 190a4fa: Automate headcount management	none	no production producer-to-consumer path	absent	content/RFC DAG	Backend foundations elsewhere do not implement Tier 3
T-003.06	T-003	design/01 Tier 3	Operate the Bakery tenant	operator	no tenant-market runtime	none	no tenant/Bakery/daemon content	unavailable at 190a4fa: Operate the Bakery tenant	none	no production producer-to-consumer path	absent	content/RFC DAG	Backend foundations elsewhere do not implement Tier 3
T-003.07	T-003	design/01 Tier 3	Use the tenant daemon lifecycle	player	no tenant-market runtime	none	no tenant/Bakery/daemon content	unavailable at 190a4fa: Use the tenant daemon lifecycle	none	no production producer-to-consumer path	absent	content/RFC DAG	Backend foundations elsewhere do not implement Tier 3
T-004.01	T-004	design/01 Tier 4	Draft a region on the shared map	player	none	none	none	unavailable at 190a4fa: Draft a region on the shared map	none	no production producer-to-consumer path	absent	world/content/RFC DAG	binding intent exists; current module/fixture/future design receives no implementation credit
T-004.02	T-004	design/01 Tier 4	Manage physical capacity constraints	player	none	none	none	unavailable at 190a4fa: Manage physical capacity constraints	none	no production producer-to-consumer path	absent	world/content/RFC DAG	binding intent exists; current module/fixture/future design receives no implementation credit
T-004.03	T-004	design/01 Tier 4	See every rack/site in the diorama	player	none	none	none	unavailable at 190a4fa: See every rack/site in the diorama	none	no production producer-to-consumer path	absent	world/content/RFC DAG	binding intent exists; current module/fixture/future design receives no implementation credit
T-004.04	T-004	design/01 Tier 4	Record addressed Externality entries	player	none	none	none	unavailable at 190a4fa: Record addressed Externality entries	none	no production producer-to-consumer path	absent	world/content/RFC DAG	binding intent exists; current module/fixture/future design receives no implementation credit
T-004.05	T-004	design/01 Tier 4	Automate pricing	player	none	none	none	unavailable at 190a4fa: Automate pricing	none	no production producer-to-consumer path	absent	world/content/RFC DAG	binding intent exists; current module/fixture/future design receives no implementation credit
T-005.01	T-005	design/01 Tier 5	Allocate compute data and safety research	player	none	none	none	unavailable at 190a4fa: Allocate compute data and safety research	none	no production producer-to-consumer path	absent	content/RFC DAG	binding intent exists; current module/fixture/future design receives no implementation credit
T-005.02	T-005	design/01 Tier 5	Commit to timed model-training runs	player	none	none	none	unavailable at 190a4fa: Commit to timed model-training runs	none	no production producer-to-consumer path	absent	content/RFC DAG	binding intent exists; current module/fixture/future design receives no implementation credit
T-005.03	T-005	design/01 Tier 5	Experience recursive model collapse	player	none	none	none	unavailable at 190a4fa: Experience recursive model collapse	none	no production producer-to-consumer path	absent	content/RFC DAG	binding intent exists; current module/fixture/future design receives no implementation credit
T-005.04	T-005	design/01 Tier 5	Choose a Safety or e/acc research route	player	none	none	none	unavailable at 190a4fa: Choose a Safety or e/acc research route	none	no production producer-to-consumer path	absent	content/RFC DAG	binding intent exists; current module/fixture/future design receives no implementation credit
T-005.05	T-005	design/01 Tier 5	Automate datacenter operation	player	none	none	none	unavailable at 190a4fa: Automate datacenter operation	none	no production producer-to-consumer path	absent	content/RFC DAG	binding intent exists; current module/fixture/future design receives no implementation credit
T-006.01	T-006	design/01 Tier 6	Author a founder policy script	content author	none	none	none	unavailable at 190a4fa: Author a founder policy script	none	no production producer-to-consumer path	absent	content/RFC DAG	binding intent exists; current module/fixture/future design receives no implementation credit
T-006.02	T-006	design/01 Tier 6	Execute a founder policy script	player	none	none	none	unavailable at 190a4fa: Execute a founder policy script	none	no production producer-to-consumer path	absent	content/RFC DAG	binding intent exists; current module/fixture/future design receives no implementation credit
T-006.03	T-006	design/01 Tier 6	Save a policy script	player	none	none	none	unavailable at 190a4fa: Save a policy script	none	no production producer-to-consumer path	absent	content/RFC DAG	binding intent exists; current module/fixture/future design receives no implementation credit
T-006.04	T-006	design/01 Tier 6	Name a policy script	player	none	none	none	unavailable at 190a4fa: Name a policy script	none	no production producer-to-consumer path	absent	content/RFC DAG	binding intent exists; current module/fixture/future design receives no implementation credit
T-006.05	T-006	design/01 Tier 6	Share a policy script	player	none	none	none	unavailable at 190a4fa: Share a policy script	none	no production producer-to-consumer path	absent	content/RFC DAG	binding intent exists; current module/fixture/future design receives no implementation credit
T-006.06	T-006	design/01 Tier 6	Manage founder mortality through longevity choices	player	none	none	none	unavailable at 190a4fa: Manage founder mortality through longevity choices	none	no production producer-to-consumer path	absent	content/RFC DAG	binding intent exists; current module/fixture/future design receives no implementation credit
T-006.07	T-006	design/01 Tier 6	Use billionaire-layer Personal Wealth	player	none	none	none	unavailable at 190a4fa: Use billionaire-layer Personal Wealth	none	no production producer-to-consumer path	absent	content/RFC DAG	binding intent exists; current module/fixture/future design receives no implementation credit
T-006.08	T-006	design/01 Tier 6	Automate active lower-tier play	player	none	none	none	unavailable at 190a4fa: Automate active lower-tier play	none	no production producer-to-consumer path	absent	content/RFC DAG	binding intent exists; current module/fixture/future design receives no implementation credit
T-007.01	T-007	design/01 Tier 7	Optimize an increasingly self-playing system	player	none	none	none	unavailable at 190a4fa: Optimize an increasingly self-playing system	none	no production producer-to-consumer path	absent	content/RFC DAG	binding intent exists; current module/fixture/future design receives no implementation credit
T-007.02	T-007	design/01 Tier 7	Use TAS-like route planning	player	none	none	none	unavailable at 190a4fa: Use TAS-like route planning	none	no production producer-to-consumer path	absent	content/RFC DAG	binding intent exists; current module/fixture/future design receives no implementation credit
T-007.03	T-007	design/01 Tier 7	Choose a Transcendence path	player	none	none	none	unavailable at 190a4fa: Choose a Transcendence path	none	no production producer-to-consumer path	absent	content/RFC DAG	binding intent exists; current module/fixture/future design receives no implementation credit
T-007.04	T-007	design/01 Tier 7	Resolve founder Soul consequences	player	none	none	none	unavailable at 190a4fa: Resolve founder Soul consequences	none	no production producer-to-consumer path	absent	content/RFC DAG	binding intent exists; current module/fixture/future design receives no implementation credit
T-008.01	T-008	design/01 Tier 8	Manage Planet depletion as the terminal grammar	player	none	none	none	unavailable at 190a4fa: Manage Planet depletion as the terminal grammar	none	no production producer-to-consumer path	absent	world/endgame RFC DAG	binding intent exists; current module/fixture/future design receives no implementation credit
T-008.02	T-008	design/01 Tier 8	Choose a terminal response to depletion	player	none	none	none	unavailable at 190a4fa: Choose a terminal response to depletion	none	no production producer-to-consumer path	absent	world/endgame RFC DAG	binding intent exists; current module/fixture/future design receives no implementation credit
T-008.03	T-008	design/01 Tier 8	See the shared world resolve the ending	player	none	none	none	unavailable at 190a4fa: See the shared world resolve the ending	none	no production producer-to-consumer path	absent	world/endgame RFC DAG	binding intent exists; current module/fixture/future design receives no implementation credit
T-009.01	T-009	design/01 endings	Reach the Ascension ending	player	none	none	none	unavailable at 190a4fa: Reach the Ascension ending	none	no production producer-to-consumer path	absent	owner release scope plus verified content contracts	binding intent exists; current module/fixture/future design receives no implementation credit
T-009.02	T-009	design/01 endings	Reach the Long Decay ending	player	none	none	none	unavailable at 190a4fa: Reach the Long Decay ending	none	no production producer-to-consumer path	absent	owner release scope plus verified content contracts	binding intent exists; current module/fixture/future design receives no implementation credit
T-009.03	T-009	design/01 endings	Reach the Both Graphs ending	player	none	none	none	unavailable at 190a4fa: Reach the Both Graphs ending	none	no production producer-to-consumer path	absent	owner release scope plus verified content contracts	binding intent exists; current module/fixture/future design receives no implementation credit
T-009.04	T-009	design/01 endings	Reach designed ending variants	player	none	none	none	unavailable at 190a4fa: Reach designed ending variants	none	no production producer-to-consumer path	absent	owner release scope plus verified content contracts	binding intent exists; current module/fixture/future design receives no implementation credit
T-010.01	T-010	design/01 prestige	Receive tier-flavored Exit offers	player	Prestige offer/Exit/run-start transitions	Offer Sheet and Run End; no Wind Down/continue	prestige and curriculum artifacts	partial current path for: Receive tier-flavored Exit offers	cold server first-hour and component/browser fixtures	named limitation prevents the larger claim	partial_integration	Prestige closeout plus later-tier content	Only the early Exit path exists; multi-run arc and player continuation are incomplete
T-010.02	T-010	design/01 prestige	Choose to accept or decline an Exit offer	player	Prestige offer/Exit/run-start transitions	Offer Sheet and Run End; no Wind Down/continue	prestige and curriculum artifacts	partial current path for: Choose to accept or decline an Exit offer	cold server first-hour and component/browser fixtures	named limitation prevents the larger claim	partial_integration	Prestige closeout plus later-tier content	Only the early Exit path exists; multi-run arc and player continuation are incomplete
T-010.03	T-010	design/01 prestige	Carry Founder progression across runs	player	Founder replay/save carry	Run End terms only	early Founder state	backend/data path only; intended player path unavailable: Carry Founder progression across runs	cold server first-hour and component/browser fixtures	named limitation prevents the larger claim	backend_or_data_only	Prestige closeout plus later-tier content	Carry state exists without complete player management/presentation
T-010.04	T-010	design/01 prestige	Complete a multi-run arc	player	early Exit/run-start transitions	Run End has no continue control	scripted first failure only	unavailable at 190a4fa: Complete a multi-run arc	none in browser	no production producer-to-consumer path	absent	Prestige closeout plus later-tier content	No production player continuation or complete multi-run arc
E-001.01	E-001	design/02 §1	Persist Company-scoped state	player	versioned Save Store and scoped replay state	server packages; limited Game UI company/founder projection	epoch-8 catalogs and Postgres migrations	current bounded foundation path for: Persist Company-scoped state	cold save/production/guild/world package tests	named limitation prevents the larger claim	proven_bounded_primitive	per-scope persistence and consumer audit	Persistence primitives do not imply mounted World/Guild workflows
E-001.02	E-001	design/02 §1	Persist Founder-scoped state	player	versioned Save Store and scoped replay state	server packages; limited Game UI company/founder projection	epoch-8 catalogs and Postgres migrations	current bounded foundation path for: Persist Founder-scoped state	cold save/production/guild/world package tests	named limitation prevents the larger claim	proven_bounded_primitive	per-scope persistence and consumer audit	Persistence primitives do not imply mounted World/Guild workflows
E-001.03	E-001	design/02 §1	Persist World-scoped state	player	versioned Save Store and scoped replay state	server packages; limited Game UI company/founder projection	epoch-8 catalogs and Postgres migrations	current bounded foundation path for: Persist World-scoped state	cold save/production/guild/world package tests	named limitation prevents the larger claim	proven_bounded_primitive	per-scope persistence and consumer audit	Persistence primitives do not imply mounted World/Guild workflows
E-001.04	E-001	design/02 §1	Persist Guild-scoped state	player	versioned Save Store and scoped replay state	server packages; limited Game UI company/founder projection	epoch-8 catalogs and Postgres migrations	current bounded foundation path for: Persist Guild-scoped state	cold save/production/guild/world package tests	named limitation prevents the larger claim	proven_bounded_primitive	per-scope persistence and consumer audit	Persistence primitives do not imply mounted World/Guild workflows
E-002.01	E-002	design/02 §2.1	Apply declarative geometric generator costs	player	economy catalog and Decimal bulk-cost kernel	production intents and Game UI affordability	epoch-8 economy	current bounded foundation path for: Apply declarative geometric generator costs	cold economy vectors and composed first-hour	named limitation prevents the larger claim	proven_bounded_primitive	preserve golden/cold witnesses	Bounded to current cost grammar and Decimal range
E-002.02	E-002	design/02 §2.1	Compute exact bulk affordability	player	economy catalog and Decimal bulk-cost kernel	production intents and Game UI affordability	epoch-8 economy	current bounded foundation path for: Compute exact bulk affordability	cold economy vectors and composed first-hour	named limitation prevents the larger claim	proven_bounded_primitive	preserve golden/cold witnesses	Bounded to current cost grammar and Decimal range
E-003.01	E-003	design/02 §2.2	Apply the production stack in declared order	player	production multiplier and hardcap kernels	production transition/replay	epoch-8 economy	current bounded foundation path for: Apply the production stack in declared order	cold production multiplier/order tests	named limitation prevents the larger claim	proven_bounded_primitive	all named multiplier producers and formula UI	Backend formula ordering only
E-003.02	E-003	design/02 §2.2	Show the contribution formula to the player	player	generated formula artifacts only	none mounted	epoch-8 economy	unavailable at 190a4fa: Show the contribution formula to the player	none	no production producer-to-consumer path	absent	all named multiplier producers and formula UI	No player formula view
E-003.03	E-003	design/02 §2.2	Clamp each configured production hardcap visibly	player	production multiplier and hardcap kernels	Game UI resource Amount; no formula view	epoch-8 economy	partial current path for: Clamp each configured production hardcap visibly	cold production tests and copy/client trace	named limitation prevents the larger claim	partial_integration	all named multiplier producers and formula UI	Two resource caps render through Amount; generator and broader caps do not
E-004.01	E-004	design/02 §2.3	Activate deterministic attended-time buff windows	player	active-play production transitions	no mounted opportunity/daemon surface	epoch-8 opportunities; no daemon content	backend/data path only; intended player path unavailable: Activate deterministic attended-time buff windows	cold production/replay tests	named limitation prevents the larger claim	backend_or_data_only	active-play plus missing daemons/UI trace	Active mechanics exist only behind unmounted clients; daemon lifecycle absent
E-004.02	E-004	design/02 §2.3	Apply the Lucky bank formula	player	active-play production transitions	no mounted opportunity/daemon surface	epoch-8 opportunities; no daemon content	backend/data path only; intended player path unavailable: Apply the Lucky bank formula	cold production/replay tests	named limitation prevents the larger claim	backend_or_data_only	active-play plus missing daemons/UI trace	Active mechanics exist only behind unmounted clients; daemon lifecycle absent
E-004.03	E-004	design/02 §2.3	Validate active clicks server-side	player	active-play production transitions	no mounted opportunity/daemon surface	epoch-8 opportunities; no daemon content	backend/data path only; intended player path unavailable: Validate active clicks server-side	cold production/replay tests	named limitation prevents the larger claim	backend_or_data_only	active-play plus missing daemons/UI trace	Active mechanics exist only behind unmounted clients; daemon lifecycle absent
E-004.04	E-004	design/02 §2.3	Use attach accrue and pop daemon mechanics	player	active-play production transitions	no mounted opportunity/daemon surface	epoch-8 opportunities; no daemon content	backend/data path only; intended player path unavailable: Use attach accrue and pop daemon mechanics	cold production/replay tests	named limitation prevents the larger claim	backend_or_data_only	active-play plus missing daemons/UI trace	Active mechanics exist only behind unmounted clients; daemon lifecycle absent
E-005.01	E-005	design/02 §2.4	Accrue offline production at 90 percent	player	lazy production offline accrual	snapshot amounts; no complete return summary	90 percent 24-hour economy policy	current bounded foundation path for: Accrue offline production at 90 percent	composed 48-hour offline catch-up regression	named limitation prevents the larger claim	proven_bounded_primitive	browser return presentation pending	Authoritative credit is proven; player return explanation is partial
E-005.02	E-005	design/02 §2.4	Clamp one offline span to 24 hours	player	lazy production offline accrual	snapshot amounts; no complete return summary	90 percent 24-hour economy policy	current bounded foundation path for: Clamp one offline span to 24 hours	composed 48-hour offline catch-up regression	named limitation prevents the larger claim	proven_bounded_primitive	browser return presentation pending	Authoritative credit is proven; player return explanation is partial
E-005.03	E-005	design/02 §2.4	Show the credited offline result on return	player	lazy production offline accrual	snapshot amount only; no offline return summary	90 percent 24-hour economy policy	partial current path for: Show the credited offline result on return	composed 48-hour offline catch-up regression	named limitation prevents the larger claim	partial_integration	browser return presentation pending	Crediting is proven, explanation on return is not
E-006.01	E-006	design/02 §2c	Apply mandatory economy sinks	player	economy and achievement catalog validators/transitions	no achievement player surface	epoch-8 economy and 13 achievements	backend/data path only; intended player path unavailable: Apply mandatory economy sinks	cold economy/achievement/replay tests	named limitation prevents the larger claim	backend_or_data_only	catalog/economy/achievement audit	Proof modes and sinks are backend/data; player presentation is absent
E-006.02	E-006	design/02 §2c	Mint currencies only through declared cap owners	player	economy and achievement catalog validators/transitions	no achievement player surface	epoch-8 economy and 13 achievements	backend/data path only; intended player path unavailable: Mint currencies only through declared cap owners	cold economy/achievement/replay tests	named limitation prevents the larger claim	backend_or_data_only	catalog/economy/achievement audit	Proof modes and sinks are backend/data; player presentation is absent
E-006.03	E-006	design/02 §2c	Evaluate achievement provenance proof	player	economy and achievement catalog validators/transitions	no achievement player surface	epoch-8 economy and 13 achievements	backend/data path only; intended player path unavailable: Evaluate achievement provenance proof	cold economy/achievement/replay tests	named limitation prevents the larger claim	backend_or_data_only	catalog/economy/achievement audit	Proof modes and sinks are backend/data; player presentation is absent
E-006.04	E-006	design/02 §2c	Evaluate achievement possession proof	player	economy and achievement catalog validators/transitions	no achievement player surface	epoch-8 economy and 13 achievements	backend/data path only; intended player path unavailable: Evaluate achievement possession proof	cold economy/achievement/replay tests	named limitation prevents the larger claim	backend_or_data_only	catalog/economy/achievement audit	Proof modes and sinks are backend/data; player presentation is absent
E-006.05	E-006	design/02 §2c	Evaluate achievement burn proof	player	economy and achievement catalog validators/transitions	no achievement player surface	epoch-8 economy and 13 achievements	backend/data path only; intended player path unavailable: Evaluate achievement burn proof	cold economy/achievement/replay tests	named limitation prevents the larger claim	backend_or_data_only	catalog/economy/achievement audit	Proof modes and sinks are backend/data; player presentation is absent
E-007.01	E-007	design/02 §3	Earn and spend Reputation	player	Prestige/route/achievement/founder state kernels	Offer/Run End expose some terms	epoch-8 prestige routes achievements	partial current path for: Earn and spend Reputation	cold production/route tests plus Game UI fixtures	named limitation prevents the larger claim	partial_integration	per-currency producer/consumer workflow	Reputation/Route terms are partial; Network/Clout/Wealth/Age lack complete player loops
E-007.02	E-007	design/02 §3	Carry designated Network slots	player	Prestige/route/achievement/founder state kernels	no complete mounted currency workflow	epoch-8 prestige routes achievements	backend/data path only; intended player path unavailable: Carry designated Network slots	cold production/route tests plus Game UI fixtures	named limitation prevents the larger claim	backend_or_data_only	per-currency producer/consumer workflow	State/producer primitives exist without a complete earn-spend-display player loop
E-007.03	E-007	design/02 §3	Earn and spend Route Knowledge	player	Prestige/route/achievement/founder state kernels	no complete mounted currency workflow	epoch-8 prestige routes achievements	backend/data path only; intended player path unavailable: Earn and spend Route Knowledge	cold production/route tests plus Game UI fixtures	named limitation prevents the larger claim	backend_or_data_only	per-currency producer/consumer workflow	State/producer primitives exist without a complete earn-spend-display player loop
E-007.04	E-007	design/02 §3	Earn and use Clout	player	Prestige/route/achievement/founder state kernels	no complete mounted currency workflow	epoch-8 prestige routes achievements	backend/data path only; intended player path unavailable: Earn and use Clout	cold production/route tests plus Game UI fixtures	named limitation prevents the larger claim	backend_or_data_only	per-currency producer/consumer workflow	State/producer primitives exist without a complete earn-spend-display player loop
E-007.05	E-007	design/02 §3	Extract and spend Personal Wealth	player	none	none	no Personal Wealth content	unavailable at 190a4fa: Extract and spend Personal Wealth	none	no production producer-to-consumer path	absent	per-currency producer/consumer workflow	Personal Wealth is unimplemented
E-007.06	E-007	design/02 §3	Advance Founder Age	player	Prestige/route/achievement/founder state kernels	no complete mounted currency workflow	epoch-8 prestige routes achievements	backend/data path only; intended player path unavailable: Advance Founder Age	cold production/route tests plus Game UI fixtures	named limitation prevents the larger claim	backend_or_data_only	per-currency producer/consumer workflow	State/producer primitives exist without a complete earn-spend-display player loop
E-008.01	E-008	design/02 §3.3	Receive full-terms acquihire or acquisition offers	player	Prestige offer and terminal transitions	Offer Sheet/Run End	epoch-8 prestige/curriculum	partial current path for: Receive full-terms acquihire or acquisition offers	cold server first-hour and Game UI fixtures	named limitation prevents the larger claim	partial_integration	T0-T1 scripted offer only; broader content absent	Wind Down IPO and Strip-Mining controls/content are absent
E-008.02	E-008	design/02 §3.3	Wind Down a run on demand	player	none for this exit mode/control	none	no Wind Down/IPO/Strip-Mining player content	unavailable at 190a4fa: Wind Down a run on demand	none	no production producer-to-consumer path	absent	T0-T1 scripted offer only; broader content absent	Only offer/scripted Exit mechanics exist
E-008.03	E-008	design/02 §3.3	Complete a doctrine-gated IPO Exit	player	none for this exit mode/control	none	no Wind Down/IPO/Strip-Mining player content	unavailable at 190a4fa: Complete a doctrine-gated IPO Exit	none	no production producer-to-consumer path	absent	T0-T1 scripted offer only; broader content absent	Only offer/scripted Exit mechanics exist
E-008.04	E-008	design/02 §3.3	Strip-mine a branch before Exit	player	none for this exit mode/control	none	no Wind Down/IPO/Strip-Mining player content	unavailable at 190a4fa: Strip-mine a branch before Exit	none	no production producer-to-consumer path	absent	T0-T1 scripted offer only; broader content absent	Only offer/scripted Exit mechanics exist
E-009.01	E-009	design/02 §4	Observe the shared Planet ratchet	player	world/guild/Commons primitives	no mounted World/Guild consumer	epoch-8 commons/guilds; no full world content	backend/data path only; intended player path unavailable: Observe the shared Planet ratchet	cold backend tests	named limitation prevents the larger claim	backend_or_data_only	world/player consumers absent	Planet/milestone/Influence player workflows are absent
E-009.02	E-009	design/02 §4	Contribute to a community milestone	player	world/guild/Commons primitives	no mounted World/Guild consumer	epoch-8 commons/guilds; no full world content	backend/data path only; intended player path unavailable: Contribute to a community milestone	cold backend tests	named limitation prevents the larger claim	backend_or_data_only	world/player consumers absent	Planet/milestone/Influence player workflows are absent
E-009.03	E-009	design/02 §4	Accrue and spend guild tithe value	player	world/guild/Commons primitives	no mounted World/Guild consumer	epoch-8 commons/guilds; no full world content	backend/data path only; intended player path unavailable: Accrue and spend guild tithe value	cold backend tests	named limitation prevents the larger claim	backend_or_data_only	world/player consumers absent	Planet/milestone/Influence player workflows are absent
E-009.04	E-009	design/02 §4	Earn and spend Influence	player	world/guild/Commons primitives	no mounted World/Guild consumer	epoch-8 commons/guilds; no full world content	backend/data path only; intended player path unavailable: Earn and spend Influence	cold backend tests	named limitation prevents the larger claim	backend_or_data_only	world/player consumers absent	Planet/milestone/Influence player workflows are absent
E-010.01	E-010	design/02 §5	Advance an Earnings Call on wall time only	player	Fiscal clock/harvest/spend kernel	none mounted	epoch-8 Fiscal	backend/data path only; intended player path unavailable: Advance an Earnings Call on wall time only	cold Go/TS parity and replay tests	named limitation prevents the larger claim	backend_or_data_only	player ritual/UI proof	No Earnings Call ritual surface; archived body/plan contradiction remains
E-010.02	E-010	design/02 §5	Harvest early with declared failure probability	player	Fiscal clock/harvest/spend kernel	none mounted	epoch-8 Fiscal	backend/data path only; intended player path unavailable: Harvest early with declared failure probability	cold Go/TS parity and replay tests	named limitation prevents the larger claim	backend_or_data_only	player ritual/UI proof	No Earnings Call ritual surface; archived body/plan contradiction remains
E-010.03	E-010	design/02 §5	Receive guaranteed or automatic harvest	player	Fiscal clock/harvest/spend kernel	none mounted	epoch-8 Fiscal	backend/data path only; intended player path unavailable: Receive guaranteed or automatic harvest	cold Go/TS parity and replay tests	named limitation prevents the larger claim	backend_or_data_only	player ritual/UI proof	No Earnings Call ritual surface; archived body/plan contradiction remains
E-010.04	E-010	design/02 §5	Spend Investor Confidence	player	Fiscal clock/harvest/spend kernel	none mounted	epoch-8 Fiscal	backend/data path only; intended player path unavailable: Spend Investor Confidence	cold Go/TS parity and replay tests	named limitation prevents the larger claim	backend_or_data_only	player ritual/UI proof	No Earnings Call ritual surface; archived body/plan contradiction remains
E-010.05	E-010	design/02 §5	Choose between hoarding and spending Confidence	player	Fiscal clock/harvest/spend kernel	none mounted	epoch-8 Fiscal	backend/data path only; intended player path unavailable: Choose between hoarding and spending Confidence	cold Go/TS parity and replay tests	named limitation prevents the larger claim	backend_or_data_only	player ritual/UI proof	No Earnings Call ritual surface; archived body/plan contradiction remains
E-011.01	E-011	design/02 §6	Mint Clout from the single declared social source	player	achievement Clout grants and Founder Clout state	terms note only; no social reach surface	13 achievements	backend/data path only; intended player path unavailable: Mint Clout from the single declared social source	cold achievement/production tests	named limitation prevents the larger claim	backend_or_data_only	mint ownership and player consumers	Single-mint/social-source and reach economy are not fully implemented
E-011.02	E-011	design/02 §6	Persist Clout without adding it directly to production	player	achievement Clout grants and Founder Clout state	terms note only; no social reach surface	13 achievements	backend/data path only; intended player path unavailable: Persist Clout without adding it directly to production	cold achievement/production tests	named limitation prevents the larger claim	backend_or_data_only	mint ownership and player consumers	Single-mint/social-source and reach economy are not fully implemented
E-011.03	E-011	design/02 §6	Spend lifetime Clout on reach	player	achievement Clout grants and Founder Clout state	terms note only; no social reach surface	13 achievements	backend/data path only; intended player path unavailable: Spend lifetime Clout on reach	cold achievement/production tests	named limitation prevents the larger claim	backend_or_data_only	mint ownership and player consumers	Single-mint/social-source and reach economy are not fully implemented
E-011.04	E-011	design/02 §6	Use run-local Clout through declared production effects	player	achievement Clout grants and Founder Clout state	terms note only; no social reach surface	13 achievements	backend/data path only; intended player path unavailable: Use run-local Clout through declared production effects	cold achievement/production tests	named limitation prevents the larger claim	backend_or_data_only	mint ownership and player consumers	Single-mint/social-source and reach economy are not fully implemented
E-012.01	E-012	design/02 §7	Observe ten independent Trust bars	player	meter/Soul/route fact kernels	none for moral meters/ledger	epoch-8 meters Soul routes	backend/data path only; intended player path unavailable: Observe ten independent Trust bars	cold catalog/replay tests	named limitation prevents the larger claim	backend_or_data_only	full moral content and decorrelation gate	Trust ten-bar model Externality ledger and correlation gate are absent
E-012.02	E-012	design/02 §7	Observe Soul separately from Trust	player	meter/Soul/route fact kernels	none for moral meters/ledger	epoch-8 meters Soul routes	backend/data path only; intended player path unavailable: Observe Soul separately from Trust	cold catalog/replay tests	named limitation prevents the larger claim	backend_or_data_only	full moral content and decorrelation gate	Trust ten-bar model Externality ledger and correlation gate are absent
E-012.03	E-012	design/02 §7	Record Externality as addressed ledger entries	player	meter/Soul/route fact kernels	none for moral meters/ledger	epoch-8 meters Soul routes	backend/data path only; intended player path unavailable: Record Externality as addressed ledger entries	cold catalog/replay tests	named limitation prevents the larger claim	backend_or_data_only	full moral content and decorrelation gate	Trust ten-bar model Externality ledger and correlation gate are absent
E-012.04	E-012	design/02 §7	Keep p-doom as a pressure meter	player	meter/Soul/route fact kernels	none for moral meters/ledger	epoch-8 meters Soul routes	backend/data path only; intended player path unavailable: Keep p-doom as a pressure meter	cold catalog/replay tests	named limitation prevents the larger claim	backend_or_data_only	full moral content and decorrelation gate	Trust ten-bar model Externality ledger and correlation gate are absent
E-012.05	E-012	design/02 §7	Gate routes on dated facts	player	meter/Soul/route fact kernels	none for moral meters/ledger	epoch-8 meters Soul routes	backend/data path only; intended player path unavailable: Gate routes on dated facts	cold catalog/replay tests	named limitation prevents the larger claim	backend_or_data_only	full moral content and decorrelation gate	Trust ten-bar model Externality ledger and correlation gate are absent
E-012.06	E-012	design/02 §7	Gate endings on dated facts	player	meter/Soul/route fact kernels	none for moral meters/ledger	epoch-8 meters Soul routes	backend/data path only; intended player path unavailable: Gate endings on dated facts	cold catalog/replay tests	named limitation prevents the larger claim	backend_or_data_only	full moral content and decorrelation gate	Trust ten-bar model Externality ledger and correlation gate are absent
E-012.07	E-012	design/02 §7	Detect Trust-Soul correlation drift	player	meter/Soul/route fact kernels	none for moral meters/ledger	epoch-8 meters Soul routes	backend/data path only; intended player path unavailable: Detect Trust-Soul correlation drift	cold catalog/replay tests	named limitation prevents the larger claim	backend_or_data_only	full moral content and decorrelation gate	Trust ten-bar model Externality ledger and correlation gate are absent
E-013.01	E-013	design/02 §8	Drain Soul from declared choices	player	Soul transition supports debit but current debit_sources is empty	none mounted	zero deploy-current debit rows	backend/data path only; intended player path unavailable: Drain Soul from declared choices	cold authenticated Recovery lifecycle	named limitation prevents the larger claim	backend_or_data_only	player recovery surface and endgame	Primitive exists but no current drain producer/content
E-013.02	E-013	design/02 §8	Lock human content by Soul band	player	Soul catalog and recovery coordinator	none mounted	three recovery rows; zero debit sources	backend/data path only; intended player path unavailable: Lock human content by Soul band	cold authenticated Recovery lifecycle	named limitation prevents the larger claim	backend_or_data_only	player recovery surface and endgame	Recovery backend exists; drain producers UI and endgame are absent
E-013.03	E-013	design/02 §8	Recover Soul through attended zero-output activity	player	Soul catalog and recovery coordinator	none mounted	three recovery rows; zero debit sources	backend/data path only; intended player path unavailable: Recover Soul through attended zero-output activity	cold authenticated Recovery lifecycle	named limitation prevents the larger claim	backend_or_data_only	player recovery surface and endgame	Recovery backend exists; drain producers UI and endgame are absent
E-013.04	E-013	design/02 §8	Prevent passive idle Soul refill	player	Soul catalog and recovery coordinator	none mounted	three recovery rows; zero debit sources	backend/data path only; intended player path unavailable: Prevent passive idle Soul refill	cold authenticated Recovery lifecycle	named limitation prevents the larger claim	backend_or_data_only	player recovery surface and endgame	Recovery backend exists; drain producers UI and endgame are absent
E-013.05	E-013	design/02 §8	Resolve the terminal ending from Soul	player	none	none	no terminal ending content	unavailable at 190a4fa: Resolve the terminal ending from Soul	none	no production producer-to-consumer path	absent	player recovery surface and endgame	Soul endgame is unimplemented
E-014.01	E-014	design/02 §9	Accrue capped Compute Credits from offline time	player	Compute Credit state/transitions	no HUD or auto-spend consumer	economy policy/state; no return-bonus content	backend/data path only; intended player path unavailable: Accrue capped Compute Credits from offline time	cold replay/parity tests	named limitation prevents the larger claim	backend_or_data_only	HUD/auto-spend/return workflow	Bank primitive does not provide the designed player workflow
E-014.02	E-014	design/02 §9	Spend Compute Credits on chosen acceleration	player	Compute Credit state/transitions	no HUD or auto-spend consumer	economy policy/state; no return-bonus content	backend/data path only; intended player path unavailable: Spend Compute Credits on chosen acceleration	cold replay/parity tests	named limitation prevents the larger claim	backend_or_data_only	HUD/auto-spend/return workflow	Bank primitive does not provide the designed player workflow
E-014.03	E-014	design/02 §9	See banked time in the primary HUD	player	Compute Credit state/transitions	no HUD or auto-spend consumer	economy policy/state; no return-bonus content	backend/data path only; intended player path unavailable: See banked time in the primary HUD	cold replay/parity tests	named limitation prevents the larger claim	backend_or_data_only	HUD/auto-spend/return workflow	Bank primitive does not provide the designed player workflow
E-014.04	E-014	design/02 §9	Opt into automatic Compute Credit spending	player	Compute Credit state/transitions	no HUD or auto-spend consumer	economy policy/state; no return-bonus content	backend/data path only; intended player path unavailable: Opt into automatic Compute Credit spending	cold replay/parity tests	named limitation prevents the larger claim	backend_or_data_only	HUD/auto-spend/return workflow	Bank primitive does not provide the designed player workflow
E-014.05	E-014	design/02 §9	Receive a visible return bonus after absence	player	Compute Credit state/transitions	no HUD or auto-spend consumer	economy policy/state; no return-bonus content	backend/data path only; intended player path unavailable: Receive a visible return bonus after absence	cold replay/parity tests	named limitation prevents the larger claim	backend_or_data_only	HUD/auto-spend/return workflow	Bank primitive does not provide the designed player workflow
E-015.01	E-015	design/02 §10	Complete a daily activity bar with a done state	player	none	none	none	unavailable at 190a4fa: Complete a daily activity bar with a done state	none	no production producer-to-consumer path	absent	future accepted RFCs	binding intent exists; current module/fixture/future design receives no implementation credit
E-015.02	E-015	design/02 §10	Accumulate lifetime streak days without reset	player	none	none	none	unavailable at 190a4fa: Accumulate lifetime streak days without reset	none	no production producer-to-consumer path	absent	future accepted RFCs	binding intent exists; current module/fixture/future design receives no implementation credit
E-015.03	E-015	design/02 §10	Use the published weekly theme calendar	player	none	none	none	unavailable at 190a4fa: Use the published weekly theme calendar	none	no production producer-to-consumer path	absent	future accepted RFCs	binding intent exists; current module/fixture/future design receives no implementation credit
E-015.04	E-015	design/02 §10	Compare with one bracketed weekly rival	player	none	none	none	unavailable at 190a4fa: Compare with one bracketed weekly rival	none	no production producer-to-consumer path	absent	future accepted RFCs	binding intent exists; current module/fixture/future design receives no implementation credit
E-015.05	E-015	design/02 §10	Spend event scrip at posted exchange-shop prices	player	none	none	none	unavailable at 190a4fa: Spend event scrip at posted exchange-shop prices	none	no production producer-to-consumer path	absent	future accepted RFCs	binding intent exists; current module/fixture/future design receives no implementation credit
E-015.06	E-015	design/02 §10	Auto-convert leftover event scrip	player	none	none	none	unavailable at 190a4fa: Auto-convert leftover event scrip	none	no production producer-to-consumer path	absent	future accepted RFCs	binding intent exists; current module/fixture/future design receives no implementation credit
E-015.07	E-015	design/02 §10	Keep daily systems from gating tier or Fiscal progress	player	none	none	none	unavailable at 190a4fa: Keep daily systems from gating tier or Fiscal progress	none	no production producer-to-consumer path	absent	future accepted RFCs	binding intent exists; current module/fixture/future design receives no implementation credit
E-016.01	E-016	design/02 §11	Reach the first generator within target	player	balance harness scenarios	developer measurement only	historical T0-T1 evidence	partial current path for: Reach the first generator within target	current hosted R-001 run is invalid	named limitation prevents the larger claim	blocked	R-001 plus later-tier scenarios	The current coordinate cannot inherit a pass from historical evidence; valid complete rerun is blocked
E-016.02	E-016	design/02 §11	Reach Tier 1 within target	player	balance harness scenarios	developer measurement only	historical T0-T1 evidence	partial current path for: Reach Tier 1 within target	current hosted R-001 run is invalid	named limitation prevents the larger claim	blocked	R-001 plus later-tier scenarios	The current coordinate cannot inherit a pass from historical evidence; valid complete rerun is blocked
E-016.03	E-016	design/02 §11	Reach the first minigame within target	player	missing complete current content/measurement	developer harness only	no complete milestone population	unavailable at 190a4fa: Reach the first minigame within target	none valid at current coordinate	no production producer-to-consumer path	absent	R-001 plus later-tier scenarios	Content and/or valid current measurement needed for this target is absent
E-016.04	E-016	design/02 §11	Reach the first elective Exit within target	player	missing complete current content/measurement	developer harness only	no complete milestone population	unavailable at 190a4fa: Reach the first elective Exit within target	none valid at current coordinate	no production producer-to-consumer path	absent	R-001 plus later-tier scenarios	Content and/or valid current measurement needed for this target is absent
E-016.05	E-016	design/02 §11	Reach Tier 3 within target	player	missing complete current content/measurement	developer harness only	no complete milestone population	unavailable at 190a4fa: Reach Tier 3 within target	none valid at current coordinate	no production producer-to-consumer path	absent	R-001 plus later-tier scenarios	Content and/or valid current measurement needed for this target is absent
E-016.06	E-016	design/02 §11	Establish the first Earnings Call within target	player	missing complete current content/measurement	developer harness only	no complete milestone population	unavailable at 190a4fa: Establish the first Earnings Call within target	none valid at current coordinate	no production producer-to-consumer path	absent	R-001 plus later-tier scenarios	Content and/or valid current measurement needed for this target is absent
E-016.07	E-016	design/02 §11	Reach Tier 4 within target	player	missing complete current content/measurement	developer harness only	no complete milestone population	unavailable at 190a4fa: Reach Tier 4 within target	none valid at current coordinate	no production producer-to-consumer path	absent	R-001 plus later-tier scenarios	Content and/or valid current measurement needed for this target is absent
E-016.08	E-016	design/02 §11	Reach Tier 5 within target	player	missing complete current content/measurement	developer harness only	no complete milestone population	unavailable at 190a4fa: Reach Tier 5 within target	none valid at current coordinate	no production producer-to-consumer path	absent	R-001 plus later-tier scenarios	Content and/or valid current measurement needed for this target is absent
E-016.09	E-016	design/02 §11	Reach Tier 6 within target	player	missing complete current content/measurement	developer harness only	no complete milestone population	unavailable at 190a4fa: Reach Tier 6 within target	none valid at current coordinate	no production producer-to-consumer path	absent	R-001 plus later-tier scenarios	Content and/or valid current measurement needed for this target is absent
E-016.10	E-016	design/02 §11	Reach the first ending within target	player	missing complete current content/measurement	developer harness only	no complete milestone population	unavailable at 190a4fa: Reach the first ending within target	none valid at current coordinate	no production producer-to-consumer path	absent	R-001 plus later-tier scenarios	Content and/or valid current measurement needed for this target is absent
E-017.01	E-017	design/02 §11b	Keep each purchasable relevant to at least one persona	player	relevance policy/harness	developer report only	T0-T1 relevance policies	partial current path for: Keep each purchasable relevant to at least one persona	local bounded checks; hosted complete run invalid	named limitation prevents the larger claim	partial_integration	R-001 current-head validity	No valid complete current-head persona population or published epoch table
E-017.02	E-017	design/02 §11b	Detect trap purchases in the reference persona	player	relevance policy/harness	developer report only	T0-T1 relevance policies	partial current path for: Detect trap purchases in the reference persona	local bounded checks; hosted complete run invalid	named limitation prevents the larger claim	partial_integration	R-001 current-head validity	No valid complete current-head persona population or published epoch table
E-017.03	E-017	design/02 §11b	Publish per-tier contribution shares by epoch	player	developer relevance report only	none published to players/community	no valid complete current-head epoch table	unavailable at 190a4fa: Publish per-tier contribution shares by epoch	current hosted complete run invalid	no production producer-to-consumer path	absent	R-001 current-head validity	No published per-tier contribution-share table for a valid current epoch
E-018.01	E-018	design/02 §12	Preserve Go and TypeScript big-number parity	player	Go Decimal and break_infinity client	wire/save/cross-runtime consumers	shared golden vectors	current bounded foundation path for: Preserve Go and TypeScript big-number parity	cold Go/client golden suites and NaN refusal tests	named limitation prevents the larger claim	proven_bounded_primitive	preserve golden vectors	Exact numeric contract only; not general gameplay proof
E-018.02	E-018	design/02 §12	Use canonical decimal strings on the wire	player	Go Decimal and break_infinity client	wire/save/cross-runtime consumers	shared golden vectors	current bounded foundation path for: Use canonical decimal strings on the wire	cold Go/client golden suites and NaN refusal tests	named limitation prevents the larger claim	proven_bounded_primitive	preserve golden vectors	Exact numeric contract only; not general gameplay proof
E-018.03	E-018	design/02 §12	Refuse to persist NaN state	player	Go Decimal and break_infinity client	wire/save/cross-runtime consumers	shared golden vectors	current bounded foundation path for: Refuse to persist NaN state	cold Go/client golden suites and NaN refusal tests	named limitation prevents the larger claim	proven_bounded_primitive	preserve golden vectors	Exact numeric contract only; not general gameplay proof
M-001.01	M-001	design/03 contract	Declare the clock for every minigame	player	minigame API/session/policy framework	no mounted minigame surface	Pitch tenant only	backend/data path only; intended player path unavailable: Declare the clock for every minigame	cold Postgres Pitch/Recovery lifecycle	named limitation prevents the larger claim	backend_or_data_only	per-minigame implementation matrix	Framework fields are not satisfied for every designed minigame
M-001.02	M-001	design/03 contract	Declare the economy hook for every minigame	player	minigame API/session/policy framework	no mounted minigame surface	Pitch tenant only	backend/data path only; intended player path unavailable: Declare the economy hook for every minigame	cold Postgres Pitch/Recovery lifecycle	named limitation prevents the larger claim	backend_or_data_only	per-minigame implementation matrix	Framework fields are not satisfied for every designed minigame
M-001.03	M-001	design/03 contract	Provide an honest fallback for every multiplayer minigame	player	minigame API/session/policy framework	no mounted minigame surface	Pitch tenant only	backend/data path only; intended player path unavailable: Provide an honest fallback for every multiplayer minigame	cold Postgres Pitch/Recovery lifecycle	named limitation prevents the larger claim	backend_or_data_only	per-minigame implementation matrix	Framework fields are not satisfied for every designed minigame
M-001.04	M-001	design/03 contract	Stagger minigame unlocks	player	minigame API/session/policy framework	no mounted minigame surface	Pitch tenant only	backend/data path only; intended player path unavailable: Stagger minigame unlocks	cold Postgres Pitch/Recovery lifecycle	named limitation prevents the larger claim	backend_or_data_only	per-minigame implementation matrix	Framework fields are not satisfied for every designed minigame
M-001.05	M-001	design/03 contract	Persist minigame state and results	player	minigame API/session/policy framework	no mounted minigame surface	Pitch tenant only	backend/data path only; intended player path unavailable: Persist minigame state and results	cold Postgres Pitch/Recovery lifecycle	named limitation prevents the larger claim	backend_or_data_only	per-minigame implementation matrix	Framework fields are not satisfied for every designed minigame
M-001.06	M-001	design/03 contract	Freeze scaling inputs at session creation	player	minigame API/session/policy framework	no mounted minigame surface	Pitch tenant only	backend/data path only; intended player path unavailable: Freeze scaling inputs at session creation	cold Postgres Pitch/Recovery lifecycle	named limitation prevents the larger claim	backend_or_data_only	per-minigame implementation matrix	Framework fields are not satisfied for every designed minigame
M-001.07	M-001	design/03 contract	Apply offline-quality policy	player	minigame API/session/policy framework	no mounted minigame surface	Pitch tenant only	backend/data path only; intended player path unavailable: Apply offline-quality policy	cold Postgres Pitch/Recovery lifecycle	named limitation prevents the larger claim	backend_or_data_only	per-minigame implementation matrix	Framework fields are not satisfied for every designed minigame
M-002.01	M-002	design/03 §1	Server Garden	player	none	none	none	unavailable at 190a4fa: Server Garden	none	no production producer-to-consumer path	absent	future RFC	binding intent exists; current module/fixture/future design receives no implementation credit
M-003.01	M-003	design/03 §2	Advisory Board	player	none	none	none	unavailable at 190a4fa: Advisory Board	none	no production producer-to-consumer path	absent	future RFC	binding intent exists; current module/fixture/future design receives no implementation credit
M-004.01	M-004	design/03 §3	Ship-It Spellbook	player	none	none	none	unavailable at 190a4fa: Ship-It Spellbook	none	no production producer-to-consumer path	absent	future RFC	binding intent exists; current module/fixture/future design receives no implementation credit
M-005.01	M-005	design/03 §4	The Market	player	none	none	none	unavailable at 190a4fa: The Market	none	no production producer-to-consumer path	absent	future RFC	binding intent exists; current module/fixture/future design receives no implementation credit
M-006.01	M-006	design/03 §5	Play each designed board game	player	none	none	none	unavailable at 190a4fa: Play each designed board game	none	no production producer-to-consumer path	absent	research/license checks and future RFC	binding intent exists; current module/fixture/future design receives no implementation credit
M-006.02	M-006	design/03 §5	Enter flat ranked board-game play	player	none	none	none	unavailable at 190a4fa: Enter flat ranked board-game play	none	no production producer-to-consumer path	absent	research/license checks and future RFC	binding intent exists; current module/fixture/future design receives no implementation credit
M-006.03	M-006	design/03 §5	Receive bot matchmaking for board games	player	none	none	none	unavailable at 190a4fa: Receive bot matchmaking for board games	none	no production producer-to-consumer path	absent	research/license checks and future RFC	binding intent exists; current module/fixture/future design receives no implementation credit
M-007.01	M-007	design/03 §5b	Enter a regional parlor	player	none	none	none	unavailable at 190a4fa: Enter a regional parlor	none	no production producer-to-consumer path	absent	milestone/content decisions and RFC graph	binding intent exists; current module/fixture/future design receives no implementation credit
M-007.02	M-007	design/03 §5b	Use social parlor rituals	player	none	none	none	unavailable at 190a4fa: Use social parlor rituals	none	no production producer-to-consumer path	absent	milestone/content decisions and RFC graph	binding intent exists; current module/fixture/future design receives no implementation credit
M-007.03	M-007	design/03 §5b	Play the declared parlor game taxonomy	player	none	none	none	unavailable at 190a4fa: Play the declared parlor game taxonomy	none	no production producer-to-consumer path	absent	milestone/content decisions and RFC graph	binding intent exists; current module/fixture/future design receives no implementation credit
M-008.01	M-008	design/03 missing §5c	Zero-reward cozy minigames as sole Soul recovery source	player	Soul recovery coordinator	none mounted	three zero-output recovery activities	backend/data path only; intended player path unavailable: Zero-reward cozy minigames as sole Soul recovery source	cold authenticated recovery lifecycle	named limitation prevents the larger claim	backend_or_data_only	RP-017 author reconciliation	Backend/data exists; missing design section and player cozy surface prevent integration
M-009.01	M-009	design/03 §6	Incident Response	player	none	none	none	unavailable at 190a4fa: Incident Response	none	no production producer-to-consumer path	absent	future RFC	binding intent exists; current module/fixture/future design receives no implementation credit
M-010.01	M-010	design/03 §7	Terminal Typer	player	none	none	none	unavailable at 190a4fa: Terminal Typer	none	no production producer-to-consumer path	absent	future RFC	binding intent exists; current module/fixture/future design receives no implementation credit
M-011.01	M-011	design/03 §8	Open the Demo Disc Arcade	player	static Demo Disc satire copy	Game UI Desk satire panels	mounted copy only	fixture/static client path only: Open the Demo Disc Arcade	browser render fixture	named limitation prevents the larger claim	client_or_fixture_only	RP-017 plus actual minigame/content RFC	No arcade tenant is playable
M-011.02	M-011	design/03 §8	Play a real arcade tenant from the Demo Disc	player	static Demo Disc satire copy	Game UI Desk satire panels	mounted copy only	fixture/static client path only: Play a real arcade tenant from the Demo Disc	browser render fixture	named limitation prevents the larger claim	client_or_fixture_only	RP-017 plus actual minigame/content RFC	No arcade tenant is playable
M-012.01	M-012	design/03 §9	Bakery Inc.	player	none	none	none	unavailable at 190a4fa: Bakery Inc.	none	no production producer-to-consumer path	absent	future RFC	binding intent exists; current module/fixture/future design receives no implementation credit
M-013.01	M-013	design/03 §10	Play the lane-pusher minigame	player	Combat arithmetic/RNG/chart kernel	none	no Lane catalog	backend/data path only; intended player path unavailable: Play the lane-pusher minigame	cold Go/TS mutation-proven kernel tests	named limitation prevents the larger claim	backend_or_data_only	combat parent/child RFCs	Shared arithmetic is not a Lane engine
M-013.02	M-013	design/03 §10	Receive an honest lane-pusher bot opponent	player	Combat arithmetic/RNG/chart kernel	none	no Lane catalog	backend/data path only; intended player path unavailable: Receive an honest lane-pusher bot opponent	cold Go/TS mutation-proven kernel tests	named limitation prevents the larger claim	backend_or_data_only	combat parent/child RFCs	Shared arithmetic is not a Lane engine
M-014.01	M-014	design/03 §10b	Play a pet battle	player	Combat arithmetic and pet input projection	none	pet policy only	backend/data path only; intended player path unavailable: Play a pet battle	cold kernel/pet tests	named limitation prevents the larger claim	backend_or_data_only	combat parent/child RFCs	No battle engine content surface or bot
M-014.02	M-014	design/03 §10b	Receive an honest pet-battle bot opponent	player	Combat arithmetic and pet input projection	none	pet policy only	backend/data path only; intended player path unavailable: Receive an honest pet-battle bot opponent	cold kernel/pet tests	named limitation prevents the larger claim	backend_or_data_only	combat parent/child RFCs	No battle engine content surface or bot
M-015.01	M-015	design/03 §12a	Complete a five-minute daily minigame session	player	none	none	none	unavailable at 190a4fa: Complete a five-minute daily minigame session	none	no production producer-to-consumer path	absent	future RFC	binding intent exists; current module/fixture/future design receives no implementation credit
M-015.02	M-015	design/03 §12a	Stop without losing progress or rewards after the daily session	player	none	none	none	unavailable at 190a4fa: Stop without losing progress or rewards after the daily session	none	no production producer-to-consumer path	absent	future RFC	binding intent exists; current module/fixture/future design receives no implementation credit
M-016.01	M-016	design/03 §12b	Freeze tier scaling inputs at minigame creation	player	minigame scaling and offline-quality kernels	none mounted	Pitch minigame policy	backend/data path only; intended player path unavailable: Freeze tier scaling inputs at minigame creation	cold parity/replay tests	named limitation prevents the larger claim	backend_or_data_only	platform body reconciliation and player consumers	No player-visible decay/application and accepted body remains stale
M-016.02	M-016	design/03 §12b	Apply declared fairness bounds	player	minigame scaling and offline-quality kernels	none mounted	Pitch minigame policy	backend/data path only; intended player path unavailable: Apply declared fairness bounds	cold parity/replay tests	named limitation prevents the larger claim	backend_or_data_only	platform body reconciliation and player consumers	No player-visible decay/application and accepted body remains stale
M-016.03	M-016	design/03 §12b	Decay offline automation quality visibly	player	minigame scaling and offline-quality kernels	none mounted	Pitch minigame policy	backend/data path only; intended player path unavailable: Decay offline automation quality visibly	cold parity/replay tests	named limitation prevents the larger claim	backend_or_data_only	platform body reconciliation and player consumers	No player-visible decay/application and accepted body remains stale
M-017.01	M-017	archived Pitch RFC/The Pitch design seam	Create and play a Pitch session	player	Pitch tenant/session coordinator	none mounted	epoch-8 Pitch/minigame API	backend/data path only; intended player path unavailable: Create and play a Pitch session	cold real-Postgres create-reconnect-command-terminal path	named limitation prevents the larger claim	backend_or_data_only	Minigame API Surface MA-C9	Backend lifecycle proven; production HTTP client/table/return surface absent
M-017.02	M-017	archived Pitch RFC/The Pitch design seam	Reconnect to an in-progress Pitch session	player	Pitch tenant/session coordinator	none mounted	epoch-8 Pitch/minigame API	backend/data path only; intended player path unavailable: Reconnect to an in-progress Pitch session	cold real-Postgres create-reconnect-command-terminal path	named limitation prevents the larger claim	backend_or_data_only	Minigame API Surface MA-C9	Backend lifecycle proven; production HTTP client/table/return surface absent
M-017.03	M-017	archived Pitch RFC/The Pitch design seam	Resolve Pitch rewards	player	Pitch tenant/session coordinator	none mounted	epoch-8 Pitch/minigame API	backend/data path only; intended player path unavailable: Resolve Pitch rewards	cold real-Postgres create-reconnect-command-terminal path	named limitation prevents the larger claim	backend_or_data_only	Minigame API Surface MA-C9	Backend lifecycle proven; production HTTP client/table/return surface absent
M-017.04	M-017	archived Pitch RFC/The Pitch design seam	Complete Pitch through a mounted player surface	player	Pitch backend	none	Pitch artifact	unavailable at 190a4fa: Complete Pitch through a mounted player surface	none	no production producer-to-consumer path	absent	Minigame API Surface MA-C9	No mounted Pitch surface
P-001.01	P-001	design/04 §1	Acquire a Founder companion	player	none acquisition owner	none	policy only	unavailable at 190a4fa: Acquire a Founder companion	none	no production producer-to-consumer path	absent	acquisition and UI workflow RFC	No path creates a player companion
P-001.02	P-001	design/04 §1	Apply offline-safe pet care decay	player	pet catalog/state/decay/care kernels	none mounted	epoch-8 pet policy	backend/data path only; intended player path unavailable: Apply offline-safe pet care decay	cold pet/replay tests	named limitation prevents the larger claim	backend_or_data_only	acquisition and UI workflow RFC	No acquisition or visible companion workflow
P-001.03	P-001	design/04 §1	Perform a pet care action	player	pet catalog/state/decay/care kernels	none mounted	epoch-8 pet policy	backend/data path only; intended player path unavailable: Perform a pet care action	cold pet/replay tests	named limitation prevents the larger claim	backend_or_data_only	acquisition and UI workflow RFC	No acquisition or visible companion workflow
P-001.04	P-001	design/04 §1	Observe pet behavior state	player	pet catalog/state/decay/care kernels	none mounted	epoch-8 pet policy	backend/data path only; intended player path unavailable: Observe pet behavior state	cold pet/replay tests	named limitation prevents the larger claim	backend_or_data_only	acquisition and UI workflow RFC	No acquisition or visible companion workflow
P-001.05	P-001	design/04 §1	Observe pet bond or trust	player	pet catalog/state/decay/care kernels	none mounted	epoch-8 pet policy	backend/data path only; intended player path unavailable: Observe pet bond or trust	cold pet/replay tests	named limitation prevents the larger claim	backend_or_data_only	acquisition and UI workflow RFC	No acquisition or visible companion workflow
P-002.01	P-002	design/04 §2	Resolve a hardcapped pet battle	player	Combat arithmetic plus pet input projection	none	no battle catalog	backend/data path only; intended player path unavailable: Resolve a hardcapped pet battle	cold kernel tests	named limitation prevents the larger claim	backend_or_data_only	combat RFC sequence	No pet-battle engine surface or bot
P-002.02	P-002	design/04 §2	Apply care state to battle reliability	player	Combat arithmetic plus pet input projection	none	no battle catalog	backend/data path only; intended player path unavailable: Apply care state to battle reliability	cold kernel tests	named limitation prevents the larger claim	backend_or_data_only	combat RFC sequence	No pet-battle engine surface or bot
P-002.03	P-002	design/04 §2	Play pet battles against an honest bot	player	Combat arithmetic plus pet input projection	none	no battle catalog	backend/data path only; intended player path unavailable: Play pet battles against an honest bot	cold kernel tests	named limitation prevents the larger claim	backend_or_data_only	combat RFC sequence	No pet-battle engine surface or bot
P-003.01	P-003	design/04 §3	Decorate a cosmetic house	player	none	none	none	unavailable at 190a4fa: Decorate a cosmetic house	none	no production producer-to-consumer path	absent	future RFC	binding intent exists; current module/fixture/future design receives no implementation credit
P-003.02	P-003	design/04 §3	Visit another player's house without destructive interaction	player	none	none	none	unavailable at 190a4fa: Visit another player's house without destructive interaction	none	no production producer-to-consumer path	absent	future RFC	binding intent exists; current module/fixture/future design receives no implementation credit
P-004.01	P-004	design/04 §4	Open a free cosmetic lootbox	player	none	static cosmetic card only	no lootbox/reward inventory	unavailable at 190a4fa: Open a free cosmetic lootbox	none	no production producer-to-consumer path	absent	catalog/acquisition/UI/legal proof	Copy parody does not implement lootbox, odds, or equipment
P-004.02	P-004	design/04 §4	See exact cosmetic odds	player	none	static cosmetic card only	no lootbox/reward inventory	unavailable at 190a4fa: See exact cosmetic odds	none	no production producer-to-consumer path	absent	catalog/acquisition/UI/legal proof	Copy parody does not implement lootbox, odds, or equipment
P-004.03	P-004	design/04 §4	See the cosmetic dark-pattern disclosure	player	governed cosmetic copy	mounted static horse-armor card	free price/disclosure copy	partial current path for: See the cosmetic dark-pattern disclosure	browser render and copy audit	named limitation prevents the larger claim	partial_integration	catalog/acquisition/UI/legal proof	Disclosure is visible but no acquisition mechanic exists
P-004.04	P-004	design/04 §4	Equip a cosmetic reward	player	none	static cosmetic card only	no lootbox/reward inventory	unavailable at 190a4fa: Equip a cosmetic reward	none	no production producer-to-consumer path	absent	catalog/acquisition/UI/legal proof	Copy parody does not implement lootbox, odds, or equipment
P-005.01	P-005	design/04 §5	Breed cosmetic pet traits	player	none	none	none	unavailable at 190a4fa: Breed cosmetic pet traits	none	no production producer-to-consumer path	absent	future RFC	binding intent exists; current module/fixture/future design receives no implementation credit
P-005.02	P-005	design/04 §5	Retire an elder pet without punitive loss	player	none	none	none	unavailable at 190a4fa: Retire an elder pet without punitive loss	none	no production producer-to-consumer path	absent	future RFC	binding intent exists; current module/fixture/future design receives no implementation credit
P-006.01	P-006	design/04 §6	Render a pet from CSS parts	player	none	none	none	unavailable at 190a4fa: Render a pet from CSS parts	none	no production producer-to-consumer path	absent	client/rendering RFC	binding intent exists; current module/fixture/future design receives no implementation credit
P-006.02	P-006	design/04 §6	Respect reduced motion in creature rendering	player	none	none	none	unavailable at 190a4fa: Respect reduced motion in creature rendering	none	no production producer-to-consumer path	absent	client/rendering RFC	binding intent exists; current module/fixture/future design receives no implementation credit
S-001.01	S-001	design/05 §1	Contribute to a global milestone	player	world aggregation and Commons contribution primitives	no milestone player surface	commons policy; no milestone content	backend/data path only; intended player path unavailable: Contribute to a global milestone	cold backend tests	named limitation prevents the larger claim	backend_or_data_only	World/Events accepted RFCs and telemetry research	No global milestone lifecycle or NPC mercy consumer
S-001.02	S-001	design/05 §1	Receive a personal contribution reward	player	world aggregation and Commons contribution primitives	no milestone player surface	commons policy; no milestone content	backend/data path only; intended player path unavailable: Receive a personal contribution reward	cold backend tests	named limitation prevents the larger claim	backend_or_data_only	World/Events accepted RFCs and telemetry research	No global milestone lifecycle or NPC mercy consumer
S-001.03	S-001	design/05 §1	Unlock a global milestone tier	player	world aggregation and Commons contribution primitives	no milestone player surface	commons policy; no milestone content	backend/data path only; intended player path unavailable: Unlock a global milestone tier	cold backend tests	named limitation prevents the larger claim	backend_or_data_only	World/Events accepted RFCs and telemetry research	No global milestone lifecycle or NPC mercy consumer
S-001.04	S-001	design/05 §1	Observe canonical milestone failure	player	world aggregation and Commons contribution primitives	no milestone player surface	commons policy; no milestone content	backend/data path only; intended player path unavailable: Observe canonical milestone failure	cold backend tests	named limitation prevents the larger claim	backend_or_data_only	World/Events accepted RFCs and telemetry research	No global milestone lifecycle or NPC mercy consumer
S-001.05	S-001	design/05 §1	Receive mercy-scaled NPC contribution	player	world aggregation and Commons contribution primitives	no milestone player surface	commons policy; no milestone content	backend/data path only; intended player path unavailable: Receive mercy-scaled NPC contribution	cold backend tests	named limitation prevents the larger claim	backend_or_data_only	World/Events accepted RFCs and telemetry research	No global milestone lifecycle or NPC mercy consumer
S-002.01	S-002	design/05 §2	Read a live activity feed	player	transport primitives only	none for this outcome	no feed/ghost/NPC content	unavailable at 190a4fa: Read a live activity feed	none	no production producer-to-consumer path	absent	Feed/World UI and real content	Presence transport does not implement this outcome
S-002.02	S-002	design/05 §2	Observe truthful live world counters	player	transport presence/world updates	mounted visitor counter	live count only	partial current path for: Observe truthful live world counters	composed browser presence	named limitation prevents the larger claim	partial_integration	Feed/World UI and real content	One counter is not full truthful world-counter coverage
S-002.03	S-002	design/05 §2	See player ghosts without exposing hidden data	player	transport primitives only	none for this outcome	no feed/ghost/NPC content	unavailable at 190a4fa: See player ghosts without exposing hidden data	none	no production producer-to-consumer path	absent	Feed/World UI and real content	Presence transport does not implement this outcome
S-002.04	S-002	design/05 §2	See labeled NPC activity when population is low	player	transport primitives only	none for this outcome	no feed/ghost/NPC content	unavailable at 190a4fa: See labeled NPC activity when population is low	none	no production producer-to-consumer path	absent	Feed/World UI and real content	Presence transport does not implement this outcome
S-003.01	S-003	design/05 §3	Create join leave and dissolve a guild	player	guild membership/tithe/clearing jobs	none mounted	epoch-8 guild policy	backend/data path only; intended player path unavailable: Create join leave and dissolve a guild	cold Postgres guild tests	named limitation prevents the larger claim	backend_or_data_only	Commons Onboarding acceptance and UI	Lifecycle backend lacks exchange ritual NPC network and player UI
S-003.02	S-003	design/05 §3	Exchange guild resources through declared verbs	player	guild membership/tithe/clearing jobs	none mounted	epoch-8 guild policy	backend/data path only; intended player path unavailable: Exchange guild resources through declared verbs	cold Postgres guild tests	named limitation prevents the larger claim	backend_or_data_only	Commons Onboarding acceptance and UI	Lifecycle backend lacks exchange ritual NPC network and player UI
S-003.03	S-003	design/05 §3	Participate in a weekly guild ritual	player	guild membership/tithe/clearing jobs	none mounted	epoch-8 guild policy	backend/data path only; intended player path unavailable: Participate in a weekly guild ritual	cold Postgres guild tests	named limitation prevents the larger claim	backend_or_data_only	Commons Onboarding acceptance and UI	Lifecycle backend lacks exchange ritual NPC network and player UI
S-003.04	S-003	design/05 §3	Interact with an NPC guild network	player	guild membership/tithe/clearing jobs	none mounted	epoch-8 guild policy	backend/data path only; intended player path unavailable: Interact with an NPC guild network	cold Postgres guild tests	named limitation prevents the larger claim	backend_or_data_only	Commons Onboarding acceptance and UI	Lifecycle backend lacks exchange ritual NPC network and player UI
S-004.01	S-004	design/05 §4	Play non-destructive direct PvP	player	shared minigame session and Combat kernels only	none	no direct-PvP content	unavailable at 190a4fa: Play non-destructive direct PvP	kernel/platform tests only	no production producer-to-consumer path	absent	combat/minigame/social RFCs	A platform/kernel is not a non-destructive PvP mode or fallback
S-004.02	S-004	design/05 §4	Receive honest bot fallback for each PvP mode	player	shared minigame session and Combat kernels only	none	no direct-PvP content	unavailable at 190a4fa: Receive honest bot fallback for each PvP mode	kernel/platform tests only	no production producer-to-consumer path	absent	combat/minigame/social RFCs	A platform/kernel is not a non-destructive PvP mode or fallback
S-005.01	S-005	design/05 §5	Enter the Commons from a player surface	player	Commons projection/cohort/formula primitives	none mounted	epoch-8 Commons	backend/data path only; intended player path unavailable: Enter the Commons from a player surface	cold Commons/production tests	named limitation prevents the larger claim	backend_or_data_only	Commons Onboarding accepted RFC and UI	No onboarding/governance/front-door consumer
S-005.02	S-005	design/05 §5	Choose Commons governance actions	player	Commons projection/cohort/formula primitives	none mounted	epoch-8 Commons	backend/data path only; intended player path unavailable: Choose Commons governance actions	cold Commons/production tests	named limitation prevents the larger claim	backend_or_data_only	Commons Onboarding accepted RFC and UI	No onboarding/governance/front-door consumer
S-005.03	S-005	design/05 §5	Receive a stable cohort assignment	player	Commons projection/cohort/formula primitives	none mounted	epoch-8 Commons	backend/data path only; intended player path unavailable: Receive a stable cohort assignment	cold Commons/production tests	named limitation prevents the larger claim	backend_or_data_only	Commons Onboarding accepted RFC and UI	No onboarding/governance/front-door consumer
S-005.04	S-005	design/05 §5	Inspect the published Commons formula	player	Commons projection/cohort/formula primitives	none mounted	epoch-8 Commons	backend/data path only; intended player path unavailable: Inspect the published Commons formula	cold Commons/production tests	named limitation prevents the larger claim	backend_or_data_only	Commons Onboarding accepted RFC and UI	No onboarding/governance/front-door consumer
S-006.01	S-006	design/05 §6	Submit a verified run to a board	player	leaderboard/route/replay projectors	no public reader or player UI	five categories and route data	backend/data path only; intended player path unavailable: Submit a verified run to a board	cold projection/replay tests	named limitation prevents the larger claim	backend_or_data_only	Leaderboards/API/UI closeout	Submission/browse/public evidence workflows and exact closeout are incomplete
S-006.02	S-006	design/05 §6	Browse derived leaderboard ranks	player	leaderboard/route/replay projectors	no public reader or player UI	five categories and route data	backend/data path only; intended player path unavailable: Browse derived leaderboard ranks	cold projection/replay tests	named limitation prevents the larger claim	backend_or_data_only	Leaderboards/API/UI closeout	Submission/browse/public evidence workflows and exact closeout are incomplete
S-006.03	S-006	design/05 §6	Choose a declared run category	player	leaderboard/route/replay projectors	no public reader or player UI	five categories and route data	backend/data path only; intended player path unavailable: Choose a declared run category	cold projection/replay tests	named limitation prevents the larger claim	backend_or_data_only	Leaderboards/API/UI closeout	Submission/browse/public evidence workflows and exact closeout are incomplete
S-006.04	S-006	design/05 §6	Register and execute named routes	player	leaderboard/route/replay projectors	no public reader or player UI	five categories and route data	backend/data path only; intended player path unavailable: Register and execute named routes	cold projection/replay tests	named limitation prevents the larger claim	backend_or_data_only	Leaderboards/API/UI closeout	Submission/browse/public evidence workflows and exact closeout are incomplete
S-006.05	S-006	design/05 §6	Inspect public run evidence	player	leaderboard/route/replay projectors	no public reader or player UI	five categories and route data	backend/data path only; intended player path unavailable: Inspect public run evidence	cold projection/replay tests	named limitation prevents the larger claim	backend_or_data_only	Leaderboards/API/UI closeout	Submission/browse/public evidence workflows and exact closeout are incomplete
S-007.01	S-007	design/05 §8	Optional Discord embedding	player	none	none	none	unavailable at 190a4fa: Optional Discord embedding	none	no production producer-to-consumer path	absent	no current action	binding intent exists; current module/fixture/future design receives no implementation credit
S-008.01	S-008	design/05 UGC ownership	Retain ownership of player-authored content	content author	owner policy prose only	none	no UGC object/schema	unavailable at 190a4fa: Retain ownership of player-authored content	none	no production producer-to-consumer path	claimed_only	legal copy plus schema enforcement before UGC	Ownership decision is not executable attribution or fork lineage
S-008.02	S-008	design/05 UGC ownership	Receive attribution for player-authored content	content author	owner policy prose only	none	no UGC object/schema	unavailable at 190a4fa: Receive attribution for player-authored content	none	no production producer-to-consumer path	claimed_only	legal copy plus schema enforcement before UGC	Ownership decision is not executable attribution or fork lineage
S-008.03	S-008	design/05 UGC ownership	Preserve fork lineage for player-authored content	content author	owner policy prose only	none	no UGC object/schema	unavailable at 190a4fa: Preserve fork lineage for player-authored content	none	no production producer-to-consumer path	claimed_only	legal copy plus schema enforcement before UGC	Ownership decision is not executable attribution or fork lineage
A-001.01	A-001	design/06 stack	Run the authoritative Go game server	content author	gameserver/Postgres/Svelte/Centrifuge/chi components	browser consumes four operations	repository-disk epoch artifacts	current bounded foundation path for: Run the authoritative Go game server	cold build/composed browser/backend tests	named limitation prevents the larger claim	proven_bounded_primitive	Astro/Caddy/deploy and runtime topology gaps	Astro Caddy production Compose/static packaging are absent
A-001.02	A-001	design/06 stack	Persist production state in Postgres	player	gameserver/Postgres/Svelte/Centrifuge/chi components	browser consumes four operations	repository-disk epoch artifacts	current bounded foundation path for: Persist production state in Postgres	cold build/composed browser/backend tests	named limitation prevents the larger claim	proven_bounded_primitive	Astro/Caddy/deploy and runtime topology gaps	Astro Caddy production Compose/static packaging are absent
A-001.03	A-001	design/06 stack	Use the Svelte browser application	player	gameserver/Postgres/Svelte/Centrifuge/chi components	browser consumes four operations	repository-disk epoch artifacts	current bounded foundation path for: Use the Svelte browser application	cold build/composed browser/backend tests	named limitation prevents the larger claim	proven_bounded_primitive	Astro/Caddy/deploy and runtime topology gaps	Astro Caddy production Compose/static packaging are absent
A-001.04	A-001	design/06 stack	Receive realtime updates through Centrifuge	player	gameserver/Postgres/Svelte/Centrifuge/chi components	browser consumes four operations	repository-disk epoch artifacts	current bounded foundation path for: Receive realtime updates through Centrifuge	cold build/composed browser/backend tests	named limitation prevents the larger claim	proven_bounded_primitive	Astro/Caddy/deploy and runtime topology gaps	Astro Caddy production Compose/static packaging are absent
A-001.05	A-001	design/06 stack	Serve site pages through Astro	operator	none in production package	none	test-only Compose; no Astro/Caddy production files	unavailable at 190a4fa: Serve site pages through Astro	none	no production producer-to-consumer path	absent	Astro/Caddy/deploy and runtime topology gaps	Selected stack component is not implemented/deployed
A-001.06	A-001	design/06 stack	Proxy production traffic through Caddy	operator	none in production package	none	test-only Compose; no Astro/Caddy production files	unavailable at 190a4fa: Proxy production traffic through Caddy	none	no production producer-to-consumer path	absent	Astro/Caddy/deploy and runtime topology gaps	Selected stack component is not implemented/deployed
A-001.07	A-001	design/06 stack	Deploy the production stack through Compose	operator	none in production package	none	test-only Compose; no Astro/Caddy production files	unavailable at 190a4fa: Deploy the production stack through Compose	none	no production producer-to-consumer path	absent	Astro/Caddy/deploy and runtime topology gaps	Selected stack component is not implemented/deployed
A-002.01	A-002	design/06 idle math	Evaluate idle production lazily from elapsed time	player	lazy production kernel and prediction worker	server intents plus Game UI prediction	epoch-8 economy	current bounded foundation path for: Evaluate idle production lazily from elapsed time	cross-runtime/offline/composed tests	named limitation prevents the larger claim	proven_bounded_primitive	threshold mechanics audit	Bounded current T0-T1 math; prediction is never authoritative
A-002.02	A-002	design/06 idle math	Keep authoritative production on the server	content author	lazy production kernel and prediction worker	server intents plus Game UI prediction	epoch-8 economy	current bounded foundation path for: Keep authoritative production on the server	cross-runtime/offline/composed tests	named limitation prevents the larger claim	proven_bounded_primitive	threshold mechanics audit	Bounded current T0-T1 math; prediction is never authoritative
A-002.03	A-002	design/06 idle math	Keep client prediction numerically aligned with authoritative production	content author	lazy production kernel and prediction worker	server intents plus Game UI prediction	epoch-8 economy	current bounded foundation path for: Keep client prediction numerically aligned with authoritative production	cross-runtime/offline/composed tests	named limitation prevents the larger claim	proven_bounded_primitive	threshold mechanics audit	Bounded current T0-T1 math; prediction is never authoritative
A-003.01	A-003	design/06 anti-cheat	Rate-limit abusive requests	player	middleware/save/production/minigame/replay safeguards	server request and projection paths	current policies/migrations	current bounded foundation path for: Rate-limit abusive requests	cold Account limiter unit/Postgres integration	named limitation prevents the larger claim	proven_bounded_primitive	end-to-end abuse/refusal audit	Bounded declared Account routes; not exhaustive abuse proof
A-003.02	A-003	design/06 anti-cheat	Deduplicate repeated intents	player	middleware/save/production/minigame/replay safeguards	server request and projection paths	current policies/migrations	current bounded foundation path for: Deduplicate repeated intents	cold production intent replay/idempotency tests	named limitation prevents the larger claim	proven_bounded_primitive	end-to-end abuse/refusal audit	Bounded accepted intent protocol
A-003.03	A-003	design/06 anti-cheat	Reject invariant-violating transitions	player	middleware/save/production/minigame/replay safeguards	server request and projection paths	current policies/migrations	current bounded foundation path for: Reject invariant-violating transitions	cold production/save invariant rejection tests	named limitation prevents the larger claim	proven_bounded_primitive	end-to-end abuse/refusal audit	Bounded declared invariants
A-003.04	A-003	design/06 anti-cheat	Validate minigame commands authoritatively	content author	middleware/save/production/minigame/replay safeguards	server request and projection paths	current policies/migrations	current bounded foundation path for: Validate minigame commands authoritatively	cold authenticated minigame command lifecycle	named limitation prevents the larger claim	proven_bounded_primitive	end-to-end abuse/refusal audit	Pitch/Recovery backend only
A-003.05	A-003	design/06 anti-cheat	Verify ranked runs before projection	player	middleware/save/production/minigame/replay safeguards	server request and projection paths	current policies/migrations	current bounded foundation path for: Verify ranked runs before projection	cold replay verification and leaderboard projection tests	named limitation prevents the larger claim	proven_bounded_primitive	end-to-end abuse/refusal audit	Backend verification primitive; public evidence workflow absent
A-003.06	A-003	design/06 anti-cheat	Reject invalid or poisoned saves	player	middleware/save/production/minigame/replay safeguards	server request and projection paths	current policies/migrations	current bounded foundation path for: Reject invalid or poisoned saves	cold save validation and NaN refusal tests	named limitation prevents the larger claim	proven_bounded_primitive	end-to-end abuse/refusal audit	Bounded current save schema
A-004.01	A-004	design/06 minigame AI	Match a player to a minigame opponent	player	none	none	none	unavailable at 190a4fa: Match a player to a minigame opponent	none	no production producer-to-consumer path	absent	future research/RFCs	binding intent exists; current module/fixture/future design receives no implementation credit
A-004.02	A-004	design/06 minigame AI	Run an honest AI opponent through human validation	player	none	none	none	unavailable at 190a4fa: Run an honest AI opponent through human validation	none	no production producer-to-consumer path	absent	future research/RFCs	binding intent exists; current module/fixture/future design receives no implementation credit
A-004.03	A-004	design/06 minigame AI	Isolate per-game engine rules	player	none	none	none	unavailable at 190a4fa: Isolate per-game engine rules	none	no production producer-to-consumer path	absent	future research/RFCs	binding intent exists; current module/fixture/future design receives no implementation credit
A-005.01	A-005	design/06 anonymous play	Start with a server-anonymous identity by default	player	Account bootstrap	mounted Game UI startup	server-anonymous account	current integrated path for: Start with a server-anonymous identity by default	real Postgres plus composed Chromium bootstrap	named limitation prevents the larger claim	proven_integration	RP-007 author reconciliation/account successor	Default bootstrap only; recovery/outage branches separate
A-005.02	A-005	design/06 anonymous play	Continue in a labeled local-only outage mode	player	none	none	no local gameplay save	unavailable at 190a4fa: Continue in a labeled local-only outage mode	none	no production producer-to-consumer path	absent	RP-007 author reconciliation/account successor	Ruled outage mode does not exist
A-005.03	A-005	design/06 anonymous play	Import local outage progress into the server account	player	Account import endpoint	none mounted	backend import contract	backend/data path only; intended player path unavailable: Import local outage progress into the server account	cold Account Postgres integration	named limitation prevents the larger claim	backend_or_data_only	RP-007 author reconciliation/account successor	No local-save producer or import UI
RD-000.01	RD-000	design/07 Phase 0	Ship the numeric foundation	player	implemented foundation packages	partial Game UI	epoch-8 T0-T1	current bounded foundation path for: Ship the numeric foundation	cold foundation and composed tests	named limitation prevents the larger claim	proven_bounded_primitive	full browser first-hour and R-001	Public repo contradicts private-roadmap label; browser stops at Desk
RD-000.02	RD-000	design/07 Phase 0	Ship the economy and production foundation	player	implemented foundation packages	partial Game UI	epoch-8 T0-T1	current bounded foundation path for: Ship the economy and production foundation	cold foundation and composed tests	named limitation prevents the larger claim	proven_bounded_primitive	full browser first-hour and R-001	Public repo contradicts private-roadmap label; browser stops at Desk
RD-000.03	RD-000	design/07 Phase 0	Ship versioned save persistence	player	implemented foundation packages	partial Game UI	epoch-8 T0-T1	current bounded foundation path for: Ship versioned save persistence	cold foundation and composed tests	named limitation prevents the larger claim	proven_bounded_primitive	full browser first-hour and R-001	Public repo contradicts private-roadmap label; browser stops at Desk
RD-000.04	RD-000	design/07 Phase 0	Ship the balance harness foundation	player	implemented foundation packages	partial Game UI	epoch-8 T0-T1	current bounded foundation path for: Ship the balance harness foundation	cold foundation and composed tests	named limitation prevents the larger claim	proven_bounded_primitive	full browser first-hour and R-001	Public repo contradicts private-roadmap label; browser stops at Desk
RD-000.05	RD-000	design/07 Phase 0	Ship the client shell foundation	player	implemented foundation packages	partial Game UI	epoch-8 T0-T1	current bounded foundation path for: Ship the client shell foundation	cold foundation and composed tests	named limitation prevents the larger claim	proven_bounded_primitive	full browser first-hour and R-001	Public repo contradicts private-roadmap label; browser stops at Desk
RD-000.06	RD-000	design/07 Phase 0	Complete a private Tier-0-to-Tier-1 vertical slice	player	implemented foundation packages	partial Game UI	epoch-8 T0-T1	partial current path for: Complete a private Tier-0-to-Tier-1 vertical slice	cold foundation and composed tests	named limitation prevents the larger claim	partial_integration	full browser first-hour and R-001	Server first-hour is proven but production browser stops at Desk; repository is public rather than private
RD-001.01	RD-001	design/07 Phase 1	Ship public Tier-0-to-Tier-2 play	player	T0-T1 production/Game UI	partial Game UI	T0-T1 only	partial current path for: Ship public Tier-0-to-Tier-2 play	server first-hour and browser-to-Desk	named limitation prevents the larger claim	partial_integration	D-001/D-007	Tier 2 is absent
RD-001.02	RD-001	design/07 Phase 1	Ship early player minigames	player	Pitch/minigame backend	none mounted	Pitch only	backend/data path only; intended player path unavailable: Ship early player minigames	cold Postgres lifecycle	named limitation prevents the larger claim	backend_or_data_only	D-001/D-007	No player minigame surface
RD-001.03	RD-001	design/07 Phase 1	Ship the player pet loop	player	pet policy/state kernels	none mounted	pet policy only	backend/data path only; intended player path unavailable: Ship the player pet loop	cold pet tests	named limitation prevents the larger claim	backend_or_data_only	D-001/D-007	No acquisition/care surface
RD-001.04	RD-001	design/07 Phase 1	Ship player presence	player	transport presence	visitor counter only	no social presence workflow	partial current path for: Ship player presence	composed presence	named limitation prevents the larger claim	partial_integration	D-001/D-007	Counter is not player presence capability
RD-002.01	RD-002	design/07 Phase 2	Ship Tier-3 player progression	player	none for outcome	none	none	unavailable at 190a4fa: Ship Tier-3 player progression	none	no production producer-to-consumer path	absent	dependency DAG	Phase outcome absent
RD-002.02	RD-002	design/07 Phase 2	Ship player faction workflows	player	selected faction/guild/world/meter foundations	no complete phase player surface	epoch-8 backend artifacts	backend/data path only; intended player path unavailable: Ship player faction workflows	cold backend package tests	named limitation prevents the larger claim	backend_or_data_only	dependency DAG	Phase bundle is overwhelmingly absent beyond mechanical foundations
RD-002.03	RD-002	design/07 Phase 2	Ship player guild workflows	player	selected faction/guild/world/meter foundations	no complete phase player surface	epoch-8 backend artifacts	backend/data path only; intended player path unavailable: Ship player guild workflows	cold backend package tests	named limitation prevents the larger claim	backend_or_data_only	dependency DAG	Phase bundle is overwhelmingly absent beyond mechanical foundations
RD-002.04	RD-002	design/07 Phase 2	Ship global milestones	player	selected faction/guild/world/meter foundations	no complete phase player surface	epoch-8 backend artifacts	backend/data path only; intended player path unavailable: Ship global milestones	cold backend package tests	named limitation prevents the larger claim	backend_or_data_only	dependency DAG	Phase bundle is overwhelmingly absent beyond mechanical foundations
RD-002.05	RD-002	design/07 Phase 2	Ship personal events	player	none for outcome	none	none	unavailable at 190a4fa: Ship personal events	none	no production producer-to-consumer path	absent	dependency DAG	Phase outcome absent
RD-002.06	RD-002	design/07 Phase 2	Ship pressure-meter events	player	selected faction/guild/world/meter foundations	no complete phase player surface	epoch-8 backend artifacts	backend/data path only; intended player path unavailable: Ship pressure-meter events	cold backend package tests	named limitation prevents the larger claim	backend_or_data_only	dependency DAG	Phase bundle is overwhelmingly absent beyond mechanical foundations
RD-003.01	RD-003	design/07 Phase 3	Ship Tier-4 player progression	player	none for outcome	none	none	unavailable at 190a4fa: Ship Tier-4 player progression	none	no production producer-to-consumer path	absent	dependency DAG	Phase outcome absent
RD-003.02	RD-003	design/07 Phase 3	Ship the shared world workflow	player	world/leaderboard/combat foundations	no complete phase player surface	partial epoch-8 backend data	backend/data path only; intended player path unavailable: Ship the shared world workflow	cold backend/kernel tests	named limitation prevents the larger claim	backend_or_data_only	dependency DAG	Tier 4/Lane/World/boards/Events player bundle is absent
RD-003.03	RD-003	design/07 Phase 3	Ship the Lane minigame	player	world/leaderboard/combat foundations	no complete phase player surface	partial epoch-8 backend data	backend/data path only; intended player path unavailable: Ship the Lane minigame	cold backend/kernel tests	named limitation prevents the larger claim	backend_or_data_only	dependency DAG	Tier 4/Lane/World/boards/Events player bundle is absent
RD-003.04	RD-003	design/07 Phase 3	Ship player leaderboard workflows	player	world/leaderboard/combat foundations	no complete phase player surface	partial epoch-8 backend data	backend/data path only; intended player path unavailable: Ship player leaderboard workflows	cold backend/kernel tests	named limitation prevents the larger claim	backend_or_data_only	dependency DAG	Tier 4/Lane/World/boards/Events player bundle is absent
RD-003.05	RD-003	design/07 Phase 3	Ship server-wide Situation events	player	none for outcome	none	none	unavailable at 190a4fa: Ship server-wide Situation events	none	no production producer-to-consumer path	absent	dependency DAG	Phase outcome absent
RD-004.01	RD-004	design/07 Phase 4	Ship Tier-5 player progression	player	none for outcome	none	none	unavailable at 190a4fa: Ship Tier-5 player progression	none	no production producer-to-consumer path	absent	dependency DAG	Phase outcome absent
RD-004.02	RD-004	design/07 Phase 4	Ship the Commons player workflow	player	Commons/combat/Founder foundations	no complete phase player surface	partial epoch-8 backend data	backend/data path only; intended player path unavailable: Ship the Commons player workflow	cold backend/kernel tests	named limitation prevents the larger claim	backend_or_data_only	dependency DAG	Tier 5/Commons/combat/challenge/founder bundle is absent
RD-004.03	RD-004	design/07 Phase 4	Ship combat gameplay	player	Commons/combat/Founder foundations	no complete phase player surface	partial epoch-8 backend data	backend/data path only; intended player path unavailable: Ship combat gameplay	cold backend/kernel tests	named limitation prevents the larger claim	backend_or_data_only	dependency DAG	Tier 5/Commons/combat/challenge/founder bundle is absent
RD-004.04	RD-004	design/07 Phase 4	Ship challenge runs	player	none for outcome	none	none	unavailable at 190a4fa: Ship challenge runs	none	no production producer-to-consumer path	absent	dependency DAG	Phase outcome absent
RD-004.05	RD-004	design/07 Phase 4	Ship the Founder arc	player	Commons/combat/Founder foundations	no complete phase player surface	partial epoch-8 backend data	partial current path for: Ship the Founder arc	cold backend/kernel tests	named limitation prevents the larger claim	partial_integration	dependency DAG	Early Founder state/Exit exists; full arc absent
RD-005.01	RD-005	design/07 Phase 5	Ship Tier-6 player progression	player	none	none	none	unavailable at 190a4fa: Ship Tier-6 player progression	none	no production producer-to-consumer path	absent	D-001/D-007 and dependency DAG	binding intent exists; current module/fixture/future design receives no implementation credit
RD-005.02	RD-005	design/07 Phase 5	Ship Tier-7 player progression	player	none	none	none	unavailable at 190a4fa: Ship Tier-7 player progression	none	no production producer-to-consumer path	absent	D-001/D-007 and dependency DAG	binding intent exists; current module/fixture/future design receives no implementation credit
RD-005.03	RD-005	design/07 Phase 5	Ship Tier-8 player progression	player	none	none	none	unavailable at 190a4fa: Ship Tier-8 player progression	none	no production producer-to-consumer path	absent	D-001/D-007 and dependency DAG	binding intent exists; current module/fixture/future design receives no implementation credit
RD-005.04	RD-005	design/07 Phase 5	Ship every designed terminal ending	player	none	none	none	unavailable at 190a4fa: Ship every designed terminal ending	none	no production producer-to-consumer path	absent	D-001/D-007 and dependency DAG	binding intent exists; current module/fixture/future design receives no implementation credit
F-001.01	F-001	design/08 §1	Render player text in the declared voice	player	strict copy pipeline/provenance/denylist	mounted Game UI resolver	208 shipped keys	partial current path for: Render player text in the declared voice	copy-check plus 208-key consumption audit	named limitation prevents the larger claim	partial_integration	full shipped-copy citation/editorial audit	Pipeline is mechanical; full editorial/source/target coverage is not proved
F-001.02	F-001	design/08 §1	Ship factual claims only with verified sourcing	player	strict copy pipeline/provenance/denylist	mounted Game UI resolver	208 shipped keys	partial current path for: Ship factual claims only with verified sourcing	copy-check plus 208-key consumption audit	named limitation prevents the larger claim	partial_integration	full shipped-copy citation/editorial audit	Pipeline is mechanical; full editorial/source/target coverage is not proved
F-001.03	F-001	design/08 §1	Keep player text within declared target bounds	player	copy schema target-bound validators	copy build/check pipeline	208 governed application keys	current bounded foundation path for: Keep player text within declared target bounds	copy-check plus seeded bound violations	named limitation prevents the larger claim	proven_bounded_primitive	full shipped-copy citation/editorial audit	Mechanical declared bounds only; not editorial quality or complete consumer fit
F-002.01	F-002	design/08 §2	Render an era-appropriate presentation for each tier	player	T0/T1 theme and copy era mapping	mounted Game UI	era_1995 and era_2000	partial current path for: Render an era-appropriate presentation for each tier	browser fixtures	named limitation prevents the larger claim	partial_integration	later era UI/content	T2-T8 presentation absent
F-002.02	F-002	design/08 §2	Degrade presentation in step with enshittification	player	T0/T1 theme and copy era mapping	mounted Game UI	era_1995 and era_2000	partial current path for: Degrade presentation in step with enshittification	browser fixtures	named limitation prevents the larger claim	partial_integration	later era UI/content	Only T0/T1 shift exists; no full enshittification arc
F-003.01	F-003	design/08 §3	Ship the launch-scale generator copy bank	player	none	none	none	unavailable at 190a4fa: Ship the launch-scale generator copy bank	none	no production producer-to-consumer path	absent	ignored research and copy production program	binding intent exists; current module/fixture/future design receives no implementation credit
F-003.02	F-003	design/08 §3	Ship the launch-scale event copy bank	player	none	none	none	unavailable at 190a4fa: Ship the launch-scale event copy bank	none	no production producer-to-consumer path	absent	ignored research and copy production program	binding intent exists; current module/fixture/future design receives no implementation credit
F-003.03	F-003	design/08 §3	Ship the launch-scale achievement copy bank	player	none	none	none	unavailable at 190a4fa: Ship the launch-scale achievement copy bank	none	no production producer-to-consumer path	absent	ignored research and copy production program	binding intent exists; current module/fixture/future design receives no implementation credit
F-003.04	F-003	design/08 §3	Ship the launch-scale lore copy bank	player	none	none	none	unavailable at 190a4fa: Ship the launch-scale lore copy bank	none	no production producer-to-consumer path	absent	ignored research and copy production program	binding intent exists; current module/fixture/future design receives no implementation credit
F-004.01	F-004	design/08 §4	Encounter the designed conspiracy narrative arc	player	none	none	none	unavailable at 190a4fa: Encounter the designed conspiracy narrative arc	none	no production producer-to-consumer path	absent	Events/content RFCs	binding intent exists; current module/fixture/future design receives no implementation credit
F-004.02	F-004	design/08 §4	See conspiracy pressure respond to current world state	player	none	none	none	unavailable at 190a4fa: See conspiracy pressure respond to current world state	none	no production producer-to-consumer path	absent	Events/content RFCs	binding intent exists; current module/fixture/future design receives no implementation credit
F-005.01	F-005	design/08 §5	Trigger media canonization events from Clout	player	none	none	none	unavailable at 190a4fa: Trigger media canonization events from Clout	none	no production producer-to-consumer path	absent	Events/content RFCs	binding intent exists; current module/fixture/future design receives no implementation credit
F-005.02	F-005	design/08 §5	Choose a response to media canonization	player	none	none	none	unavailable at 190a4fa: Choose a response to media canonization	none	no production producer-to-consumer path	absent	Events/content RFCs	binding intent exists; current module/fixture/future design receives no implementation credit
F-006.01	F-006	design/08 §6	See the speedrun timer and per-tier splits	player	Game UI timer/splits plus route backend	mounted timer/splits; no registry/retrospective UI	five category labels and routes	partial current path for: See the speedrun timer and per-tier splits	browser timing fixtures plus backend tests	named limitation prevents the larger claim	partial_integration	Game UI/Leaderboards/API/content consumers	Category governance route naming and retrospective are incomplete
F-006.02	F-006	design/08 §6	Choose a governed speedrun category	player	five-category registry	Game UI projector hardcodes any_percent	five categories; one mounted	backend/data path only; intended player path unavailable: Choose a governed speedrun category	copy consumption and source trace	named limitation prevents the larger claim	backend_or_data_only	Game UI/Leaderboards/API/content consumers	The player cannot choose a category
F-006.03	F-006	design/08 §6	Discover and name a route	player	Route Registry backend	none mounted	route catalog	backend/data path only; intended player path unavailable: Discover and name a route	cold route projection tests	named limitation prevents the larger claim	backend_or_data_only	Game UI/Leaderboards/API/content consumers	No player discovery/naming surface and expiry worker is orphaned
F-006.04	F-006	design/08 §6	Review a completed run retrospectively	player	run records backend	none mounted	no retrospective presentation	unavailable at 190a4fa: Review a completed run retrospectively	none	no production producer-to-consumer path	absent	Game UI/Leaderboards/API/content consumers	No player retrospective workflow
F-007.01	F-007	design/08 §7	Open the shipped honesty appendix	player	none	none	none	unavailable at 190a4fa: Open the shipped honesty appendix	none	no production producer-to-consumer path	absent	release-floor/content RFC	binding intent exists; current module/fixture/future design receives no implementation credit
F-007.02	F-007	design/08 §7	Inspect every parodied dark pattern and its real-world mechanism	player	none	none	none	unavailable at 190a4fa: Inspect every parodied dark pattern and its real-world mechanism	none	no production producer-to-consumer path	absent	release-floor/content RFC	binding intent exists; current module/fixture/future design receives no implementation credit
EV-001.01	EV-001	design/09 §1	Load declarative event definitions	player	none	none	none	unavailable at 190a4fa: Load declarative event definitions	none	no production producer-to-consumer path	absent	Events L1 acceptance/body review	binding intent exists; current module/fixture/future design receives no implementation credit
EV-001.02	EV-001	design/09 §1	Dispatch eligible events on an action	player	none	none	none	unavailable at 190a4fa: Dispatch eligible events on an action	none	no production producer-to-consumer path	absent	Events L1 acceptance/body review	binding intent exists; current module/fixture/future design receives no implementation credit
EV-001.03	EV-001	design/09 §1	Apply only closed event effects	player	none	none	none	unavailable at 190a4fa: Apply only closed event effects	none	no production producer-to-consumer path	absent	Events L1 acceptance/body review	binding intent exists; current module/fixture/future design receives no implementation credit
EV-001.04	EV-001	design/09 §1	Persist event choices and outcomes	player	none	none	none	unavailable at 190a4fa: Persist event choices and outcomes	none	no production producer-to-consumer path	absent	Events L1 acceptance/body review	binding intent exists; current module/fixture/future design receives no implementation credit
EV-002.01	EV-002	design/09 §2	Receive a personal event	player	none	none	none	unavailable at 190a4fa: Receive a personal event	none	no production producer-to-consumer path	absent	Events/content RFCs	binding intent exists; current module/fixture/future design receives no implementation credit
EV-002.02	EV-002	design/09 §2	Progress a founder story cycle	player	none	none	none	unavailable at 190a4fa: Progress a founder story cycle	none	no production producer-to-consumer path	absent	Events/content RFCs	binding intent exists; current module/fixture/future design receives no implementation credit
EV-002.03	EV-002	design/09 §2	See personal-event consequences in later choices	player	none	none	none	unavailable at 190a4fa: See personal-event consequences in later choices	none	no production producer-to-consumer path	absent	Events/content RFCs	binding intent exists; current module/fixture/future design receives no implementation credit
EV-003.01	EV-003	design/09 §3	Observe a visible pressure meter	player	meter catalog/transition kernel	none mounted	epoch-8 meter rows	backend/data path only; intended player path unavailable: Observe a visible pressure meter	cold Go/TS meter tests	named limitation prevents the larger claim	backend_or_data_only	Events/content/UI	No visible forecast or event consumer
EV-003.02	EV-003	design/09 §3	Forecast pressure-meter movement	player	meter catalog/transition kernel	none mounted	epoch-8 meter rows	backend/data path only; intended player path unavailable: Forecast pressure-meter movement	cold Go/TS meter tests	named limitation prevents the larger claim	backend_or_data_only	Events/content/UI	No visible forecast or event consumer
EV-003.03	EV-003	design/09 §3	Trigger content at a meter band transition	player	meter catalog/transition kernel	none mounted	epoch-8 meter rows	backend/data path only; intended player path unavailable: Trigger content at a meter band transition	cold Go/TS meter tests	named limitation prevents the larger claim	backend_or_data_only	Events/content/UI	No visible forecast or event consumer
EV-004.01	EV-004	design/09 §4	Participate in a phased Situation	player	none	none	none	unavailable at 190a4fa: Participate in a phased Situation	none	no production producer-to-consumer path	absent	World/Events RFCs	binding intent exists; current module/fixture/future design receives no implementation credit
EV-004.02	EV-004	design/09 §4	Participate in a Major Order	player	none	none	none	unavailable at 190a4fa: Participate in a Major Order	none	no production producer-to-consumer path	absent	World/Events RFCs	binding intent exists; current module/fixture/future design receives no implementation credit
EV-004.03	EV-004	design/09 §4	Receive a personal objective floor during world events	player	none	none	none	unavailable at 190a4fa: Receive a personal objective floor during world events	none	no production producer-to-consumer path	absent	World/Events RFCs	binding intent exists; current module/fixture/future design receives no implementation credit
EV-005.01	EV-005	design/09 §5	Earn event scrip	player	none	none	none	unavailable at 190a4fa: Earn event scrip	none	no production producer-to-consumer path	absent	Events/economy RFC	binding intent exists; current module/fixture/future design receives no implementation credit
EV-005.02	EV-005	design/09 §5	Spend scrip at posted prices	player	none	none	none	unavailable at 190a4fa: Spend scrip at posted prices	none	no production producer-to-consumer path	absent	Events/economy RFC	binding intent exists; current module/fixture/future design receives no implementation credit
EV-005.03	EV-005	design/09 §5	Receive deterministic event-end conversion	player	none	none	none	unavailable at 190a4fa: Receive deterministic event-end conversion	none	no production producer-to-consumer path	absent	Events/economy RFC	binding intent exists; current module/fixture/future design receives no implementation credit
EV-006.01	EV-006	design/09 §6	Play a seasonal story arc	player	none	none	none	unavailable at 190a4fa: Play a seasonal story arc	none	no production producer-to-consumer path	absent	ops/content program	binding intent exists; current module/fixture/future design receives no implementation credit
EV-006.02	EV-006	design/09 §6	Access an evergreen version after the season	player	none	none	none	unavailable at 190a4fa: Access an evergreen version after the season	none	no production producer-to-consumer path	absent	ops/content program	binding intent exists; current module/fixture/future design receives no implementation credit
EV-007.01	EV-007	design/09 §7	Operate events through a GM dashboard	operator	none	none	none	unavailable at 190a4fa: Operate events through a GM dashboard	none	no production producer-to-consumer path	absent	ops/Events RFC	binding intent exists; current module/fixture/future design receives no implementation credit
EV-007.02	EV-007	design/09 §7	Read a public war log	player	none	none	none	unavailable at 190a4fa: Read a public war log	none	no production producer-to-consumer path	absent	ops/Events RFC	binding intent exists; current module/fixture/future design receives no implementation credit
EV-007.03	EV-007	design/09 §7	Detect stuck or invalid events through watchdogs	operator	none	none	none	unavailable at 190a4fa: Detect stuck or invalid events through watchdogs	none	no production producer-to-consumer path	absent	ops/Events RFC	binding intent exists; current module/fixture/future design receives no implementation credit
PS-001.01	PS-001	design/10 §1	Choose one of four rule-distinct factions	player	faction catalog/incorporation transition	none mounted	four current factions	backend/data path only; intended player path unavailable: Choose one of four rule-distinct factions	cold faction/replay tests	named limitation prevents the larger claim	backend_or_data_only	player selection and later faction verbs	No player choice or complete interdependent economy
PS-001.02	PS-001	design/10 §1	Produce a resource another faction consumes	player	faction catalog/incorporation transition	none mounted	four current factions	backend/data path only; intended player path unavailable: Produce a resource another faction consumes	cold faction/replay tests	named limitation prevents the larger claim	backend_or_data_only	player selection and later faction verbs	No player choice or complete interdependent economy
PS-001.03	PS-001	design/10 §1	Use a faction-specific gameplay verb	player	faction catalog/incorporation transition	none mounted	four current factions	backend/data path only; intended player path unavailable: Use a faction-specific gameplay verb	cold faction/replay tests	named limitation prevents the larger claim	backend_or_data_only	player selection and later faction verbs	No player choice or complete interdependent economy
PS-002.01	PS-002	design/10 §2	Play an active build	player	economy/active/Fiscal/Compute primitives	Desk exposes only early active/idle actions	T0-T1 data	partial current path for: Play an active build	harness/parity tests	named limitation prevents the larger claim	partial_integration	full loops and board consumers	Four complete builds and separate boards do not exist
PS-002.02	PS-002	design/10 §2	Play an idle build	player	economy/active/Fiscal/Compute primitives	Desk exposes only early active/idle actions	T0-T1 data	partial current path for: Play an idle build	harness/parity tests	named limitation prevents the larger claim	partial_integration	full loops and board consumers	Four complete builds and separate boards do not exist
PS-002.03	PS-002	design/10 §2	Play a check-in build	player	Fiscal/Compute backend primitives	none mounted	T0-T1 data	backend/data path only; intended player path unavailable: Play a check-in build	harness/parity tests	named limitation prevents the larger claim	backend_or_data_only	full loops and board consumers	No complete check-in/banker player build
PS-002.04	PS-002	design/10 §2	Play a banker build	player	Fiscal/Compute backend primitives	none mounted	T0-T1 data	backend/data path only; intended player path unavailable: Play a banker build	harness/parity tests	named limitation prevents the larger claim	backend_or_data_only	full loops and board consumers	No complete check-in/banker player build
PS-002.05	PS-002	design/10 §2	Compete on a build-specific board	player	leaderboard categories backend	none mounted	T0-T1 data	unavailable at 190a4fa: Compete on a build-specific board	backend projection tests only	no production producer-to-consumer path	absent	full loops and board consumers	No build-specific board workflow
PS-003.01	PS-003	design/10 §3	Toggle a reversible ideology	player	none	none	none	unavailable at 190a4fa: Toggle a reversible ideology	none	no production producer-to-consumer path	absent	future RFC	binding intent exists; current module/fixture/future design receives no implementation credit
PS-003.02	PS-003	design/10 §3	Use each ideology as a viable rule set	player	none	none	none	unavailable at 190a4fa: Use each ideology as a viable rule set	none	no production producer-to-consumer path	absent	future RFC	binding intent exists; current module/fixture/future design receives no implementation credit
PS-004.01	PS-004	design/10 §3b	Choose one of three doctrines at a tier transition	player	doctrine catalog/transition state	none mounted	epoch-8 doctrine rows	backend/data path only; intended player path unavailable: Choose one of three doctrines at a tier transition	cold doctrine/replay tests	named limitation prevents the larger claim	backend_or_data_only	later transitions/content/harness	No player choice surface or viable ending routes
PS-004.02	PS-004	design/10 §3b	Keep doctrine choice irreversible within the run	player	doctrine catalog/transition state	none mounted	epoch-8 doctrine rows	backend/data path only; intended player path unavailable: Keep doctrine choice irreversible within the run	cold doctrine/replay tests	named limitation prevents the larger claim	backend_or_data_only	later transitions/content/harness	No player choice surface or viable ending routes
PS-004.03	PS-004	design/10 §3b	Reach viable content and endings through each doctrine	player	doctrine catalog/transition state	none mounted	epoch-8 doctrine rows	backend/data path only; intended player path unavailable: Reach viable content and endings through each doctrine	cold doctrine/replay tests	named limitation prevents the larger claim	backend_or_data_only	later transitions/content/harness	No player choice surface or viable ending routes
PS-005.01	PS-005	design/10 §4	Start a rule-modified challenge run	player	none	none	none	unavailable at 190a4fa: Start a rule-modified challenge run	none	no production producer-to-consumer path	absent	future RFC	binding intent exists; current module/fixture/future design receives no implementation credit
PS-005.02	PS-005	design/10 §4	Complete and verify a challenge run	player	none	none	none	unavailable at 190a4fa: Complete and verify a challenge run	none	no production producer-to-consumer path	absent	future RFC	binding intent exists; current module/fixture/future design receives no implementation credit
PS-006.01	PS-006	design/10 §5	Complete the Canon moral route	player	category/route/fact/Soul kernels	category title only	current categories and ledgers	backend/data path only; intended player path unavailable: Complete the Canon moral route	cold backend tests	named limitation prevents the larger claim	backend_or_data_only	full content/endings	No complete Canon/Ethical route or ending
PS-006.02	PS-006	design/10 §5	Complete Ethical percent	player	category/route/fact/Soul kernels	category title only	current categories and ledgers	backend/data path only; intended player path unavailable: Complete Ethical percent	cold backend tests	named limitation prevents the larger claim	backend_or_data_only	full content/endings	No complete Canon/Ethical route or ending
PS-006.03	PS-006	design/10 §5	Carry moral history across runs	player	category/route/fact/Soul kernels	category title only	current categories and ledgers	backend/data path only; intended player path unavailable: Carry moral history across runs	cold backend tests	named limitation prevents the larger claim	backend_or_data_only	full content/endings	No complete Canon/Ethical route or ending
PS-007.01	PS-007	design/10 §6	Author an AGI policy script	content author	none	none	none	unavailable at 190a4fa: Author an AGI policy script	none	no production producer-to-consumer path	absent	future RFC	binding intent exists; current module/fixture/future design receives no implementation credit
PS-007.02	PS-007	design/10 §6	Share an AGI policy script	player	none	none	none	unavailable at 190a4fa: Share an AGI policy script	none	no production producer-to-consumer path	absent	future RFC	binding intent exists; current module/fixture/future design receives no implementation credit
PS-007.03	PS-007	design/10 §6	Execute a policy script authoritatively	content author	none	none	none	unavailable at 190a4fa: Execute a policy script authoritatively	none	no production producer-to-consumer path	absent	future RFC	binding intent exists; current module/fixture/future design receives no implementation credit
UX-001.01	UX-001	design/11 §1	Read an honest cold-open contract	player	Game UI Vision/Settings/Run End components	mounted partial surfaces	governed copy	partial current path for: Read an honest cold-open contract	browser fixtures and composed bootstrap	named limitation prevents the larger claim	partial_integration	RP-018 plus full browser workflow	Cold open lacks full contract/recovery and return sequence
UX-001.02	UX-001	design/11 §1	Begin the first attempt from the contract screen	player	Account bootstrap	Vision Slide begin control	server-anonymous bootstrap	current integrated path for: Begin the first attempt from the contract screen	composed Chromium bootstrap	named limitation prevents the larger claim	proven_integration	RP-018 plus full browser workflow	First-attempt start only
UX-001.03	UX-001	design/11 §1	Return to a bounded post-absence summary	player	none complete	Settings status only	no durable return summary	unavailable at 190a4fa: Return to a bounded post-absence summary	none	no production producer-to-consumer path	absent	RP-018 plus full browser workflow	Bounded post-absence summary is not implemented
UX-002.01	UX-002	design/11 §1b	Receive a server-anonymous account by default	player	Account bootstrap	mounted Game UI	server-anonymous default	current integrated path for: Receive a server-anonymous account by default	composed Chromium bootstrap	named limitation prevents the larger claim	proven_integration	RP-007 plus full first-session proof	Default path only
UX-002.02	UX-002	design/11 §1b	Continue locally during a server outage	player	none	none	no local gameplay save	unavailable at 190a4fa: Continue locally during a server outage	none	no production producer-to-consumer path	absent	RP-007 plus full first-session proof	Outage fallback absent
UX-002.03	UX-002	design/11 §1b	Use the Vision Slide first-session surface	player	Account bootstrap and Vision Slide	mounted Game UI	server account only	partial current path for: Use the Vision Slide first-session surface	composed bootstrap/presence	named limitation prevents the larger claim	partial_integration	RP-007 plus full first-session proof	Local fallback is absent and presence budget is not fully proved
UX-002.04	UX-002	design/11 §1b	Observe the run-one presence budget	player	Account bootstrap and Vision Slide	mounted Game UI	server account only	partial current path for: Observe the run-one presence budget	composed bootstrap/presence	named limitation prevents the larger claim	partial_integration	RP-007 plus full first-session proof	Local fallback is absent and presence budget is not fully proved
UX-003.01	UX-003	design/11 §2	Learn mechanics through diegetic prompts	player	static copy and early controls	mounted Vision/Desk	T0-T1 copy	fixture/static client path only: Learn mechanics through diegetic prompts	browser fixture only	named limitation prevents the larger claim	client_or_fixture_only	D-001/D-007 then R-008 first-session study	No nontechnical-user comprehension evidence
UX-003.02	UX-003	design/11 §2	Discover the core loop within ten minutes	player	static copy and early controls	mounted Vision/Desk	T0-T1 copy	fixture/static client path only: Discover the core loop within ten minutes	browser fixture only	named limitation prevents the larger claim	client_or_fixture_only	D-001/D-007 then R-008 first-session study	No nontechnical-user comprehension evidence
UX-003.03	UX-003	design/11 §2	Dismiss guidance without losing access to it	player	static skip copy only	none mounted	screen.vision_slide.skip is unreferenced	unavailable at 190a4fa: Dismiss guidance without losing access to it	copy consumption audit	no production producer-to-consumer path	absent	D-001/D-007 then R-008 first-session study	No dismiss-and-reopen guidance workflow
UX-004.01	UX-004	design/11 §3	See the run-ending cause	player	Prestige/curriculum run-ended payload	mounted Run End component	three branches and terms	partial current path for: See the run-ending cause	cold server first-hour plus component fixtures	named limitation prevents the larger claim	partial_integration	full browser AC1	Next-run continuation and exact full-sequence browser proof absent
UX-004.02	UX-004	design/11 §3	See attended-time and Exit context	player	Prestige/curriculum run-ended payload	mounted Run End component	three branches and terms	partial current path for: See attended-time and Exit context	cold server first-hour plus component fixtures	named limitation prevents the larger claim	partial_integration	full browser AC1	Next-run continuation and exact full-sequence browser proof absent
UX-004.03	UX-004	design/11 §3	See Founder progression deltas	player	Prestige/curriculum run-ended payload	mounted Run End component	three branches and terms	partial current path for: See Founder progression deltas	cold server first-hour plus component fixtures	named limitation prevents the larger claim	partial_integration	full browser AC1	Next-run continuation and exact full-sequence browser proof absent
UX-004.04	UX-004	design/11 §3	See the chosen route or new-route consequence	player	executed route state and copy fragment	Run End omits route consequence	screen.run_end.new_route is unreferenced	backend/data path only; intended player path unavailable: See the chosen route or new-route consequence	copy consumption and component trace	named limitation prevents the larger claim	backend_or_data_only	full browser AC1	The player cannot see the chosen/new-route consequence
UX-004.05	UX-004	design/11 §3	Continue into the next run	player	next run is created server-side	mounted Run End continuation	epoch-8 run transition	current integrated path for: Continue into the next run	real Chromium/Vite/gameserver/Postgres exact-successor witness; disconnect mutation fails	producer-to-consumer workflow is designated-approved	proven_integration	preserve archived Game UI witness	Bounded to the Phase-A exact-successor contract
UX-004.06	UX-004	design/11 §3	Experience the scripted first-failure branch	player	Prestige/curriculum run-ended payload	mounted Run End component	three branches and terms	partial current path for: Experience the scripted first-failure branch	cold server first-hour plus component fixtures	named limitation prevents the larger claim	partial_integration	full browser AC1	Next-run continuation and exact full-sequence browser proof absent
UX-005.01	UX-005	design/11 §3	Enable Advisor Mode	player	none	none	none	unavailable at 190a4fa: Enable Advisor Mode	none	no production producer-to-consumer path	absent	owner release floor/future RFC	binding intent exists; current module/fixture/future design receives no implementation credit
UX-005.02	UX-005	design/11 §3	Receive Advisor guidance without hidden rule changes	player	none	none	none	unavailable at 190a4fa: Receive Advisor guidance without hidden rule changes	none	no production producer-to-consumer path	absent	owner release floor/future RFC	binding intent exists; current module/fixture/future design receives no implementation credit
UX-006.01	UX-006	design/11 §4	Progress through a multi-run first-ending arc	player	none	none	none	unavailable at 190a4fa: Progress through a multi-run first-ending arc	none	no production producer-to-consumer path	absent	D-007/content DAG	binding intent exists; current module/fixture/future design receives no implementation credit
UX-006.02	UX-006	design/11 §4	See run-count pacing communicate long-term commitment	player	none	none	none	unavailable at 190a4fa: See run-count pacing communicate long-term commitment	none	no production producer-to-consumer path	absent	D-007/content DAG	binding intent exists; current module/fixture/future design receives no implementation credit
UX-007.01	UX-007	design/11 §5	Ship the declared launch copy surface count	player	none	none	none	unavailable at 190a4fa: Ship the declared launch copy surface count	none	no production producer-to-consumer path	absent	copy production/research program	binding intent exists; current module/fixture/future design receives no implementation credit
UX-007.02	UX-007	design/11 §5	Cover every mounted launch surface with governed copy	player	none	none	none	unavailable at 190a4fa: Cover every mounted launch surface with governed copy	none	no production producer-to-consumer path	absent	copy production/research program	binding intent exists; current module/fixture/future design receives no implementation credit
UX-008.01	UX-008	design/11 §6	Resolve player copy from data keys	player	strict copy loader/resolver/lints	mounted Game UI copy	208-key catalog/provenance	current bounded foundation path for: Resolve player copy from data keys	copy resolver unit tests plus mounted bounded consumption audit	named limitation prevents the larger claim	proven_bounded_primitive	full real-content/editorial coverage	Bounded 208-key application resolver; completeness defects tracked separately
UX-008.02	UX-008	design/11 §6	Reject invalid copy parameters	player	strict copy loader/resolver/lints	mounted Game UI copy	208-key catalog/provenance	current bounded foundation path for: Reject invalid copy parameters	copy resolver unit tests plus mounted bounded consumption audit	named limitation prevents the larger claim	proven_bounded_primitive	full real-content/editorial coverage	Bounded 208-key application resolver; completeness defects tracked separately
UX-008.03	UX-008	design/11 §6	Lint prohibited or unsupported claims	player	strict copy loader/resolver/lints	mounted Game UI copy	208-key catalog/provenance	current bounded foundation path for: Lint prohibited or unsupported claims	copy-check seeded detector/denylist fixtures	named limitation prevents the larger claim	proven_bounded_primitive	full real-content/editorial coverage	Declared narrow detectors only; not full editorial/legal review
UX-008.04	UX-008	design/11 §6	Attach citations to verified claims	player	strict copy loader/resolver/lints	mounted Game UI copy	208-key catalog/provenance	partial current path for: Attach citations to verified claims	copy-check plus consumption audit	named limitation prevents the larger claim	partial_integration	full real-content/editorial coverage	Provenance registry exists but complete shipped factual-claim coverage is unproved
UX-008.05	UX-008	design/11 §6	Preserve a localization-ready copy shape	player	strict copy loader/resolver/lints	mounted Game UI copy	208-key catalog/provenance	partial current path for: Preserve a localization-ready copy shape	copy-check plus consumption audit	named limitation prevents the larger claim	partial_integration	full real-content/editorial coverage	Typed key/parameter shape exists; localization is explicitly deferred
UX-009.01	UX-009	design/11 §7	Reach core actions within navigation depth two	player	Svelte semantic controls/theme	five mounted surfaces	T0-T1 UI	partial current path for: Reach core actions within navigation depth two	axe plus failed focus/320px probes	named limitation prevents the larger claim	partial_integration	task-level accessibility/reflow/mobile audit	Keyboard/AT/zoom/reflow and dynamic focus coverage incomplete
UX-009.02	UX-009	design/11 §7	Reflow core UI at mobile width	player	responsive Svelte/CSS surface	mounted Desk	T0-T1 UI	unavailable at 190a4fa: Reflow core UI at mobile width	direct Chromium/Firefox/WebKit 320px probe failed at 647px scroll width	no production producer-to-consumer path	absent	task-level accessibility/reflow/mobile audit	Core Desk reflow directly fails in every tested engine
UX-009.03	UX-009	design/11 §7	Reflow core UI at supported zoom	player	responsive Svelte/CSS surface	mounted fixtures	T0-T1 UI	fixture/static client path only: Reflow core UI at supported zoom	no 200 or 400 percent workflow probe	named limitation prevents the larger claim	client_or_fixture_only	task-level accessibility/reflow/mobile audit	Presence of responsive styles is not supported-zoom task proof
UX-009.04	UX-009	design/11 §7	Complete core play by keyboard	player	native controls and focus styles	mounted fixtures	T0-T1 UI	fixture/static client path only: Complete core play by keyboard	Begin activates after programmatic focus; lifecycle focus probe fails	named limitation prevents the larger claim	client_or_fixture_only	task-level accessibility/reflow/mobile audit	No Tab-reached keyboard completion; surface replacement loses focus in every engine
UX-009.05	UX-009	design/11 §7	Complete core play with assistive technology	player	semantic native DOM	five fixture surfaces	T0-T1 UI	fixture/static client path only: Complete core play with assistive technology	axe fixture only; no assistive-technology task record	named limitation prevents the larger claim	client_or_fixture_only	task-level accessibility/reflow/mobile audit	Automated axe output is not assistive-technology workflow proof
CP-001.01	CP-001	design/12 §1	Load a versioned additive content pack	content author	none	none	none	unavailable at 190a4fa: Load a versioned additive content pack	none	no production producer-to-consumer path	absent	design/RFC reconciliation and future contract	binding intent exists; current module/fixture/future design receives no implementation credit
CP-001.02	CP-001	design/12 §1	Stage a content pack before activation	content author	none	none	none	unavailable at 190a4fa: Stage a content pack before activation	none	no production producer-to-consumer path	absent	design/RFC reconciliation and future contract	binding intent exists; current module/fixture/future design receives no implementation credit
CP-001.03	CP-001	design/12 §1	Activate a pack without mutating historical epochs	player	none	none	none	unavailable at 190a4fa: Activate a pack without mutating historical epochs	none	no production producer-to-consumer path	absent	design/RFC reconciliation and future contract	binding intent exists; current module/fixture/future design receives no implementation credit
CP-002.01	CP-002	design/12 §2	Extend economy content through data	content author	strict versioned catalog loaders and validators	server runtime packages	current epoch family artifact	current bounded foundation path for: Extend economy content through data	cold schema/package tests with rejecting fixtures	named limitation prevents the larger claim	proven_bounded_primitive	pack/extension ownership audit	Bounded data-extension primitive; no claim that each family has a mounted player workflow
CP-002.02	CP-002	design/12 §2	Extend routes through data	content author	strict versioned catalog loaders and validators	server runtime packages	current epoch family artifact	current bounded foundation path for: Extend routes through data	cold schema/package tests with rejecting fixtures	named limitation prevents the larger claim	proven_bounded_primitive	pack/extension ownership audit	Bounded data-extension primitive; no claim that each family has a mounted player workflow
CP-002.03	CP-002	design/12 §2	Extend achievements through data	content author	strict versioned catalog loaders and validators	server runtime packages	current epoch family artifact	current bounded foundation path for: Extend achievements through data	cold schema/package tests with rejecting fixtures	named limitation prevents the larger claim	proven_bounded_primitive	pack/extension ownership audit	Bounded data-extension primitive; no claim that each family has a mounted player workflow
CP-002.04	CP-002	design/12 §2	Extend factions through data	content author	strict versioned catalog loaders and validators	server runtime packages	current epoch family artifact	current bounded foundation path for: Extend factions through data	cold schema/package tests with rejecting fixtures	named limitation prevents the larger claim	proven_bounded_primitive	pack/extension ownership audit	Bounded data-extension primitive; no claim that each family has a mounted player workflow
CP-002.05	CP-002	design/12 §2	Extend guilds through data	content author	strict versioned catalog loaders and validators	server runtime packages	current epoch family artifact	current bounded foundation path for: Extend guilds through data	cold schema/package tests with rejecting fixtures	named limitation prevents the larger claim	proven_bounded_primitive	pack/extension ownership audit	Bounded data-extension primitive; no claim that each family has a mounted player workflow
CP-002.06	CP-002	design/12 §2	Extend minigames through their socket	content author	minigame API/session socket	Pitch and Recovery backend tenants only	two backend tenants; no mounted client	backend/data path only; intended player path unavailable: Extend minigames through their socket	cold authenticated Postgres lifecycles	named limitation prevents the larger claim	backend_or_data_only	pack/extension ownership audit	Socket is exercised server-side but no player minigame client exists
CP-002.07	CP-002	design/12 §2	Extend events through the closed effect vocabulary	content author	none	none	no Events effect vocabulary/runtime	unavailable at 190a4fa: Extend events through the closed effect vocabulary	none	no production producer-to-consumer path	absent	pack/extension ownership audit	Events extension contract is not implemented
CP-002.08	CP-002	design/12 §2	Extend presentation copy through governed catalogs	content author	strict governed copy loader/resolver	mounted bounded Game UI plus backend/data references	208 application keys	current bounded foundation path for: Extend presentation copy through governed catalogs	copy-check and exact consumption inventory	named limitation prevents the larger claim	proven_bounded_primitive	pack/extension ownership audit	50 current references bypass the registry and four emitted reason keys are missing; RP-108/RP-109
CP-003.01	CP-003	design/12 §3	Create every minigame through one API socket	player	shared minigame API/session coordinator	no production client	Pitch and Recovery backends	backend/data path only; intended player path unavailable: Create every minigame through one API socket	cold Postgres lifecycle	named limitation prevents the larger claim	backend_or_data_only	RP-019/Minigame Platform reconciliation	RFC body drifts and no mounted socket/surface exists
CP-003.02	CP-003	design/12 §3	Persist every minigame through the shared session contract	player	shared minigame API/session coordinator	no production client	Pitch and Recovery backends	backend/data path only; intended player path unavailable: Persist every minigame through the shared session contract	cold Postgres lifecycle	named limitation prevents the larger claim	backend_or_data_only	RP-019/Minigame Platform reconciliation	RFC body drifts and no mounted socket/surface exists
CP-004.01	CP-004	design/12 §4	Select event effects from a closed vocabulary	player	none	none	none	unavailable at 190a4fa: Select event effects from a closed vocabulary	none	no production producer-to-consumer path	absent	Events RFC	binding intent exists; current module/fixture/future design receives no implementation credit
CP-004.02	CP-004	design/12 §4	Reject an event with an undeclared effect verb	player	none	none	none	unavailable at 190a4fa: Reject an event with an undeclared effect verb	none	no production producer-to-consumer path	absent	Events RFC	binding intent exists; current module/fixture/future design receives no implementation credit
CP-005.01	CP-005	design/12 §5	Research a current event before authoring	content author	none	none	none	unavailable at 190a4fa: Research a current event before authoring	none	no production producer-to-consumer path	absent	RP-020 plus deployment/content RFCs	binding intent exists; current module/fixture/future design receives no implementation credit
CP-005.02	CP-005	design/12 §5	Activate current-event content in a new epoch	player	none	none	none	unavailable at 190a4fa: Activate current-event content in a new epoch	none	no production producer-to-consumer path	absent	RP-020 plus deployment/content RFCs	binding intent exists; current module/fixture/future design receives no implementation credit
CP-005.03	CP-005	design/12 §5	Retain prior-epoch replay behavior	player	none	none	none	unavailable at 190a4fa: Retain prior-epoch replay behavior	none	no production producer-to-consumer path	absent	RP-020 plus deployment/content RFCs	binding intent exists; current module/fixture/future design receives no implementation credit
CP-006.01	CP-006	design/12 §7	Load saves against their pinned pack set	player	none	none	none	unavailable at 190a4fa: Load saves against their pinned pack set	none	no production producer-to-consumer path	absent	future accepted RFC	binding intent exists; current module/fixture/future design receives no implementation credit
CP-006.02	CP-006	design/12 §7	Migrate compatible pack-set saves	player	none	none	none	unavailable at 190a4fa: Migrate compatible pack-set saves	none	no production producer-to-consumer path	absent	future accepted RFC	binding intent exists; current module/fixture/future design receives no implementation credit
CP-006.03	CP-006	design/12 §7	Retire a pack without corrupting historical saves	player	none	none	none	unavailable at 190a4fa: Retire a pack without corrupting historical saves	none	no production producer-to-consumer path	absent	future accepted RFC	binding intent exists; current module/fixture/future design receives no implementation credit
W-001.01	W-001	design/13 §2	Render a state-derived personal diorama	player	none	none	none	unavailable at 190a4fa: Render a state-derived personal diorama	none	no production producer-to-consumer path	absent	world/rendering RFC	binding intent exists; current module/fixture/future design receives no implementation credit
W-001.02	W-001	design/13 §2	Fast-forward the diorama on return	player	none	none	none	unavailable at 190a4fa: Fast-forward the diorama on return	none	no production producer-to-consumer path	absent	world/rendering RFC	binding intent exists; current module/fixture/future design receives no implementation credit
W-001.03	W-001	design/13 §2	Keep the diorama non-authoritative	content author	none	none	none	unavailable at 190a4fa: Keep the diorama non-authoritative	none	no production producer-to-consumer path	absent	world/rendering RFC	binding intent exists; current module/fixture/future design receives no implementation credit
W-002.01	W-002	design/13 §3	Place adoption or regulation pressure on regions	player	none	none	none	unavailable at 190a4fa: Place adoption or regulation pressure on regions	none	no production producer-to-consumer path	absent	v1.0 future RFC	binding intent exists; current module/fixture/future design receives no implementation credit
W-002.02	W-002	design/13 §3	Watch the spatial campaign respond to player actions	player	none	none	none	unavailable at 190a4fa: Watch the spatial campaign respond to player actions	none	no production producer-to-consumer path	absent	v1.0 future RFC	binding intent exists; current module/fixture/future design receives no implementation credit
W-003.01	W-003	design/13 §4	Observe shared world state	player	world aggregation/snapshot primitives	presence/count only	no regional map artifact	backend/data path only; intended player path unavailable: Observe shared world state	cold world/transport tests	named limitation prevents the larger claim	backend_or_data_only	World RFC plus map/content/UI	Regional Planet and public final artifact absent
W-003.02	W-003	design/13 §4	Observe a regional Planet ratchet	player	world aggregation/snapshot primitives	presence/count only	no regional map artifact	backend/data path only; intended player path unavailable: Observe a regional Planet ratchet	cold world/transport tests	named limitation prevents the larger claim	backend_or_data_only	World RFC plus map/content/UI	Regional Planet and public final artifact absent
W-003.03	W-003	design/13 §4	Inspect a public immutable world artifact	player	world aggregation/snapshot primitives	presence/count only	no regional map artifact	backend/data path only; intended player path unavailable: Inspect a public immutable world artifact	cold world/transport tests	named limitation prevents the larger claim	backend_or_data_only	World RFC plus map/content/UI	Regional Planet and public final artifact absent
W-004.01	W-004	design/13 §5	Draft one of offered regions	player	none	none	none	unavailable at 190a4fa: Draft one of offered regions	none	no production producer-to-consumer path	absent	World/content RFC	binding intent exists; current module/fixture/future design receives no implementation credit
W-004.02	W-004	design/13 §5	Place infrastructure under the Thermal Law	player	none	none	none	unavailable at 190a4fa: Place infrastructure under the Thermal Law	none	no production producer-to-consumer path	absent	World/content RFC	binding intent exists; current module/fixture/future design receives no implementation credit
W-004.03	W-004	design/13 §5	Reveal world geography through placement	player	none	none	none	unavailable at 190a4fa: Reveal world geography through placement	none	no production producer-to-consumer path	absent	World/content RFC	binding intent exists; current module/fixture/future design receives no implementation credit
W-005.01	W-005	design/13 §6	Interact with the Pixi or WebGPU world view	player	none	none	none	unavailable at 190a4fa: Interact with the Pixi or WebGPU world view	none	no production producer-to-consumer path	absent	rendering research/RFC	binding intent exists; current module/fixture/future design receives no implementation credit
W-005.02	W-005	design/13 §6	Open a baked accessible world overview	player	none	none	none	unavailable at 190a4fa: Open a baked accessible world overview	none	no production producer-to-consumer path	absent	rendering research/RFC	binding intent exists; current module/fixture/future design receives no implementation credit
W-005.03	W-005	design/13 §6	Use world rendering at supported scale	player	none	none	none	unavailable at 190a4fa: Use world rendering at supported scale	none	no production producer-to-consumer path	absent	rendering research/RFC	binding intent exists; current module/fixture/future design receives no implementation credit
