unit_id	artifact	family	json_pointer	unit_kind	authored_identity	loader	runtime_producer	player_consumer	current_reachability	executable_witness	failure_or_limit	verdict	authority_route
balance/achievements/first-content.json#/achievements/0	balance/achievements/first-content.json	achievements	/achievements/0	object_record	achievement.career_attended_day	epochseed/replaycatalog + achievement catalog	achievement evaluator and Clout-grant projection	none mounted	backend evaluator active for reachable conditions	cold achievement catalog/evaluation/replay tests	No achievement surface; later-tier and multi-run conditions are overridden below	backend_active	D-007 then accepted Achievement/API/Game UI owner
balance/achievements/first-content.json#/achievements/0/condition	balance/achievements/first-content.json	achievements	/achievements/0/condition	nested_object	object:/achievements/0/condition	epochseed/replaycatalog + achievement catalog	achievement evaluator and Clout-grant projection	none mounted	backend evaluator active for reachable conditions	cold achievement catalog/evaluation/replay tests	No achievement surface; later-tier and multi-run conditions are overridden below	backend_active	D-007 then accepted Achievement/API/Game UI owner
balance/achievements/first-content.json#/achievements/0/proof	balance/achievements/first-content.json	achievements	/achievements/0/proof	nested_object	object:/achievements/0/proof	epochseed/replaycatalog + achievement catalog	achievement evaluator and Clout-grant projection	none mounted	backend evaluator active for reachable conditions	cold achievement catalog/evaluation/replay tests	No achievement surface; later-tier and multi-run conditions are overridden below	backend_active	D-007 then accepted Achievement/API/Game UI owner
balance/achievements/first-content.json#/achievements/0/proof/event_kinds/0	balance/achievements/first-content.json	achievements	/achievements/0/proof/event_kinds/0	primitive_edge	"founder_advanced"	epochseed/replaycatalog + achievement catalog	achievement evaluator and Clout-grant projection	none mounted	backend evaluator active for reachable conditions	cold achievement catalog/evaluation/replay tests	No achievement surface; later-tier and multi-run conditions are overridden below	backend_active	D-007 then accepted Achievement/API/Game UI owner
balance/achievements/first-content.json#/achievements/1	balance/achievements/first-content.json	achievements	/achievements/1	object_record	achievement.career_attended_hour	epochseed/replaycatalog + achievement catalog	achievement evaluator and Clout-grant projection	none mounted	backend evaluator active for reachable conditions	cold achievement catalog/evaluation/replay tests	No achievement surface; later-tier and multi-run conditions are overridden below	backend_active	D-007 then accepted Achievement/API/Game UI owner
balance/achievements/first-content.json#/achievements/1/condition	balance/achievements/first-content.json	achievements	/achievements/1/condition	nested_object	object:/achievements/1/condition	epochseed/replaycatalog + achievement catalog	achievement evaluator and Clout-grant projection	none mounted	backend evaluator active for reachable conditions	cold achievement catalog/evaluation/replay tests	No achievement surface; later-tier and multi-run conditions are overridden below	backend_active	D-007 then accepted Achievement/API/Game UI owner
balance/achievements/first-content.json#/achievements/1/proof	balance/achievements/first-content.json	achievements	/achievements/1/proof	nested_object	object:/achievements/1/proof	epochseed/replaycatalog + achievement catalog	achievement evaluator and Clout-grant projection	none mounted	backend evaluator active for reachable conditions	cold achievement catalog/evaluation/replay tests	No achievement surface; later-tier and multi-run conditions are overridden below	backend_active	D-007 then accepted Achievement/API/Game UI owner
balance/achievements/first-content.json#/achievements/1/proof/event_kinds/0	balance/achievements/first-content.json	achievements	/achievements/1/proof/event_kinds/0	primitive_edge	"founder_advanced"	epochseed/replaycatalog + achievement catalog	achievement evaluator and Clout-grant projection	none mounted	backend evaluator active for reachable conditions	cold achievement catalog/evaluation/replay tests	No achievement surface; later-tier and multi-run conditions are overridden below	backend_active	D-007 then accepted Achievement/API/Game UI owner
balance/achievements/first-content.json#/achievements/2	balance/achievements/first-content.json	achievements	/achievements/2	object_record	achievement.exit_count_5	epochseed/replaycatalog + achievement catalog	achievement evaluator and Clout-grant projection	none mounted	registered condition requires multi-run or absent Tier-3/Tier-5 state	catalog/replay validation only; no reachable current default workflow	Current T0-T1/one-exit content cannot satisfy this condition	backend_registered_dormant	D-007 then accepted Achievement/API/Game UI owner
balance/achievements/first-content.json#/achievements/2/condition	balance/achievements/first-content.json	achievements	/achievements/2/condition	nested_object	object:/achievements/2/condition	epochseed/replaycatalog + achievement catalog	achievement evaluator and Clout-grant projection	none mounted	registered condition requires multi-run or absent Tier-3/Tier-5 state	catalog/replay validation only; no reachable current default workflow	Current T0-T1/one-exit content cannot satisfy this condition	backend_registered_dormant	D-007 then accepted Achievement/API/Game UI owner
balance/achievements/first-content.json#/achievements/2/proof	balance/achievements/first-content.json	achievements	/achievements/2/proof	nested_object	object:/achievements/2/proof	epochseed/replaycatalog + achievement catalog	achievement evaluator and Clout-grant projection	none mounted	registered condition requires multi-run or absent Tier-3/Tier-5 state	catalog/replay validation only; no reachable current default workflow	Current T0-T1/one-exit content cannot satisfy this condition	backend_registered_dormant	D-007 then accepted Achievement/API/Game UI owner
balance/achievements/first-content.json#/achievements/2/proof/event_kinds/0	balance/achievements/first-content.json	achievements	/achievements/2/proof/event_kinds/0	primitive_edge	"founder_advanced"	epochseed/replaycatalog + achievement catalog	achievement evaluator and Clout-grant projection	none mounted	registered condition requires multi-run or absent Tier-3/Tier-5 state	catalog/replay validation only; no reachable current default workflow	Current T0-T1/one-exit content cannot satisfy this condition	backend_registered_dormant	D-007 then accepted Achievement/API/Game UI owner
balance/achievements/first-content.json#/achievements/2/proof/event_kinds/1	balance/achievements/first-content.json	achievements	/achievements/2/proof/event_kinds/1	primitive_edge	"run_ended"	epochseed/replaycatalog + achievement catalog	achievement evaluator and Clout-grant projection	none mounted	registered condition requires multi-run or absent Tier-3/Tier-5 state	catalog/replay validation only; no reachable current default workflow	Current T0-T1/one-exit content cannot satisfy this condition	backend_registered_dormant	D-007 then accepted Achievement/API/Game UI owner
balance/achievements/first-content.json#/achievements/3	balance/achievements/first-content.json	achievements	/achievements/3	object_record	achievement.first_gate	epochseed/replaycatalog + achievement catalog	achievement evaluator and Clout-grant projection	none mounted	backend evaluator active for reachable conditions	cold achievement catalog/evaluation/replay tests	No achievement surface; later-tier and multi-run conditions are overridden below	backend_active	D-007 then accepted Achievement/API/Game UI owner
balance/achievements/first-content.json#/achievements/3/condition	balance/achievements/first-content.json	achievements	/achievements/3/condition	nested_object	object:/achievements/3/condition	epochseed/replaycatalog + achievement catalog	achievement evaluator and Clout-grant projection	none mounted	backend evaluator active for reachable conditions	cold achievement catalog/evaluation/replay tests	No achievement surface; later-tier and multi-run conditions are overridden below	backend_active	D-007 then accepted Achievement/API/Game UI owner
balance/achievements/first-content.json#/achievements/3/proof	balance/achievements/first-content.json	achievements	/achievements/3/proof	nested_object	object:/achievements/3/proof	epochseed/replaycatalog + achievement catalog	achievement evaluator and Clout-grant projection	none mounted	backend evaluator active for reachable conditions	cold achievement catalog/evaluation/replay tests	No achievement surface; later-tier and multi-run conditions are overridden below	backend_active	D-007 then accepted Achievement/API/Game UI owner
balance/achievements/first-content.json#/achievements/3/proof/event_kinds/0	balance/achievements/first-content.json	achievements	/achievements/3/proof/event_kinds/0	primitive_edge	"gate_crossed"	epochseed/replaycatalog + achievement catalog	achievement evaluator and Clout-grant projection	none mounted	backend evaluator active for reachable conditions	cold achievement catalog/evaluation/replay tests	No achievement surface; later-tier and multi-run conditions are overridden below	backend_active	D-007 then accepted Achievement/API/Game UI owner
balance/achievements/first-content.json#/achievements/4	balance/achievements/first-content.json	achievements	/achievements/4	object_record	achievement.gate_burn_t3	epochseed/replaycatalog + achievement catalog	achievement evaluator and Clout-grant projection	none mounted	registered condition requires multi-run or absent Tier-3/Tier-5 state	catalog/replay validation only; no reachable current default workflow	Current T0-T1/one-exit content cannot satisfy this condition	backend_registered_dormant	D-007 then accepted Achievement/API/Game UI owner
balance/achievements/first-content.json#/achievements/4/condition	balance/achievements/first-content.json	achievements	/achievements/4/condition	nested_object	object:/achievements/4/condition	epochseed/replaycatalog + achievement catalog	achievement evaluator and Clout-grant projection	none mounted	registered condition requires multi-run or absent Tier-3/Tier-5 state	catalog/replay validation only; no reachable current default workflow	Current T0-T1/one-exit content cannot satisfy this condition	backend_registered_dormant	D-007 then accepted Achievement/API/Game UI owner
balance/achievements/first-content.json#/achievements/4/proof	balance/achievements/first-content.json	achievements	/achievements/4/proof	nested_object	resource_id:company.cash	epochseed/replaycatalog + achievement catalog	achievement evaluator and Clout-grant projection	none mounted	registered condition requires multi-run or absent Tier-3/Tier-5 state	catalog/replay validation only; no reachable current default workflow	Current T0-T1/one-exit content cannot satisfy this condition	backend_registered_dormant	D-007 then accepted Achievement/API/Game UI owner
balance/achievements/first-content.json#/achievements/5	balance/achievements/first-content.json	achievements	/achievements/5	object_record	achievement.generators_owned_100	epochseed/replaycatalog + achievement catalog	achievement evaluator and Clout-grant projection	none mounted	backend evaluator active for reachable conditions	cold achievement catalog/evaluation/replay tests	No achievement surface; later-tier and multi-run conditions are overridden below	backend_active	D-007 then accepted Achievement/API/Game UI owner
balance/achievements/first-content.json#/achievements/5/condition	balance/achievements/first-content.json	achievements	/achievements/5/condition	nested_object	generator_id:generator.beige_tower	epochseed/replaycatalog + achievement catalog	achievement evaluator and Clout-grant projection	none mounted	backend evaluator active for reachable conditions	cold achievement catalog/evaluation/replay tests	No achievement surface; later-tier and multi-run conditions are overridden below	backend_active	D-007 then accepted Achievement/API/Game UI owner
balance/achievements/first-content.json#/achievements/5/proof	balance/achievements/first-content.json	achievements	/achievements/5/proof	nested_object	object:/achievements/5/proof	epochseed/replaycatalog + achievement catalog	achievement evaluator and Clout-grant projection	none mounted	backend evaluator active for reachable conditions	cold achievement catalog/evaluation/replay tests	No achievement surface; later-tier and multi-run conditions are overridden below	backend_active	D-007 then accepted Achievement/API/Game UI owner
balance/achievements/first-content.json#/achievements/6	balance/achievements/first-content.json	achievements	/achievements/6	object_record	achievement.generators_owned_300	epochseed/replaycatalog + achievement catalog	achievement evaluator and Clout-grant projection	none mounted	backend evaluator active for reachable conditions	cold achievement catalog/evaluation/replay tests	No achievement surface; later-tier and multi-run conditions are overridden below	backend_active	D-007 then accepted Achievement/API/Game UI owner
balance/achievements/first-content.json#/achievements/6/condition	balance/achievements/first-content.json	achievements	/achievements/6/condition	nested_object	generator_id:generator.beige_tower	epochseed/replaycatalog + achievement catalog	achievement evaluator and Clout-grant projection	none mounted	backend evaluator active for reachable conditions	cold achievement catalog/evaluation/replay tests	No achievement surface; later-tier and multi-run conditions are overridden below	backend_active	D-007 then accepted Achievement/API/Game UI owner
balance/achievements/first-content.json#/achievements/6/proof	balance/achievements/first-content.json	achievements	/achievements/6/proof	nested_object	object:/achievements/6/proof	epochseed/replaycatalog + achievement catalog	achievement evaluator and Clout-grant projection	none mounted	backend evaluator active for reachable conditions	cold achievement catalog/evaluation/replay tests	No achievement surface; later-tier and multi-run conditions are overridden below	backend_active	D-007 then accepted Achievement/API/Game UI owner
balance/achievements/first-content.json#/achievements/7	balance/achievements/first-content.json	achievements	/achievements/7	object_record	achievement.generators_purchased_1	epochseed/replaycatalog + achievement catalog	achievement evaluator and Clout-grant projection	none mounted	backend evaluator active for reachable conditions	cold achievement catalog/evaluation/replay tests	No achievement surface; later-tier and multi-run conditions are overridden below	backend_active	D-007 then accepted Achievement/API/Game UI owner
balance/achievements/first-content.json#/achievements/7/condition	balance/achievements/first-content.json	achievements	/achievements/7/condition	nested_object	object:/achievements/7/condition	epochseed/replaycatalog + achievement catalog	achievement evaluator and Clout-grant projection	none mounted	backend evaluator active for reachable conditions	cold achievement catalog/evaluation/replay tests	No achievement surface; later-tier and multi-run conditions are overridden below	backend_active	D-007 then accepted Achievement/API/Game UI owner
balance/achievements/first-content.json#/achievements/7/proof	balance/achievements/first-content.json	achievements	/achievements/7/proof	nested_object	object:/achievements/7/proof	epochseed/replaycatalog + achievement catalog	achievement evaluator and Clout-grant projection	none mounted	backend evaluator active for reachable conditions	cold achievement catalog/evaluation/replay tests	No achievement surface; later-tier and multi-run conditions are overridden below	backend_active	D-007 then accepted Achievement/API/Game UI owner
balance/achievements/first-content.json#/achievements/7/proof/event_kinds/0	balance/achievements/first-content.json	achievements	/achievements/7/proof/event_kinds/0	primitive_edge	"generator_purchased"	epochseed/replaycatalog + achievement catalog	achievement evaluator and Clout-grant projection	none mounted	backend evaluator active for reachable conditions	cold achievement catalog/evaluation/replay tests	No achievement surface; later-tier and multi-run conditions are overridden below	backend_active	D-007 then accepted Achievement/API/Game UI owner
balance/achievements/first-content.json#/achievements/8	balance/achievements/first-content.json	achievements	/achievements/8	object_record	achievement.generators_purchased_25	epochseed/replaycatalog + achievement catalog	achievement evaluator and Clout-grant projection	none mounted	backend evaluator active for reachable conditions	cold achievement catalog/evaluation/replay tests	No achievement surface; later-tier and multi-run conditions are overridden below	backend_active	D-007 then accepted Achievement/API/Game UI owner
balance/achievements/first-content.json#/achievements/8/condition	balance/achievements/first-content.json	achievements	/achievements/8/condition	nested_object	object:/achievements/8/condition	epochseed/replaycatalog + achievement catalog	achievement evaluator and Clout-grant projection	none mounted	backend evaluator active for reachable conditions	cold achievement catalog/evaluation/replay tests	No achievement surface; later-tier and multi-run conditions are overridden below	backend_active	D-007 then accepted Achievement/API/Game UI owner
balance/achievements/first-content.json#/achievements/8/proof	balance/achievements/first-content.json	achievements	/achievements/8/proof	nested_object	object:/achievements/8/proof	epochseed/replaycatalog + achievement catalog	achievement evaluator and Clout-grant projection	none mounted	backend evaluator active for reachable conditions	cold achievement catalog/evaluation/replay tests	No achievement surface; later-tier and multi-run conditions are overridden below	backend_active	D-007 then accepted Achievement/API/Game UI owner
balance/achievements/first-content.json#/achievements/8/proof/event_kinds/0	balance/achievements/first-content.json	achievements	/achievements/8/proof/event_kinds/0	primitive_edge	"generator_purchased"	epochseed/replaycatalog + achievement catalog	achievement evaluator and Clout-grant projection	none mounted	backend evaluator active for reachable conditions	cold achievement catalog/evaluation/replay tests	No achievement surface; later-tier and multi-run conditions are overridden below	backend_active	D-007 then accepted Achievement/API/Game UI owner
balance/achievements/first-content.json#/achievements/9	balance/achievements/first-content.json	achievements	/achievements/9	object_record	achievement.generators_purchased_25_tier_3	epochseed/replaycatalog + achievement catalog	achievement evaluator and Clout-grant projection	none mounted	registered condition requires multi-run or absent Tier-3/Tier-5 state	catalog/replay validation only; no reachable current default workflow	Current T0-T1/one-exit content cannot satisfy this condition	backend_registered_dormant	D-007 then accepted Achievement/API/Game UI owner
balance/achievements/first-content.json#/achievements/9/condition	balance/achievements/first-content.json	achievements	/achievements/9/condition	nested_object	object:/achievements/9/condition	epochseed/replaycatalog + achievement catalog	achievement evaluator and Clout-grant projection	none mounted	registered condition requires multi-run or absent Tier-3/Tier-5 state	catalog/replay validation only; no reachable current default workflow	Current T0-T1/one-exit content cannot satisfy this condition	backend_registered_dormant	D-007 then accepted Achievement/API/Game UI owner
balance/achievements/first-content.json#/achievements/9/condition/conditions/0	balance/achievements/first-content.json	achievements	/achievements/9/condition/conditions/0	object_record	object:/achievements/9/condition/conditions/0	epochseed/replaycatalog + achievement catalog	achievement evaluator and Clout-grant projection	none mounted	registered condition requires multi-run or absent Tier-3/Tier-5 state	catalog/replay validation only; no reachable current default workflow	Current T0-T1/one-exit content cannot satisfy this condition	backend_registered_dormant	D-007 then accepted Achievement/API/Game UI owner
balance/achievements/first-content.json#/achievements/9/condition/conditions/1	balance/achievements/first-content.json	achievements	/achievements/9/condition/conditions/1	object_record	object:/achievements/9/condition/conditions/1	epochseed/replaycatalog + achievement catalog	achievement evaluator and Clout-grant projection	none mounted	registered condition requires multi-run or absent Tier-3/Tier-5 state	catalog/replay validation only; no reachable current default workflow	Current T0-T1/one-exit content cannot satisfy this condition	backend_registered_dormant	D-007 then accepted Achievement/API/Game UI owner
balance/achievements/first-content.json#/achievements/9/proof	balance/achievements/first-content.json	achievements	/achievements/9/proof	nested_object	object:/achievements/9/proof	epochseed/replaycatalog + achievement catalog	achievement evaluator and Clout-grant projection	none mounted	registered condition requires multi-run or absent Tier-3/Tier-5 state	catalog/replay validation only; no reachable current default workflow	Current T0-T1/one-exit content cannot satisfy this condition	backend_registered_dormant	D-007 then accepted Achievement/API/Game UI owner
balance/achievements/first-content.json#/achievements/9/proof/event_kinds/0	balance/achievements/first-content.json	achievements	/achievements/9/proof/event_kinds/0	primitive_edge	"gate_crossed"	epochseed/replaycatalog + achievement catalog	achievement evaluator and Clout-grant projection	none mounted	registered condition requires multi-run or absent Tier-3/Tier-5 state	catalog/replay validation only; no reachable current default workflow	Current T0-T1/one-exit content cannot satisfy this condition	backend_registered_dormant	D-007 then accepted Achievement/API/Game UI owner
balance/achievements/first-content.json#/achievements/9/proof/event_kinds/1	balance/achievements/first-content.json	achievements	/achievements/9/proof/event_kinds/1	primitive_edge	"generator_purchased"	epochseed/replaycatalog + achievement catalog	achievement evaluator and Clout-grant projection	none mounted	registered condition requires multi-run or absent Tier-3/Tier-5 state	catalog/replay validation only; no reachable current default workflow	Current T0-T1/one-exit content cannot satisfy this condition	backend_registered_dormant	D-007 then accepted Achievement/API/Game UI owner
balance/achievements/first-content.json#/achievements/10	balance/achievements/first-content.json	achievements	/achievements/10	object_record	achievement.old_hand	epochseed/replaycatalog + achievement catalog	achievement evaluator and Clout-grant projection	none mounted	backend evaluator active for reachable conditions	cold achievement catalog/evaluation/replay tests	No achievement surface; later-tier and multi-run conditions are overridden below	backend_active	D-007 then accepted Achievement/API/Game UI owner
balance/achievements/first-content.json#/achievements/10/condition	balance/achievements/first-content.json	achievements	/achievements/10/condition	nested_object	object:/achievements/10/condition	epochseed/replaycatalog + achievement catalog	achievement evaluator and Clout-grant projection	none mounted	backend evaluator active for reachable conditions	cold achievement catalog/evaluation/replay tests	No achievement surface; later-tier and multi-run conditions are overridden below	backend_active	D-007 then accepted Achievement/API/Game UI owner
balance/achievements/first-content.json#/achievements/10/proof	balance/achievements/first-content.json	achievements	/achievements/10/proof	nested_object	object:/achievements/10/proof	epochseed/replaycatalog + achievement catalog	achievement evaluator and Clout-grant projection	none mounted	backend evaluator active for reachable conditions	cold achievement catalog/evaluation/replay tests	No achievement surface; later-tier and multi-run conditions are overridden below	backend_active	D-007 then accepted Achievement/API/Game UI owner
balance/achievements/first-content.json#/achievements/10/proof/event_kinds/0	balance/achievements/first-content.json	achievements	/achievements/10/proof/event_kinds/0	primitive_edge	"founder_advanced"	epochseed/replaycatalog + achievement catalog	achievement evaluator and Clout-grant projection	none mounted	backend evaluator active for reachable conditions	cold achievement catalog/evaluation/replay tests	No achievement surface; later-tier and multi-run conditions are overridden below	backend_active	D-007 then accepted Achievement/API/Game UI owner
balance/achievements/first-content.json#/achievements/10/proof/event_kinds/1	balance/achievements/first-content.json	achievements	/achievements/10/proof/event_kinds/1	primitive_edge	"run_ended"	epochseed/replaycatalog + achievement catalog	achievement evaluator and Clout-grant projection	none mounted	backend evaluator active for reachable conditions	cold achievement catalog/evaluation/replay tests	No achievement surface; later-tier and multi-run conditions are overridden below	backend_active	D-007 then accepted Achievement/API/Game UI owner
balance/achievements/first-content.json#/achievements/11	balance/achievements/first-content.json	achievements	/achievements/11	object_record	achievement.tier_5	epochseed/replaycatalog + achievement catalog	achievement evaluator and Clout-grant projection	none mounted	registered condition requires multi-run or absent Tier-3/Tier-5 state	catalog/replay validation only; no reachable current default workflow	Current T0-T1/one-exit content cannot satisfy this condition	backend_registered_dormant	D-007 then accepted Achievement/API/Game UI owner
balance/achievements/first-content.json#/achievements/11/condition	balance/achievements/first-content.json	achievements	/achievements/11/condition	nested_object	object:/achievements/11/condition	epochseed/replaycatalog + achievement catalog	achievement evaluator and Clout-grant projection	none mounted	registered condition requires multi-run or absent Tier-3/Tier-5 state	catalog/replay validation only; no reachable current default workflow	Current T0-T1/one-exit content cannot satisfy this condition	backend_registered_dormant	D-007 then accepted Achievement/API/Game UI owner
balance/achievements/first-content.json#/achievements/11/proof	balance/achievements/first-content.json	achievements	/achievements/11/proof	nested_object	object:/achievements/11/proof	epochseed/replaycatalog + achievement catalog	achievement evaluator and Clout-grant projection	none mounted	registered condition requires multi-run or absent Tier-3/Tier-5 state	catalog/replay validation only; no reachable current default workflow	Current T0-T1/one-exit content cannot satisfy this condition	backend_registered_dormant	D-007 then accepted Achievement/API/Game UI owner
balance/achievements/first-content.json#/achievements/11/proof/event_kinds/0	balance/achievements/first-content.json	achievements	/achievements/11/proof/event_kinds/0	primitive_edge	"gate_crossed"	epochseed/replaycatalog + achievement catalog	achievement evaluator and Clout-grant projection	none mounted	registered condition requires multi-run or absent Tier-3/Tier-5 state	catalog/replay validation only; no reachable current default workflow	Current T0-T1/one-exit content cannot satisfy this condition	backend_registered_dormant	D-007 then accepted Achievement/API/Game UI owner
balance/catalogs/phase0.json#/resources/0	balance/catalogs/phase0.json	economy	/resources/0	object_record	company.cash	epochseed/replaycatalog + strict economy catalog	authoritative production/economy transitions	mounted Game UI Desk projection	real producer and mounted consumer exist separately	cold T0-T1 server first-hour plus current-data Game UI fixtures	No row-discriminating composed browser gameplay transition; browser proof stops at Desk	partial_mounted	Game UI AC1 body reconciliation plus accepted content/UI successor
balance/catalogs/phase0.json#/resources/0/hardcap	balance/catalogs/phase0.json	economy	/resources/0/hardcap	nested_object	object:/resources/0/hardcap	epochseed/replaycatalog + strict economy catalog	authoritative production/economy transitions	mounted Game UI Desk projection	real producer and mounted consumer exist separately	cold T0-T1 server first-hour plus current-data Game UI fixtures	No row-discriminating composed browser gameplay transition; browser proof stops at Desk	partial_mounted	Game UI AC1 body reconciliation plus accepted content/UI successor
balance/catalogs/phase0.json#/resources/1	balance/catalogs/phase0.json	economy	/resources/1	object_record	company.permits	epochseed/replaycatalog + strict economy catalog	authoritative production/economy transitions	none in the current T0-T1 player workflow	registered economy row requires absent Tier-2/Tier-3 content	catalog/production tests only; no reachable current default workflow	Current T0-T1 game cannot activate this row	backend_registered_dormant	Game UI AC1 body reconciliation plus accepted content/UI successor
balance/catalogs/phase0.json#/resources/1/hardcap	balance/catalogs/phase0.json	economy	/resources/1/hardcap	nested_object	object:/resources/1/hardcap	epochseed/replaycatalog + strict economy catalog	authoritative production/economy transitions	none in the current T0-T1 player workflow	registered economy row requires absent Tier-2/Tier-3 content	catalog/production tests only; no reachable current default workflow	Current T0-T1 game cannot activate this row	backend_registered_dormant	Game UI AC1 body reconciliation plus accepted content/UI successor
balance/catalogs/phase0.json#/generator_classes/0	balance/catalogs/phase0.json	economy	/generator_classes/0	object_record	generator.beige_tower	epochseed/replaycatalog + strict economy catalog	authoritative production/economy transitions	mounted Game UI Desk projection	real producer and mounted consumer exist separately	cold T0-T1 server first-hour plus current-data Game UI fixtures	No row-discriminating composed browser gameplay transition; browser proof stops at Desk	partial_mounted	Game UI AC1 body reconciliation plus accepted content/UI successor
balance/catalogs/phase0.json#/generator_classes/0/price	balance/catalogs/phase0.json	economy	/generator_classes/0/price	nested_object	resource_id:company.cash	epochseed/replaycatalog + strict economy catalog	authoritative production/economy transitions	mounted Game UI Desk projection	real producer and mounted consumer exist separately	cold T0-T1 server first-hour plus current-data Game UI fixtures	No row-discriminating composed browser gameplay transition; browser proof stops at Desk	partial_mounted	Game UI AC1 body reconciliation plus accepted content/UI successor
balance/catalogs/phase0.json#/generator_classes/0/price/curve	balance/catalogs/phase0.json	economy	/generator_classes/0/price/curve	nested_object	object:/generator_classes/0/price/curve	epochseed/replaycatalog + strict economy catalog	authoritative production/economy transitions	mounted Game UI Desk projection	real producer and mounted consumer exist separately	cold T0-T1 server first-hour plus current-data Game UI fixtures	No row-discriminating composed browser gameplay transition; browser proof stops at Desk	partial_mounted	Game UI AC1 body reconciliation plus accepted content/UI successor
balance/catalogs/phase0.json#/generator_classes/0/production	balance/catalogs/phase0.json	economy	/generator_classes/0/production	nested_object	resource_id:company.cash	epochseed/replaycatalog + strict economy catalog	authoritative production/economy transitions	mounted Game UI Desk projection	real producer and mounted consumer exist separately	cold T0-T1 server first-hour plus current-data Game UI fixtures	No row-discriminating composed browser gameplay transition; browser proof stops at Desk	partial_mounted	Game UI AC1 body reconciliation plus accepted content/UI successor
balance/catalogs/phase0.json#/generator_classes/0/provisioned_hardcap	balance/catalogs/phase0.json	economy	/generator_classes/0/provisioned_hardcap	nested_object	object:/generator_classes/0/provisioned_hardcap	epochseed/replaycatalog + strict economy catalog	authoritative production/economy transitions	mounted Game UI Desk projection	real producer and mounted consumer exist separately	cold T0-T1 server first-hour plus current-data Game UI fixtures	No row-discriminating composed browser gameplay transition; browser proof stops at Desk	partial_mounted	Game UI AC1 body reconciliation plus accepted content/UI successor
balance/catalogs/phase0.json#/generator_classes/0/ladder/0	balance/catalogs/phase0.json	economy	/generator_classes/0/ladder/0	object_record	object:/generator_classes/0/ladder/0	epochseed/replaycatalog + strict economy catalog	authoritative production/economy transitions	mounted Game UI Desk projection	real producer and mounted consumer exist separately	cold T0-T1 server first-hour plus current-data Game UI fixtures	No row-discriminating composed browser gameplay transition; browser proof stops at Desk	partial_mounted	Game UI AC1 body reconciliation plus accepted content/UI successor
balance/catalogs/phase0.json#/generator_classes/0/ladder/1	balance/catalogs/phase0.json	economy	/generator_classes/0/ladder/1	object_record	object:/generator_classes/0/ladder/1	epochseed/replaycatalog + strict economy catalog	authoritative production/economy transitions	mounted Game UI Desk projection	real producer and mounted consumer exist separately	cold T0-T1 server first-hour plus current-data Game UI fixtures	No row-discriminating composed browser gameplay transition; browser proof stops at Desk	partial_mounted	Game UI AC1 body reconciliation plus accepted content/UI successor
balance/catalogs/phase0.json#/generator_classes/0/ladder/2	balance/catalogs/phase0.json	economy	/generator_classes/0/ladder/2	object_record	object:/generator_classes/0/ladder/2	epochseed/replaycatalog + strict economy catalog	authoritative production/economy transitions	mounted Game UI Desk projection	real producer and mounted consumer exist separately	cold T0-T1 server first-hour plus current-data Game UI fixtures	No row-discriminating composed browser gameplay transition; browser proof stops at Desk	partial_mounted	Game UI AC1 body reconciliation plus accepted content/UI successor
balance/catalogs/phase0.json#/generator_classes/0/roles/0	balance/catalogs/phase0.json	economy	/generator_classes/0/roles/0	object_record	pool_id:pool.operational_excellence	epochseed/replaycatalog + strict economy catalog	authoritative production/economy transitions	mounted Game UI Desk projection	real producer and mounted consumer exist separately	cold T0-T1 server first-hour plus current-data Game UI fixtures	No row-discriminating composed browser gameplay transition; browser proof stops at Desk	partial_mounted	Game UI AC1 body reconciliation plus accepted content/UI successor
balance/catalogs/phase0.json#/generator_classes/0/roles/1	balance/catalogs/phase0.json	economy	/generator_classes/0/roles/1	object_record	action_id:manual.click	epochseed/replaycatalog + strict economy catalog	authoritative production/economy transitions	mounted Game UI Desk projection	real producer and mounted consumer exist separately	cold T0-T1 server first-hour plus current-data Game UI fixtures	No row-discriminating composed browser gameplay transition; browser proof stops at Desk	partial_mounted	Game UI AC1 body reconciliation plus accepted content/UI successor
balance/catalogs/phase0.json#/generator_classes/0/roles/2	balance/catalogs/phase0.json	economy	/generator_classes/0/roles/2	object_record	object:/generator_classes/0/roles/2	epochseed/replaycatalog + strict economy catalog	authoritative production/economy transitions	none mounted for the provider-specific opportunity/Commons/Fiscal/faction path	backend multiplier/provider contract active outside the mounted default workflow	cold provider binding/production tests	No mounted provider workflow or integrated effect witness	backend_active	Game UI AC1 body reconciliation plus accepted content/UI successor
balance/catalogs/phase0.json#/generator_classes/1	balance/catalogs/phase0.json	economy	/generator_classes/1	object_record	generator.dot_matrix_queue	epochseed/replaycatalog + strict economy catalog	authoritative production/economy transitions	mounted Game UI Desk projection	real producer and mounted consumer exist separately	cold T0-T1 server first-hour plus current-data Game UI fixtures	No row-discriminating composed browser gameplay transition; browser proof stops at Desk	partial_mounted	Game UI AC1 body reconciliation plus accepted content/UI successor
balance/catalogs/phase0.json#/generator_classes/1/price	balance/catalogs/phase0.json	economy	/generator_classes/1/price	nested_object	resource_id:company.cash	epochseed/replaycatalog + strict economy catalog	authoritative production/economy transitions	mounted Game UI Desk projection	real producer and mounted consumer exist separately	cold T0-T1 server first-hour plus current-data Game UI fixtures	No row-discriminating composed browser gameplay transition; browser proof stops at Desk	partial_mounted	Game UI AC1 body reconciliation plus accepted content/UI successor
balance/catalogs/phase0.json#/generator_classes/1/price/curve	balance/catalogs/phase0.json	economy	/generator_classes/1/price/curve	nested_object	object:/generator_classes/1/price/curve	epochseed/replaycatalog + strict economy catalog	authoritative production/economy transitions	mounted Game UI Desk projection	real producer and mounted consumer exist separately	cold T0-T1 server first-hour plus current-data Game UI fixtures	No row-discriminating composed browser gameplay transition; browser proof stops at Desk	partial_mounted	Game UI AC1 body reconciliation plus accepted content/UI successor
balance/catalogs/phase0.json#/generator_classes/1/production	balance/catalogs/phase0.json	economy	/generator_classes/1/production	nested_object	resource_id:company.cash	epochseed/replaycatalog + strict economy catalog	authoritative production/economy transitions	mounted Game UI Desk projection	real producer and mounted consumer exist separately	cold T0-T1 server first-hour plus current-data Game UI fixtures	No row-discriminating composed browser gameplay transition; browser proof stops at Desk	partial_mounted	Game UI AC1 body reconciliation plus accepted content/UI successor
balance/catalogs/phase0.json#/generator_classes/1/ladder/0	balance/catalogs/phase0.json	economy	/generator_classes/1/ladder/0	object_record	object:/generator_classes/1/ladder/0	epochseed/replaycatalog + strict economy catalog	authoritative production/economy transitions	mounted Game UI Desk projection	real producer and mounted consumer exist separately	cold T0-T1 server first-hour plus current-data Game UI fixtures	No row-discriminating composed browser gameplay transition; browser proof stops at Desk	partial_mounted	Game UI AC1 body reconciliation plus accepted content/UI successor
balance/catalogs/phase0.json#/generator_classes/1/ladder/1	balance/catalogs/phase0.json	economy	/generator_classes/1/ladder/1	object_record	object:/generator_classes/1/ladder/1	epochseed/replaycatalog + strict economy catalog	authoritative production/economy transitions	mounted Game UI Desk projection	real producer and mounted consumer exist separately	cold T0-T1 server first-hour plus current-data Game UI fixtures	No row-discriminating composed browser gameplay transition; browser proof stops at Desk	partial_mounted	Game UI AC1 body reconciliation plus accepted content/UI successor
balance/catalogs/phase0.json#/generator_classes/1/ladder/2	balance/catalogs/phase0.json	economy	/generator_classes/1/ladder/2	object_record	object:/generator_classes/1/ladder/2	epochseed/replaycatalog + strict economy catalog	authoritative production/economy transitions	mounted Game UI Desk projection	real producer and mounted consumer exist separately	cold T0-T1 server first-hour plus current-data Game UI fixtures	No row-discriminating composed browser gameplay transition; browser proof stops at Desk	partial_mounted	Game UI AC1 body reconciliation plus accepted content/UI successor
balance/catalogs/phase0.json#/generator_classes/1/roles/0	balance/catalogs/phase0.json	economy	/generator_classes/1/roles/0	object_record	pool_id:pool.operational_excellence	epochseed/replaycatalog + strict economy catalog	authoritative production/economy transitions	mounted Game UI Desk projection	real producer and mounted consumer exist separately	cold T0-T1 server first-hour plus current-data Game UI fixtures	No row-discriminating composed browser gameplay transition; browser proof stops at Desk	partial_mounted	Game UI AC1 body reconciliation plus accepted content/UI successor
balance/catalogs/phase0.json#/generator_classes/2	balance/catalogs/phase0.json	economy	/generator_classes/2	object_record	generator.answering_machine	epochseed/replaycatalog + strict economy catalog	authoritative production/economy transitions	mounted Game UI Desk projection	real producer and mounted consumer exist separately	cold T0-T1 server first-hour plus current-data Game UI fixtures	No row-discriminating composed browser gameplay transition; browser proof stops at Desk	partial_mounted	Game UI AC1 body reconciliation plus accepted content/UI successor
balance/catalogs/phase0.json#/generator_classes/2/price	balance/catalogs/phase0.json	economy	/generator_classes/2/price	nested_object	resource_id:company.cash	epochseed/replaycatalog + strict economy catalog	authoritative production/economy transitions	mounted Game UI Desk projection	real producer and mounted consumer exist separately	cold T0-T1 server first-hour plus current-data Game UI fixtures	No row-discriminating composed browser gameplay transition; browser proof stops at Desk	partial_mounted	Game UI AC1 body reconciliation plus accepted content/UI successor
balance/catalogs/phase0.json#/generator_classes/2/price/curve	balance/catalogs/phase0.json	economy	/generator_classes/2/price/curve	nested_object	object:/generator_classes/2/price/curve	epochseed/replaycatalog + strict economy catalog	authoritative production/economy transitions	mounted Game UI Desk projection	real producer and mounted consumer exist separately	cold T0-T1 server first-hour plus current-data Game UI fixtures	No row-discriminating composed browser gameplay transition; browser proof stops at Desk	partial_mounted	Game UI AC1 body reconciliation plus accepted content/UI successor
balance/catalogs/phase0.json#/generator_classes/2/production	balance/catalogs/phase0.json	economy	/generator_classes/2/production	nested_object	resource_id:company.cash	epochseed/replaycatalog + strict economy catalog	authoritative production/economy transitions	mounted Game UI Desk projection	real producer and mounted consumer exist separately	cold T0-T1 server first-hour plus current-data Game UI fixtures	No row-discriminating composed browser gameplay transition; browser proof stops at Desk	partial_mounted	Game UI AC1 body reconciliation plus accepted content/UI successor
balance/catalogs/phase0.json#/generator_classes/2/ladder/0	balance/catalogs/phase0.json	economy	/generator_classes/2/ladder/0	object_record	object:/generator_classes/2/ladder/0	epochseed/replaycatalog + strict economy catalog	authoritative production/economy transitions	mounted Game UI Desk projection	real producer and mounted consumer exist separately	cold T0-T1 server first-hour plus current-data Game UI fixtures	No row-discriminating composed browser gameplay transition; browser proof stops at Desk	partial_mounted	Game UI AC1 body reconciliation plus accepted content/UI successor
balance/catalogs/phase0.json#/generator_classes/2/ladder/1	balance/catalogs/phase0.json	economy	/generator_classes/2/ladder/1	object_record	object:/generator_classes/2/ladder/1	epochseed/replaycatalog + strict economy catalog	authoritative production/economy transitions	mounted Game UI Desk projection	real producer and mounted consumer exist separately	cold T0-T1 server first-hour plus current-data Game UI fixtures	No row-discriminating composed browser gameplay transition; browser proof stops at Desk	partial_mounted	Game UI AC1 body reconciliation plus accepted content/UI successor
balance/catalogs/phase0.json#/generator_classes/2/ladder/2	balance/catalogs/phase0.json	economy	/generator_classes/2/ladder/2	object_record	object:/generator_classes/2/ladder/2	epochseed/replaycatalog + strict economy catalog	authoritative production/economy transitions	mounted Game UI Desk projection	real producer and mounted consumer exist separately	cold T0-T1 server first-hour plus current-data Game UI fixtures	No row-discriminating composed browser gameplay transition; browser proof stops at Desk	partial_mounted	Game UI AC1 body reconciliation plus accepted content/UI successor
balance/catalogs/phase0.json#/generator_classes/2/roles/0	balance/catalogs/phase0.json	economy	/generator_classes/2/roles/0	object_record	action_id:manual.click	epochseed/replaycatalog + strict economy catalog	authoritative production/economy transitions	mounted Game UI Desk projection	real producer and mounted consumer exist separately	cold T0-T1 server first-hour plus current-data Game UI fixtures	No row-discriminating composed browser gameplay transition; browser proof stops at Desk	partial_mounted	Game UI AC1 body reconciliation plus accepted content/UI successor
balance/catalogs/phase0.json#/generator_classes/3	balance/catalogs/phase0.json	economy	/generator_classes/3	object_record	generator.nephew_intern	epochseed/replaycatalog + strict economy catalog	authoritative production/economy transitions	mounted Game UI Desk projection	real producer and mounted consumer exist separately	cold T0-T1 server first-hour plus current-data Game UI fixtures	No row-discriminating composed browser gameplay transition; browser proof stops at Desk	partial_mounted	Game UI AC1 body reconciliation plus accepted content/UI successor
balance/catalogs/phase0.json#/generator_classes/3/price	balance/catalogs/phase0.json	economy	/generator_classes/3/price	nested_object	resource_id:company.cash	epochseed/replaycatalog + strict economy catalog	authoritative production/economy transitions	mounted Game UI Desk projection	real producer and mounted consumer exist separately	cold T0-T1 server first-hour plus current-data Game UI fixtures	No row-discriminating composed browser gameplay transition; browser proof stops at Desk	partial_mounted	Game UI AC1 body reconciliation plus accepted content/UI successor
balance/catalogs/phase0.json#/generator_classes/3/price/curve	balance/catalogs/phase0.json	economy	/generator_classes/3/price/curve	nested_object	object:/generator_classes/3/price/curve	epochseed/replaycatalog + strict economy catalog	authoritative production/economy transitions	mounted Game UI Desk projection	real producer and mounted consumer exist separately	cold T0-T1 server first-hour plus current-data Game UI fixtures	No row-discriminating composed browser gameplay transition; browser proof stops at Desk	partial_mounted	Game UI AC1 body reconciliation plus accepted content/UI successor
balance/catalogs/phase0.json#/generator_classes/3/production	balance/catalogs/phase0.json	economy	/generator_classes/3/production	nested_object	resource_id:company.cash	epochseed/replaycatalog + strict economy catalog	authoritative production/economy transitions	mounted Game UI Desk projection	real producer and mounted consumer exist separately	cold T0-T1 server first-hour plus current-data Game UI fixtures	No row-discriminating composed browser gameplay transition; browser proof stops at Desk	partial_mounted	Game UI AC1 body reconciliation plus accepted content/UI successor
balance/catalogs/phase0.json#/generator_classes/3/ladder/0	balance/catalogs/phase0.json	economy	/generator_classes/3/ladder/0	object_record	object:/generator_classes/3/ladder/0	epochseed/replaycatalog + strict economy catalog	authoritative production/economy transitions	mounted Game UI Desk projection	real producer and mounted consumer exist separately	cold T0-T1 server first-hour plus current-data Game UI fixtures	No row-discriminating composed browser gameplay transition; browser proof stops at Desk	partial_mounted	Game UI AC1 body reconciliation plus accepted content/UI successor
balance/catalogs/phase0.json#/generator_classes/3/ladder/1	balance/catalogs/phase0.json	economy	/generator_classes/3/ladder/1	object_record	object:/generator_classes/3/ladder/1	epochseed/replaycatalog + strict economy catalog	authoritative production/economy transitions	mounted Game UI Desk projection	real producer and mounted consumer exist separately	cold T0-T1 server first-hour plus current-data Game UI fixtures	No row-discriminating composed browser gameplay transition; browser proof stops at Desk	partial_mounted	Game UI AC1 body reconciliation plus accepted content/UI successor
balance/catalogs/phase0.json#/generator_classes/3/ladder/2	balance/catalogs/phase0.json	economy	/generator_classes/3/ladder/2	object_record	object:/generator_classes/3/ladder/2	epochseed/replaycatalog + strict economy catalog	authoritative production/economy transitions	mounted Game UI Desk projection	real producer and mounted consumer exist separately	cold T0-T1 server first-hour plus current-data Game UI fixtures	No row-discriminating composed browser gameplay transition; browser proof stops at Desk	partial_mounted	Game UI AC1 body reconciliation plus accepted content/UI successor
balance/catalogs/phase0.json#/generator_classes/3/roles/0	balance/catalogs/phase0.json	economy	/generator_classes/3/roles/0	object_record	object:/generator_classes/3/roles/0	epochseed/replaycatalog + strict economy catalog	authoritative production/economy transitions	none mounted for the provider-specific opportunity/Commons/Fiscal/faction path	backend multiplier/provider contract active outside the mounted default workflow	cold provider binding/production tests	No mounted provider workflow or integrated effect witness	backend_active	Game UI AC1 body reconciliation plus accepted content/UI successor
balance/catalogs/phase0.json#/generator_classes/4	balance/catalogs/phase0.json	economy	/generator_classes/4	object_record	generator.garage_rack	epochseed/replaycatalog + strict economy catalog	authoritative production/economy transitions	mounted Game UI Desk projection	real producer and mounted consumer exist separately	cold T0-T1 server first-hour plus current-data Game UI fixtures	No row-discriminating composed browser gameplay transition; browser proof stops at Desk	partial_mounted	Game UI AC1 body reconciliation plus accepted content/UI successor
balance/catalogs/phase0.json#/generator_classes/4/price	balance/catalogs/phase0.json	economy	/generator_classes/4/price	nested_object	resource_id:company.cash	epochseed/replaycatalog + strict economy catalog	authoritative production/economy transitions	mounted Game UI Desk projection	real producer and mounted consumer exist separately	cold T0-T1 server first-hour plus current-data Game UI fixtures	No row-discriminating composed browser gameplay transition; browser proof stops at Desk	partial_mounted	Game UI AC1 body reconciliation plus accepted content/UI successor
balance/catalogs/phase0.json#/generator_classes/4/price/curve	balance/catalogs/phase0.json	economy	/generator_classes/4/price/curve	nested_object	object:/generator_classes/4/price/curve	epochseed/replaycatalog + strict economy catalog	authoritative production/economy transitions	mounted Game UI Desk projection	real producer and mounted consumer exist separately	cold T0-T1 server first-hour plus current-data Game UI fixtures	No row-discriminating composed browser gameplay transition; browser proof stops at Desk	partial_mounted	Game UI AC1 body reconciliation plus accepted content/UI successor
balance/catalogs/phase0.json#/generator_classes/4/production	balance/catalogs/phase0.json	economy	/generator_classes/4/production	nested_object	resource_id:company.cash	epochseed/replaycatalog + strict economy catalog	authoritative production/economy transitions	mounted Game UI Desk projection	real producer and mounted consumer exist separately	cold T0-T1 server first-hour plus current-data Game UI fixtures	No row-discriminating composed browser gameplay transition; browser proof stops at Desk	partial_mounted	Game UI AC1 body reconciliation plus accepted content/UI successor
balance/catalogs/phase0.json#/generator_classes/4/ladder/0	balance/catalogs/phase0.json	economy	/generator_classes/4/ladder/0	object_record	object:/generator_classes/4/ladder/0	epochseed/replaycatalog + strict economy catalog	authoritative production/economy transitions	mounted Game UI Desk projection	real producer and mounted consumer exist separately	cold T0-T1 server first-hour plus current-data Game UI fixtures	No row-discriminating composed browser gameplay transition; browser proof stops at Desk	partial_mounted	Game UI AC1 body reconciliation plus accepted content/UI successor
balance/catalogs/phase0.json#/generator_classes/4/ladder/1	balance/catalogs/phase0.json	economy	/generator_classes/4/ladder/1	object_record	object:/generator_classes/4/ladder/1	epochseed/replaycatalog + strict economy catalog	authoritative production/economy transitions	mounted Game UI Desk projection	real producer and mounted consumer exist separately	cold T0-T1 server first-hour plus current-data Game UI fixtures	No row-discriminating composed browser gameplay transition; browser proof stops at Desk	partial_mounted	Game UI AC1 body reconciliation plus accepted content/UI successor
balance/catalogs/phase0.json#/generator_classes/4/ladder/2	balance/catalogs/phase0.json	economy	/generator_classes/4/ladder/2	object_record	object:/generator_classes/4/ladder/2	epochseed/replaycatalog + strict economy catalog	authoritative production/economy transitions	mounted Game UI Desk projection	real producer and mounted consumer exist separately	cold T0-T1 server first-hour plus current-data Game UI fixtures	No row-discriminating composed browser gameplay transition; browser proof stops at Desk	partial_mounted	Game UI AC1 body reconciliation plus accepted content/UI successor
balance/catalogs/phase0.json#/generator_classes/4/roles/0	balance/catalogs/phase0.json	economy	/generator_classes/4/roles/0	object_record	pool_id:pool.institutional_knowledge	epochseed/replaycatalog + strict economy catalog	authoritative production/economy transitions	mounted Game UI Desk projection	real producer and mounted consumer exist separately	cold T0-T1 server first-hour plus current-data Game UI fixtures	No row-discriminating composed browser gameplay transition; browser proof stops at Desk	partial_mounted	Game UI AC1 body reconciliation plus accepted content/UI successor
balance/catalogs/phase0.json#/generator_classes/5	balance/catalogs/phase0.json	economy	/generator_classes/5	object_record	generator.crt_wall	epochseed/replaycatalog + strict economy catalog	authoritative production/economy transitions	mounted Game UI Desk projection	real producer and mounted consumer exist separately	cold T0-T1 server first-hour plus current-data Game UI fixtures	No row-discriminating composed browser gameplay transition; browser proof stops at Desk	partial_mounted	Game UI AC1 body reconciliation plus accepted content/UI successor
balance/catalogs/phase0.json#/generator_classes/5/price	balance/catalogs/phase0.json	economy	/generator_classes/5/price	nested_object	resource_id:company.cash	epochseed/replaycatalog + strict economy catalog	authoritative production/economy transitions	mounted Game UI Desk projection	real producer and mounted consumer exist separately	cold T0-T1 server first-hour plus current-data Game UI fixtures	No row-discriminating composed browser gameplay transition; browser proof stops at Desk	partial_mounted	Game UI AC1 body reconciliation plus accepted content/UI successor
balance/catalogs/phase0.json#/generator_classes/5/price/curve	balance/catalogs/phase0.json	economy	/generator_classes/5/price/curve	nested_object	object:/generator_classes/5/price/curve	epochseed/replaycatalog + strict economy catalog	authoritative production/economy transitions	mounted Game UI Desk projection	real producer and mounted consumer exist separately	cold T0-T1 server first-hour plus current-data Game UI fixtures	No row-discriminating composed browser gameplay transition; browser proof stops at Desk	partial_mounted	Game UI AC1 body reconciliation plus accepted content/UI successor
balance/catalogs/phase0.json#/generator_classes/5/production	balance/catalogs/phase0.json	economy	/generator_classes/5/production	nested_object	resource_id:company.cash	epochseed/replaycatalog + strict economy catalog	authoritative production/economy transitions	mounted Game UI Desk projection	real producer and mounted consumer exist separately	cold T0-T1 server first-hour plus current-data Game UI fixtures	No row-discriminating composed browser gameplay transition; browser proof stops at Desk	partial_mounted	Game UI AC1 body reconciliation plus accepted content/UI successor
balance/catalogs/phase0.json#/generator_classes/5/ladder/0	balance/catalogs/phase0.json	economy	/generator_classes/5/ladder/0	object_record	object:/generator_classes/5/ladder/0	epochseed/replaycatalog + strict economy catalog	authoritative production/economy transitions	mounted Game UI Desk projection	real producer and mounted consumer exist separately	cold T0-T1 server first-hour plus current-data Game UI fixtures	No row-discriminating composed browser gameplay transition; browser proof stops at Desk	partial_mounted	Game UI AC1 body reconciliation plus accepted content/UI successor
balance/catalogs/phase0.json#/generator_classes/5/ladder/1	balance/catalogs/phase0.json	economy	/generator_classes/5/ladder/1	object_record	object:/generator_classes/5/ladder/1	epochseed/replaycatalog + strict economy catalog	authoritative production/economy transitions	mounted Game UI Desk projection	real producer and mounted consumer exist separately	cold T0-T1 server first-hour plus current-data Game UI fixtures	No row-discriminating composed browser gameplay transition; browser proof stops at Desk	partial_mounted	Game UI AC1 body reconciliation plus accepted content/UI successor
balance/catalogs/phase0.json#/generator_classes/5/ladder/2	balance/catalogs/phase0.json	economy	/generator_classes/5/ladder/2	object_record	object:/generator_classes/5/ladder/2	epochseed/replaycatalog + strict economy catalog	authoritative production/economy transitions	mounted Game UI Desk projection	real producer and mounted consumer exist separately	cold T0-T1 server first-hour plus current-data Game UI fixtures	No row-discriminating composed browser gameplay transition; browser proof stops at Desk	partial_mounted	Game UI AC1 body reconciliation plus accepted content/UI successor
balance/catalogs/phase0.json#/generator_classes/5/roles/0	balance/catalogs/phase0.json	economy	/generator_classes/5/roles/0	object_record	pool_id:pool.institutional_knowledge	epochseed/replaycatalog + strict economy catalog	authoritative production/economy transitions	mounted Game UI Desk projection	real producer and mounted consumer exist separately	cold T0-T1 server first-hour plus current-data Game UI fixtures	No row-discriminating composed browser gameplay transition; browser proof stops at Desk	partial_mounted	Game UI AC1 body reconciliation plus accepted content/UI successor
balance/catalogs/phase0.json#/generator_classes/6	balance/catalogs/phase0.json	economy	/generator_classes/6	object_record	generator.first_hire	epochseed/replaycatalog + strict economy catalog	authoritative production/economy transitions	mounted Game UI Desk projection	real producer and mounted consumer exist separately	cold T0-T1 server first-hour plus current-data Game UI fixtures	No row-discriminating composed browser gameplay transition; browser proof stops at Desk	partial_mounted	Game UI AC1 body reconciliation plus accepted content/UI successor
balance/catalogs/phase0.json#/generator_classes/6/price	balance/catalogs/phase0.json	economy	/generator_classes/6/price	nested_object	resource_id:company.cash	epochseed/replaycatalog + strict economy catalog	authoritative production/economy transitions	mounted Game UI Desk projection	real producer and mounted consumer exist separately	cold T0-T1 server first-hour plus current-data Game UI fixtures	No row-discriminating composed browser gameplay transition; browser proof stops at Desk	partial_mounted	Game UI AC1 body reconciliation plus accepted content/UI successor
balance/catalogs/phase0.json#/generator_classes/6/price/curve	balance/catalogs/phase0.json	economy	/generator_classes/6/price/curve	nested_object	object:/generator_classes/6/price/curve	epochseed/replaycatalog + strict economy catalog	authoritative production/economy transitions	mounted Game UI Desk projection	real producer and mounted consumer exist separately	cold T0-T1 server first-hour plus current-data Game UI fixtures	No row-discriminating composed browser gameplay transition; browser proof stops at Desk	partial_mounted	Game UI AC1 body reconciliation plus accepted content/UI successor
balance/catalogs/phase0.json#/generator_classes/6/production	balance/catalogs/phase0.json	economy	/generator_classes/6/production	nested_object	resource_id:company.cash	epochseed/replaycatalog + strict economy catalog	authoritative production/economy transitions	mounted Game UI Desk projection	real producer and mounted consumer exist separately	cold T0-T1 server first-hour plus current-data Game UI fixtures	No row-discriminating composed browser gameplay transition; browser proof stops at Desk	partial_mounted	Game UI AC1 body reconciliation plus accepted content/UI successor
balance/catalogs/phase0.json#/generator_classes/6/ladder/0	balance/catalogs/phase0.json	economy	/generator_classes/6/ladder/0	object_record	object:/generator_classes/6/ladder/0	epochseed/replaycatalog + strict economy catalog	authoritative production/economy transitions	mounted Game UI Desk projection	real producer and mounted consumer exist separately	cold T0-T1 server first-hour plus current-data Game UI fixtures	No row-discriminating composed browser gameplay transition; browser proof stops at Desk	partial_mounted	Game UI AC1 body reconciliation plus accepted content/UI successor
balance/catalogs/phase0.json#/generator_classes/6/ladder/1	balance/catalogs/phase0.json	economy	/generator_classes/6/ladder/1	object_record	object:/generator_classes/6/ladder/1	epochseed/replaycatalog + strict economy catalog	authoritative production/economy transitions	mounted Game UI Desk projection	real producer and mounted consumer exist separately	cold T0-T1 server first-hour plus current-data Game UI fixtures	No row-discriminating composed browser gameplay transition; browser proof stops at Desk	partial_mounted	Game UI AC1 body reconciliation plus accepted content/UI successor
balance/catalogs/phase0.json#/generator_classes/6/ladder/2	balance/catalogs/phase0.json	economy	/generator_classes/6/ladder/2	object_record	object:/generator_classes/6/ladder/2	epochseed/replaycatalog + strict economy catalog	authoritative production/economy transitions	mounted Game UI Desk projection	real producer and mounted consumer exist separately	cold T0-T1 server first-hour plus current-data Game UI fixtures	No row-discriminating composed browser gameplay transition; browser proof stops at Desk	partial_mounted	Game UI AC1 body reconciliation plus accepted content/UI successor
balance/catalogs/phase0.json#/generator_classes/6/roles/0	balance/catalogs/phase0.json	economy	/generator_classes/6/roles/0	object_record	action_id:manual.click	epochseed/replaycatalog + strict economy catalog	authoritative production/economy transitions	mounted Game UI Desk projection	real producer and mounted consumer exist separately	cold T0-T1 server first-hour plus current-data Game UI fixtures	No row-discriminating composed browser gameplay transition; browser proof stops at Desk	partial_mounted	Game UI AC1 body reconciliation plus accepted content/UI successor
balance/catalogs/phase0.json#/generator_classes/7	balance/catalogs/phase0.json	economy	/generator_classes/7	object_record	generator.beige_tower_v2	epochseed/replaycatalog + strict economy catalog	authoritative production/economy transitions	mounted Game UI Desk projection	real producer and mounted consumer exist separately	cold T0-T1 server first-hour plus current-data Game UI fixtures	No row-discriminating composed browser gameplay transition; browser proof stops at Desk	partial_mounted	Game UI AC1 body reconciliation plus accepted content/UI successor
balance/catalogs/phase0.json#/generator_classes/7/price	balance/catalogs/phase0.json	economy	/generator_classes/7/price	nested_object	resource_id:company.cash	epochseed/replaycatalog + strict economy catalog	authoritative production/economy transitions	mounted Game UI Desk projection	real producer and mounted consumer exist separately	cold T0-T1 server first-hour plus current-data Game UI fixtures	No row-discriminating composed browser gameplay transition; browser proof stops at Desk	partial_mounted	Game UI AC1 body reconciliation plus accepted content/UI successor
balance/catalogs/phase0.json#/generator_classes/7/price/curve	balance/catalogs/phase0.json	economy	/generator_classes/7/price/curve	nested_object	object:/generator_classes/7/price/curve	epochseed/replaycatalog + strict economy catalog	authoritative production/economy transitions	mounted Game UI Desk projection	real producer and mounted consumer exist separately	cold T0-T1 server first-hour plus current-data Game UI fixtures	No row-discriminating composed browser gameplay transition; browser proof stops at Desk	partial_mounted	Game UI AC1 body reconciliation plus accepted content/UI successor
balance/catalogs/phase0.json#/generator_classes/7/production	balance/catalogs/phase0.json	economy	/generator_classes/7/production	nested_object	resource_id:company.cash	epochseed/replaycatalog + strict economy catalog	authoritative production/economy transitions	mounted Game UI Desk projection	real producer and mounted consumer exist separately	cold T0-T1 server first-hour plus current-data Game UI fixtures	No row-discriminating composed browser gameplay transition; browser proof stops at Desk	partial_mounted	Game UI AC1 body reconciliation plus accepted content/UI successor
balance/catalogs/phase0.json#/generator_classes/7/provisions	balance/catalogs/phase0.json	economy	/generator_classes/7/provisions	nested_object	generator_id:generator.beige_tower	epochseed/replaycatalog + strict economy catalog	authoritative production/economy transitions	mounted Game UI Desk projection	real producer and mounted consumer exist separately	cold T0-T1 server first-hour plus current-data Game UI fixtures	No row-discriminating composed browser gameplay transition; browser proof stops at Desk	partial_mounted	Game UI AC1 body reconciliation plus accepted content/UI successor
balance/catalogs/phase0.json#/generator_classes/7/ladder/0	balance/catalogs/phase0.json	economy	/generator_classes/7/ladder/0	object_record	object:/generator_classes/7/ladder/0	epochseed/replaycatalog + strict economy catalog	authoritative production/economy transitions	mounted Game UI Desk projection	real producer and mounted consumer exist separately	cold T0-T1 server first-hour plus current-data Game UI fixtures	No row-discriminating composed browser gameplay transition; browser proof stops at Desk	partial_mounted	Game UI AC1 body reconciliation plus accepted content/UI successor
balance/catalogs/phase0.json#/generator_classes/7/ladder/1	balance/catalogs/phase0.json	economy	/generator_classes/7/ladder/1	object_record	object:/generator_classes/7/ladder/1	epochseed/replaycatalog + strict economy catalog	authoritative production/economy transitions	mounted Game UI Desk projection	real producer and mounted consumer exist separately	cold T0-T1 server first-hour plus current-data Game UI fixtures	No row-discriminating composed browser gameplay transition; browser proof stops at Desk	partial_mounted	Game UI AC1 body reconciliation plus accepted content/UI successor
balance/catalogs/phase0.json#/generator_classes/7/ladder/2	balance/catalogs/phase0.json	economy	/generator_classes/7/ladder/2	object_record	object:/generator_classes/7/ladder/2	epochseed/replaycatalog + strict economy catalog	authoritative production/economy transitions	mounted Game UI Desk projection	real producer and mounted consumer exist separately	cold T0-T1 server first-hour plus current-data Game UI fixtures	No row-discriminating composed browser gameplay transition; browser proof stops at Desk	partial_mounted	Game UI AC1 body reconciliation plus accepted content/UI successor
balance/catalogs/phase0.json#/generator_classes/7/roles/0	balance/catalogs/phase0.json	economy	/generator_classes/7/roles/0	object_record	generator_id:generator.beige_tower	epochseed/replaycatalog + strict economy catalog	authoritative production/economy transitions	mounted Game UI Desk projection	real producer and mounted consumer exist separately	cold T0-T1 server first-hour plus current-data Game UI fixtures	No row-discriminating composed browser gameplay transition; browser proof stops at Desk	partial_mounted	Game UI AC1 body reconciliation plus accepted content/UI successor
balance/catalogs/phase0.json#/generator_classes/8	balance/catalogs/phase0.json	economy	/generator_classes/8	object_record	generator.legal_dept	epochseed/replaycatalog + strict economy catalog	authoritative production/economy transitions	none in the current T0-T1 player workflow	registered economy row requires absent Tier-2/Tier-3 content	catalog/production tests only; no reachable current default workflow	Current T0-T1 game cannot activate this row	backend_registered_dormant	Game UI AC1 body reconciliation plus accepted content/UI successor
balance/catalogs/phase0.json#/generator_classes/8/price	balance/catalogs/phase0.json	economy	/generator_classes/8/price	nested_object	resource_id:company.cash	epochseed/replaycatalog + strict economy catalog	authoritative production/economy transitions	none in the current T0-T1 player workflow	registered economy row requires absent Tier-2/Tier-3 content	catalog/production tests only; no reachable current default workflow	Current T0-T1 game cannot activate this row	backend_registered_dormant	Game UI AC1 body reconciliation plus accepted content/UI successor
balance/catalogs/phase0.json#/generator_classes/8/price/curve	balance/catalogs/phase0.json	economy	/generator_classes/8/price/curve	nested_object	object:/generator_classes/8/price/curve	epochseed/replaycatalog + strict economy catalog	authoritative production/economy transitions	none in the current T0-T1 player workflow	registered economy row requires absent Tier-2/Tier-3 content	catalog/production tests only; no reachable current default workflow	Current T0-T1 game cannot activate this row	backend_registered_dormant	Game UI AC1 body reconciliation plus accepted content/UI successor
balance/catalogs/phase0.json#/generator_classes/8/production	balance/catalogs/phase0.json	economy	/generator_classes/8/production	nested_object	resource_id:company.permits	epochseed/replaycatalog + strict economy catalog	authoritative production/economy transitions	none in the current T0-T1 player workflow	registered economy row requires absent Tier-2/Tier-3 content	catalog/production tests only; no reachable current default workflow	Current T0-T1 game cannot activate this row	backend_registered_dormant	Game UI AC1 body reconciliation plus accepted content/UI successor
balance/catalogs/phase0.json#/generator_classes/8/ladder	balance/catalogs/phase0.json	economy	/generator_classes/8/ladder	empty_collection	<empty>	epochseed/replaycatalog + strict economy catalog	authoritative production/economy transitions	mounted Game UI Desk projection	explicit deploy-current empty collection	structural extractor plus family validator empty-case behavior	The collection contributes no authored relationship/effect rows; intent may be optional or missing and needs its named owner	zero_or_empty_placeholder	Game UI AC1 body reconciliation plus accepted content/UI successor
balance/catalogs/phase0.json#/generator_classes/8/roles/0	balance/catalogs/phase0.json	economy	/generator_classes/8/roles/0	object_record	pool_id:pool.institutional_knowledge	epochseed/replaycatalog + strict economy catalog	authoritative production/economy transitions	none in the current T0-T1 player workflow	registered economy row requires absent Tier-2/Tier-3 content	catalog/production tests only; no reachable current default workflow	Current T0-T1 game cannot activate this row	backend_registered_dormant	Game UI AC1 body reconciliation plus accepted content/UI successor
balance/catalogs/phase0.json#/upgrades/0	balance/catalogs/phase0.json	economy	/upgrades/0	object_record	upgrade.reply_all_macro	epochseed/replaycatalog + strict economy catalog	authoritative production/economy transitions	mounted Game UI Desk projection	mounted/backend upgrade multiplies manual.click output but does not automate the action	current payload plus cold production and separate Game UI upgrade fixtures	Binding Tier-1 intent calls this automation; the authored effect remains manual-only	contradicted	D-007/content owner reconciliation and accepted T0-T1 successor
balance/catalogs/phase0.json#/upgrades/0/cost	balance/catalogs/phase0.json	economy	/upgrades/0/cost	nested_object	object:/upgrades/0/cost	epochseed/replaycatalog + strict economy catalog	authoritative production/economy transitions	mounted Game UI Desk projection	real producer and mounted consumer exist separately	cold T0-T1 server first-hour plus current-data Game UI fixtures	No row-discriminating composed browser gameplay transition; browser proof stops at Desk	partial_mounted	Game UI AC1 body reconciliation plus accepted content/UI successor
balance/catalogs/phase0.json#/upgrades/0/window	balance/catalogs/phase0.json	economy	/upgrades/0/window	nested_object	object:/upgrades/0/window	epochseed/replaycatalog + strict economy catalog	authoritative production/economy transitions	mounted Game UI Desk projection	real producer and mounted consumer exist separately	cold T0-T1 server first-hour plus current-data Game UI fixtures	No row-discriminating composed browser gameplay transition; browser proof stops at Desk	partial_mounted	Game UI AC1 body reconciliation plus accepted content/UI successor
balance/catalogs/phase0.json#/upgrades/0/requires/0	balance/catalogs/phase0.json	economy	/upgrades/0/requires/0	object_record	resource_id:company.cash	epochseed/replaycatalog + strict economy catalog	authoritative production/economy transitions	mounted Game UI Desk projection	real producer and mounted consumer exist separately	cold T0-T1 server first-hour plus current-data Game UI fixtures	No row-discriminating composed browser gameplay transition; browser proof stops at Desk	partial_mounted	Game UI AC1 body reconciliation plus accepted content/UI successor
balance/catalogs/phase0.json#/upgrades/0/effects/0	balance/catalogs/phase0.json	economy	/upgrades/0/effects/0	object_record	source_id:upgrade.reply_all_macro.factor	epochseed/replaycatalog + strict economy catalog	authoritative production/economy transitions	mounted Game UI Desk projection	mounted/backend upgrade multiplies manual.click output but does not automate the action	current payload plus cold production and separate Game UI upgrade fixtures	Binding Tier-1 intent calls this automation; the authored effect remains manual-only	contradicted	D-007/content owner reconciliation and accepted T0-T1 successor
balance/catalogs/phase0.json#/upgrades/0/roles/0	balance/catalogs/phase0.json	economy	/upgrades/0/roles/0	primitive_edge	"synergy_feed"	epochseed/replaycatalog + strict economy catalog	authoritative production/economy transitions	mounted Game UI Desk projection	real producer and mounted consumer exist separately	cold T0-T1 server first-hour plus current-data Game UI fixtures	No row-discriminating composed browser gameplay transition; browser proof stops at Desk	partial_mounted	Game UI AC1 body reconciliation plus accepted content/UI successor
balance/catalogs/phase0.json#/upgrades/1	balance/catalogs/phase0.json	economy	/upgrades/1	object_record	upgrade.beige_tower_cache	epochseed/replaycatalog + strict economy catalog	authoritative production/economy transitions	mounted Game UI Desk projection	real producer and mounted consumer exist separately	cold T0-T1 server first-hour plus current-data Game UI fixtures	No row-discriminating composed browser gameplay transition; browser proof stops at Desk	partial_mounted	Game UI AC1 body reconciliation plus accepted content/UI successor
balance/catalogs/phase0.json#/upgrades/1/cost	balance/catalogs/phase0.json	economy	/upgrades/1/cost	nested_object	object:/upgrades/1/cost	epochseed/replaycatalog + strict economy catalog	authoritative production/economy transitions	mounted Game UI Desk projection	real producer and mounted consumer exist separately	cold T0-T1 server first-hour plus current-data Game UI fixtures	No row-discriminating composed browser gameplay transition; browser proof stops at Desk	partial_mounted	Game UI AC1 body reconciliation plus accepted content/UI successor
balance/catalogs/phase0.json#/upgrades/1/window	balance/catalogs/phase0.json	economy	/upgrades/1/window	nested_object	object:/upgrades/1/window	epochseed/replaycatalog + strict economy catalog	authoritative production/economy transitions	mounted Game UI Desk projection	real producer and mounted consumer exist separately	cold T0-T1 server first-hour plus current-data Game UI fixtures	No row-discriminating composed browser gameplay transition; browser proof stops at Desk	partial_mounted	Game UI AC1 body reconciliation plus accepted content/UI successor
balance/catalogs/phase0.json#/upgrades/1/requires/0	balance/catalogs/phase0.json	economy	/upgrades/1/requires/0	object_record	resource_id:company.cash	epochseed/replaycatalog + strict economy catalog	authoritative production/economy transitions	mounted Game UI Desk projection	real producer and mounted consumer exist separately	cold T0-T1 server first-hour plus current-data Game UI fixtures	No row-discriminating composed browser gameplay transition; browser proof stops at Desk	partial_mounted	Game UI AC1 body reconciliation plus accepted content/UI successor
balance/catalogs/phase0.json#/upgrades/1/effects/0	balance/catalogs/phase0.json	economy	/upgrades/1/effects/0	object_record	source_id:upgrade.beige_tower_cache.factor	epochseed/replaycatalog + strict economy catalog	authoritative production/economy transitions	mounted Game UI Desk projection	real producer and mounted consumer exist separately	cold T0-T1 server first-hour plus current-data Game UI fixtures	No row-discriminating composed browser gameplay transition; browser proof stops at Desk	partial_mounted	Game UI AC1 body reconciliation plus accepted content/UI successor
balance/catalogs/phase0.json#/upgrades/1/roles/0	balance/catalogs/phase0.json	economy	/upgrades/1/roles/0	primitive_edge	"synergy_feed"	epochseed/replaycatalog + strict economy catalog	authoritative production/economy transitions	mounted Game UI Desk projection	real producer and mounted consumer exist separately	cold T0-T1 server first-hour plus current-data Game UI fixtures	No row-discriminating composed browser gameplay transition; browser proof stops at Desk	partial_mounted	Game UI AC1 body reconciliation plus accepted content/UI successor
balance/catalogs/phase0.json#/upgrades/2	balance/catalogs/phase0.json	economy	/upgrades/2	object_record	upgrade.continuous_feed_paper	epochseed/replaycatalog + strict economy catalog	authoritative production/economy transitions	mounted Game UI Desk projection	real producer and mounted consumer exist separately	cold T0-T1 server first-hour plus current-data Game UI fixtures	No row-discriminating composed browser gameplay transition; browser proof stops at Desk	partial_mounted	Game UI AC1 body reconciliation plus accepted content/UI successor
balance/catalogs/phase0.json#/upgrades/2/cost	balance/catalogs/phase0.json	economy	/upgrades/2/cost	nested_object	object:/upgrades/2/cost	epochseed/replaycatalog + strict economy catalog	authoritative production/economy transitions	mounted Game UI Desk projection	real producer and mounted consumer exist separately	cold T0-T1 server first-hour plus current-data Game UI fixtures	No row-discriminating composed browser gameplay transition; browser proof stops at Desk	partial_mounted	Game UI AC1 body reconciliation plus accepted content/UI successor
balance/catalogs/phase0.json#/upgrades/2/window	balance/catalogs/phase0.json	economy	/upgrades/2/window	nested_object	object:/upgrades/2/window	epochseed/replaycatalog + strict economy catalog	authoritative production/economy transitions	mounted Game UI Desk projection	real producer and mounted consumer exist separately	cold T0-T1 server first-hour plus current-data Game UI fixtures	No row-discriminating composed browser gameplay transition; browser proof stops at Desk	partial_mounted	Game UI AC1 body reconciliation plus accepted content/UI successor
balance/catalogs/phase0.json#/upgrades/2/requires/0	balance/catalogs/phase0.json	economy	/upgrades/2/requires/0	object_record	resource_id:company.cash	epochseed/replaycatalog + strict economy catalog	authoritative production/economy transitions	mounted Game UI Desk projection	real producer and mounted consumer exist separately	cold T0-T1 server first-hour plus current-data Game UI fixtures	No row-discriminating composed browser gameplay transition; browser proof stops at Desk	partial_mounted	Game UI AC1 body reconciliation plus accepted content/UI successor
balance/catalogs/phase0.json#/upgrades/2/effects/0	balance/catalogs/phase0.json	economy	/upgrades/2/effects/0	object_record	source_id:upgrade.continuous_feed_paper.factor	epochseed/replaycatalog + strict economy catalog	authoritative production/economy transitions	mounted Game UI Desk projection	real producer and mounted consumer exist separately	cold T0-T1 server first-hour plus current-data Game UI fixtures	No row-discriminating composed browser gameplay transition; browser proof stops at Desk	partial_mounted	Game UI AC1 body reconciliation plus accepted content/UI successor
balance/catalogs/phase0.json#/upgrades/2/roles/0	balance/catalogs/phase0.json	economy	/upgrades/2/roles/0	primitive_edge	"synergy_feed"	epochseed/replaycatalog + strict economy catalog	authoritative production/economy transitions	mounted Game UI Desk projection	real producer and mounted consumer exist separately	cold T0-T1 server first-hour plus current-data Game UI fixtures	No row-discriminating composed browser gameplay transition; browser proof stops at Desk	partial_mounted	Game UI AC1 body reconciliation plus accepted content/UI successor
balance/catalogs/phase0.json#/upgrades/3	balance/catalogs/phase0.json	economy	/upgrades/3	object_record	upgrade.hold_music_license	epochseed/replaycatalog + strict economy catalog	authoritative production/economy transitions	mounted Game UI Desk projection	real producer and mounted consumer exist separately	cold T0-T1 server first-hour plus current-data Game UI fixtures	No row-discriminating composed browser gameplay transition; browser proof stops at Desk	partial_mounted	Game UI AC1 body reconciliation plus accepted content/UI successor
balance/catalogs/phase0.json#/upgrades/3/cost	balance/catalogs/phase0.json	economy	/upgrades/3/cost	nested_object	object:/upgrades/3/cost	epochseed/replaycatalog + strict economy catalog	authoritative production/economy transitions	mounted Game UI Desk projection	real producer and mounted consumer exist separately	cold T0-T1 server first-hour plus current-data Game UI fixtures	No row-discriminating composed browser gameplay transition; browser proof stops at Desk	partial_mounted	Game UI AC1 body reconciliation plus accepted content/UI successor
balance/catalogs/phase0.json#/upgrades/3/window	balance/catalogs/phase0.json	economy	/upgrades/3/window	nested_object	object:/upgrades/3/window	epochseed/replaycatalog + strict economy catalog	authoritative production/economy transitions	mounted Game UI Desk projection	real producer and mounted consumer exist separately	cold T0-T1 server first-hour plus current-data Game UI fixtures	No row-discriminating composed browser gameplay transition; browser proof stops at Desk	partial_mounted	Game UI AC1 body reconciliation plus accepted content/UI successor
balance/catalogs/phase0.json#/upgrades/3/requires/0	balance/catalogs/phase0.json	economy	/upgrades/3/requires/0	object_record	resource_id:company.cash	epochseed/replaycatalog + strict economy catalog	authoritative production/economy transitions	mounted Game UI Desk projection	real producer and mounted consumer exist separately	cold T0-T1 server first-hour plus current-data Game UI fixtures	No row-discriminating composed browser gameplay transition; browser proof stops at Desk	partial_mounted	Game UI AC1 body reconciliation plus accepted content/UI successor
balance/catalogs/phase0.json#/upgrades/3/effects/0	balance/catalogs/phase0.json	economy	/upgrades/3/effects/0	object_record	source_id:upgrade.hold_music_license.factor	epochseed/replaycatalog + strict economy catalog	authoritative production/economy transitions	mounted Game UI Desk projection	real producer and mounted consumer exist separately	cold T0-T1 server first-hour plus current-data Game UI fixtures	No row-discriminating composed browser gameplay transition; browser proof stops at Desk	partial_mounted	Game UI AC1 body reconciliation plus accepted content/UI successor
balance/catalogs/phase0.json#/upgrades/3/roles/0	balance/catalogs/phase0.json	economy	/upgrades/3/roles/0	primitive_edge	"synergy_feed"	epochseed/replaycatalog + strict economy catalog	authoritative production/economy transitions	mounted Game UI Desk projection	real producer and mounted consumer exist separately	cold T0-T1 server first-hour plus current-data Game UI fixtures	No row-discriminating composed browser gameplay transition; browser proof stops at Desk	partial_mounted	Game UI AC1 body reconciliation plus accepted content/UI successor
balance/catalogs/phase0.json#/upgrades/4	balance/catalogs/phase0.json	economy	/upgrades/4	object_record	upgrade.nephew_business_cards	epochseed/replaycatalog + strict economy catalog	authoritative production/economy transitions	mounted Game UI Desk projection	real producer and mounted consumer exist separately	cold T0-T1 server first-hour plus current-data Game UI fixtures	No row-discriminating composed browser gameplay transition; browser proof stops at Desk	partial_mounted	Game UI AC1 body reconciliation plus accepted content/UI successor
balance/catalogs/phase0.json#/upgrades/4/cost	balance/catalogs/phase0.json	economy	/upgrades/4/cost	nested_object	object:/upgrades/4/cost	epochseed/replaycatalog + strict economy catalog	authoritative production/economy transitions	mounted Game UI Desk projection	real producer and mounted consumer exist separately	cold T0-T1 server first-hour plus current-data Game UI fixtures	No row-discriminating composed browser gameplay transition; browser proof stops at Desk	partial_mounted	Game UI AC1 body reconciliation plus accepted content/UI successor
balance/catalogs/phase0.json#/upgrades/4/window	balance/catalogs/phase0.json	economy	/upgrades/4/window	nested_object	object:/upgrades/4/window	epochseed/replaycatalog + strict economy catalog	authoritative production/economy transitions	mounted Game UI Desk projection	real producer and mounted consumer exist separately	cold T0-T1 server first-hour plus current-data Game UI fixtures	No row-discriminating composed browser gameplay transition; browser proof stops at Desk	partial_mounted	Game UI AC1 body reconciliation plus accepted content/UI successor
balance/catalogs/phase0.json#/upgrades/4/requires/0	balance/catalogs/phase0.json	economy	/upgrades/4/requires/0	object_record	resource_id:company.cash	epochseed/replaycatalog + strict economy catalog	authoritative production/economy transitions	mounted Game UI Desk projection	real producer and mounted consumer exist separately	cold T0-T1 server first-hour plus current-data Game UI fixtures	No row-discriminating composed browser gameplay transition; browser proof stops at Desk	partial_mounted	Game UI AC1 body reconciliation plus accepted content/UI successor
balance/catalogs/phase0.json#/upgrades/4/effects/0	balance/catalogs/phase0.json	economy	/upgrades/4/effects/0	object_record	source_id:upgrade.nephew_business_cards.factor	epochseed/replaycatalog + strict economy catalog	authoritative production/economy transitions	mounted Game UI Desk projection	real producer and mounted consumer exist separately	cold T0-T1 server first-hour plus current-data Game UI fixtures	No row-discriminating composed browser gameplay transition; browser proof stops at Desk	partial_mounted	Game UI AC1 body reconciliation plus accepted content/UI successor
balance/catalogs/phase0.json#/upgrades/4/roles/0	balance/catalogs/phase0.json	economy	/upgrades/4/roles/0	primitive_edge	"synergy_feed"	epochseed/replaycatalog + strict economy catalog	authoritative production/economy transitions	mounted Game UI Desk projection	real producer and mounted consumer exist separately	cold T0-T1 server first-hour plus current-data Game UI fixtures	No row-discriminating composed browser gameplay transition; browser proof stops at Desk	partial_mounted	Game UI AC1 body reconciliation plus accepted content/UI successor
balance/catalogs/phase0.json#/upgrades/5	balance/catalogs/phase0.json	economy	/upgrades/5	object_record	upgrade.rack_rail_standardization	epochseed/replaycatalog + strict economy catalog	authoritative production/economy transitions	mounted Game UI Desk projection	real producer and mounted consumer exist separately	cold T0-T1 server first-hour plus current-data Game UI fixtures	No row-discriminating composed browser gameplay transition; browser proof stops at Desk	partial_mounted	Game UI AC1 body reconciliation plus accepted content/UI successor
balance/catalogs/phase0.json#/upgrades/5/cost	balance/catalogs/phase0.json	economy	/upgrades/5/cost	nested_object	object:/upgrades/5/cost	epochseed/replaycatalog + strict economy catalog	authoritative production/economy transitions	mounted Game UI Desk projection	real producer and mounted consumer exist separately	cold T0-T1 server first-hour plus current-data Game UI fixtures	No row-discriminating composed browser gameplay transition; browser proof stops at Desk	partial_mounted	Game UI AC1 body reconciliation plus accepted content/UI successor
balance/catalogs/phase0.json#/upgrades/5/window	balance/catalogs/phase0.json	economy	/upgrades/5/window	nested_object	object:/upgrades/5/window	epochseed/replaycatalog + strict economy catalog	authoritative production/economy transitions	mounted Game UI Desk projection	real producer and mounted consumer exist separately	cold T0-T1 server first-hour plus current-data Game UI fixtures	No row-discriminating composed browser gameplay transition; browser proof stops at Desk	partial_mounted	Game UI AC1 body reconciliation plus accepted content/UI successor
balance/catalogs/phase0.json#/upgrades/5/requires/0	balance/catalogs/phase0.json	economy	/upgrades/5/requires/0	object_record	resource_id:company.cash	epochseed/replaycatalog + strict economy catalog	authoritative production/economy transitions	mounted Game UI Desk projection	real producer and mounted consumer exist separately	cold T0-T1 server first-hour plus current-data Game UI fixtures	No row-discriminating composed browser gameplay transition; browser proof stops at Desk	partial_mounted	Game UI AC1 body reconciliation plus accepted content/UI successor
balance/catalogs/phase0.json#/upgrades/5/effects/0	balance/catalogs/phase0.json	economy	/upgrades/5/effects/0	object_record	source_id:upgrade.rack_rail_standardization.factor	epochseed/replaycatalog + strict economy catalog	authoritative production/economy transitions	mounted Game UI Desk projection	real producer and mounted consumer exist separately	cold T0-T1 server first-hour plus current-data Game UI fixtures	No row-discriminating composed browser gameplay transition; browser proof stops at Desk	partial_mounted	Game UI AC1 body reconciliation plus accepted content/UI successor
balance/catalogs/phase0.json#/upgrades/5/roles/0	balance/catalogs/phase0.json	economy	/upgrades/5/roles/0	primitive_edge	"synergy_feed"	epochseed/replaycatalog + strict economy catalog	authoritative production/economy transitions	mounted Game UI Desk projection	real producer and mounted consumer exist separately	cold T0-T1 server first-hour plus current-data Game UI fixtures	No row-discriminating composed browser gameplay transition; browser proof stops at Desk	partial_mounted	Game UI AC1 body reconciliation plus accepted content/UI successor
balance/catalogs/phase0.json#/upgrades/6	balance/catalogs/phase0.json	economy	/upgrades/6	object_record	upgrade.crt_degauss_button	epochseed/replaycatalog + strict economy catalog	authoritative production/economy transitions	mounted Game UI Desk projection	real producer and mounted consumer exist separately	cold T0-T1 server first-hour plus current-data Game UI fixtures	No row-discriminating composed browser gameplay transition; browser proof stops at Desk	partial_mounted	Game UI AC1 body reconciliation plus accepted content/UI successor
balance/catalogs/phase0.json#/upgrades/6/cost	balance/catalogs/phase0.json	economy	/upgrades/6/cost	nested_object	object:/upgrades/6/cost	epochseed/replaycatalog + strict economy catalog	authoritative production/economy transitions	mounted Game UI Desk projection	real producer and mounted consumer exist separately	cold T0-T1 server first-hour plus current-data Game UI fixtures	No row-discriminating composed browser gameplay transition; browser proof stops at Desk	partial_mounted	Game UI AC1 body reconciliation plus accepted content/UI successor
balance/catalogs/phase0.json#/upgrades/6/window	balance/catalogs/phase0.json	economy	/upgrades/6/window	nested_object	object:/upgrades/6/window	epochseed/replaycatalog + strict economy catalog	authoritative production/economy transitions	mounted Game UI Desk projection	real producer and mounted consumer exist separately	cold T0-T1 server first-hour plus current-data Game UI fixtures	No row-discriminating composed browser gameplay transition; browser proof stops at Desk	partial_mounted	Game UI AC1 body reconciliation plus accepted content/UI successor
balance/catalogs/phase0.json#/upgrades/6/requires/0	balance/catalogs/phase0.json	economy	/upgrades/6/requires/0	object_record	resource_id:company.cash	epochseed/replaycatalog + strict economy catalog	authoritative production/economy transitions	mounted Game UI Desk projection	real producer and mounted consumer exist separately	cold T0-T1 server first-hour plus current-data Game UI fixtures	No row-discriminating composed browser gameplay transition; browser proof stops at Desk	partial_mounted	Game UI AC1 body reconciliation plus accepted content/UI successor
balance/catalogs/phase0.json#/upgrades/6/effects/0	balance/catalogs/phase0.json	economy	/upgrades/6/effects/0	object_record	source_id:upgrade.crt_degauss_button.factor	epochseed/replaycatalog + strict economy catalog	authoritative production/economy transitions	mounted Game UI Desk projection	real producer and mounted consumer exist separately	cold T0-T1 server first-hour plus current-data Game UI fixtures	No row-discriminating composed browser gameplay transition; browser proof stops at Desk	partial_mounted	Game UI AC1 body reconciliation plus accepted content/UI successor
balance/catalogs/phase0.json#/upgrades/6/roles/0	balance/catalogs/phase0.json	economy	/upgrades/6/roles/0	primitive_edge	"synergy_feed"	epochseed/replaycatalog + strict economy catalog	authoritative production/economy transitions	mounted Game UI Desk projection	real producer and mounted consumer exist separately	cold T0-T1 server first-hour plus current-data Game UI fixtures	No row-discriminating composed browser gameplay transition; browser proof stops at Desk	partial_mounted	Game UI AC1 body reconciliation plus accepted content/UI successor
balance/catalogs/phase0.json#/upgrades/7	balance/catalogs/phase0.json	economy	/upgrades/7	object_record	upgrade.employee_handbook_v0	epochseed/replaycatalog + strict economy catalog	authoritative production/economy transitions	mounted Game UI Desk projection	real producer and mounted consumer exist separately	cold T0-T1 server first-hour plus current-data Game UI fixtures	No row-discriminating composed browser gameplay transition; browser proof stops at Desk	partial_mounted	Game UI AC1 body reconciliation plus accepted content/UI successor
balance/catalogs/phase0.json#/upgrades/7/cost	balance/catalogs/phase0.json	economy	/upgrades/7/cost	nested_object	object:/upgrades/7/cost	epochseed/replaycatalog + strict economy catalog	authoritative production/economy transitions	mounted Game UI Desk projection	real producer and mounted consumer exist separately	cold T0-T1 server first-hour plus current-data Game UI fixtures	No row-discriminating composed browser gameplay transition; browser proof stops at Desk	partial_mounted	Game UI AC1 body reconciliation plus accepted content/UI successor
balance/catalogs/phase0.json#/upgrades/7/window	balance/catalogs/phase0.json	economy	/upgrades/7/window	nested_object	object:/upgrades/7/window	epochseed/replaycatalog + strict economy catalog	authoritative production/economy transitions	mounted Game UI Desk projection	real producer and mounted consumer exist separately	cold T0-T1 server first-hour plus current-data Game UI fixtures	No row-discriminating composed browser gameplay transition; browser proof stops at Desk	partial_mounted	Game UI AC1 body reconciliation plus accepted content/UI successor
balance/catalogs/phase0.json#/upgrades/7/requires/0	balance/catalogs/phase0.json	economy	/upgrades/7/requires/0	object_record	resource_id:company.cash	epochseed/replaycatalog + strict economy catalog	authoritative production/economy transitions	mounted Game UI Desk projection	real producer and mounted consumer exist separately	cold T0-T1 server first-hour plus current-data Game UI fixtures	No row-discriminating composed browser gameplay transition; browser proof stops at Desk	partial_mounted	Game UI AC1 body reconciliation plus accepted content/UI successor
balance/catalogs/phase0.json#/upgrades/7/effects/0	balance/catalogs/phase0.json	economy	/upgrades/7/effects/0	object_record	source_id:upgrade.employee_handbook_v0.factor	epochseed/replaycatalog + strict economy catalog	authoritative production/economy transitions	mounted Game UI Desk projection	real producer and mounted consumer exist separately	cold T0-T1 server first-hour plus current-data Game UI fixtures	No row-discriminating composed browser gameplay transition; browser proof stops at Desk	partial_mounted	Game UI AC1 body reconciliation plus accepted content/UI successor
balance/catalogs/phase0.json#/upgrades/7/roles/0	balance/catalogs/phase0.json	economy	/upgrades/7/roles/0	primitive_edge	"synergy_feed"	epochseed/replaycatalog + strict economy catalog	authoritative production/economy transitions	mounted Game UI Desk projection	real producer and mounted consumer exist separately	cold T0-T1 server first-hour plus current-data Game UI fixtures	No row-discriminating composed browser gameplay transition; browser proof stops at Desk	partial_mounted	Game UI AC1 body reconciliation plus accepted content/UI successor
balance/catalogs/phase0.json#/upgrades/8	balance/catalogs/phase0.json	economy	/upgrades/8	object_record	upgrade.refurbished_sticker	epochseed/replaycatalog + strict economy catalog	authoritative production/economy transitions	mounted Game UI Desk projection	real producer and mounted consumer exist separately	cold T0-T1 server first-hour plus current-data Game UI fixtures	No row-discriminating composed browser gameplay transition; browser proof stops at Desk	partial_mounted	Game UI AC1 body reconciliation plus accepted content/UI successor
balance/catalogs/phase0.json#/upgrades/8/cost	balance/catalogs/phase0.json	economy	/upgrades/8/cost	nested_object	object:/upgrades/8/cost	epochseed/replaycatalog + strict economy catalog	authoritative production/economy transitions	mounted Game UI Desk projection	real producer and mounted consumer exist separately	cold T0-T1 server first-hour plus current-data Game UI fixtures	No row-discriminating composed browser gameplay transition; browser proof stops at Desk	partial_mounted	Game UI AC1 body reconciliation plus accepted content/UI successor
balance/catalogs/phase0.json#/upgrades/8/window	balance/catalogs/phase0.json	economy	/upgrades/8/window	nested_object	object:/upgrades/8/window	epochseed/replaycatalog + strict economy catalog	authoritative production/economy transitions	mounted Game UI Desk projection	real producer and mounted consumer exist separately	cold T0-T1 server first-hour plus current-data Game UI fixtures	No row-discriminating composed browser gameplay transition; browser proof stops at Desk	partial_mounted	Game UI AC1 body reconciliation plus accepted content/UI successor
balance/catalogs/phase0.json#/upgrades/8/requires/0	balance/catalogs/phase0.json	economy	/upgrades/8/requires/0	object_record	resource_id:company.cash	epochseed/replaycatalog + strict economy catalog	authoritative production/economy transitions	mounted Game UI Desk projection	real producer and mounted consumer exist separately	cold T0-T1 server first-hour plus current-data Game UI fixtures	No row-discriminating composed browser gameplay transition; browser proof stops at Desk	partial_mounted	Game UI AC1 body reconciliation plus accepted content/UI successor
balance/catalogs/phase0.json#/upgrades/8/effects/0	balance/catalogs/phase0.json	economy	/upgrades/8/effects/0	object_record	source_id:upgrade.refurbished_sticker.factor	epochseed/replaycatalog + strict economy catalog	authoritative production/economy transitions	mounted Game UI Desk projection	real producer and mounted consumer exist separately	cold T0-T1 server first-hour plus current-data Game UI fixtures	No row-discriminating composed browser gameplay transition; browser proof stops at Desk	partial_mounted	Game UI AC1 body reconciliation plus accepted content/UI successor
balance/catalogs/phase0.json#/upgrades/8/roles/0	balance/catalogs/phase0.json	economy	/upgrades/8/roles/0	primitive_edge	"synergy_feed"	epochseed/replaycatalog + strict economy catalog	authoritative production/economy transitions	mounted Game UI Desk projection	real producer and mounted consumer exist separately	cold T0-T1 server first-hour plus current-data Game UI fixtures	No row-discriminating composed browser gameplay transition; browser proof stops at Desk	partial_mounted	Game UI AC1 body reconciliation plus accepted content/UI successor
balance/catalogs/phase0.json#/upgrades/9	balance/catalogs/phase0.json	economy	/upgrades/9	object_record	upgrade.institutional_memory	epochseed/replaycatalog + strict economy catalog	authoritative production/economy transitions	mounted Game UI Desk projection	real producer and mounted consumer exist separately	cold T0-T1 server first-hour plus current-data Game UI fixtures	No row-discriminating composed browser gameplay transition; browser proof stops at Desk	partial_mounted	Game UI AC1 body reconciliation plus accepted content/UI successor
balance/catalogs/phase0.json#/upgrades/9/cost	balance/catalogs/phase0.json	economy	/upgrades/9/cost	nested_object	object:/upgrades/9/cost	epochseed/replaycatalog + strict economy catalog	authoritative production/economy transitions	mounted Game UI Desk projection	real producer and mounted consumer exist separately	cold T0-T1 server first-hour plus current-data Game UI fixtures	No row-discriminating composed browser gameplay transition; browser proof stops at Desk	partial_mounted	Game UI AC1 body reconciliation plus accepted content/UI successor
balance/catalogs/phase0.json#/upgrades/9/window	balance/catalogs/phase0.json	economy	/upgrades/9/window	nested_object	object:/upgrades/9/window	epochseed/replaycatalog + strict economy catalog	authoritative production/economy transitions	mounted Game UI Desk projection	real producer and mounted consumer exist separately	cold T0-T1 server first-hour plus current-data Game UI fixtures	No row-discriminating composed browser gameplay transition; browser proof stops at Desk	partial_mounted	Game UI AC1 body reconciliation plus accepted content/UI successor
balance/catalogs/phase0.json#/upgrades/9/requires/0	balance/catalogs/phase0.json	economy	/upgrades/9/requires/0	object_record	resource_id:company.cash	epochseed/replaycatalog + strict economy catalog	authoritative production/economy transitions	mounted Game UI Desk projection	real producer and mounted consumer exist separately	cold T0-T1 server first-hour plus current-data Game UI fixtures	No row-discriminating composed browser gameplay transition; browser proof stops at Desk	partial_mounted	Game UI AC1 body reconciliation plus accepted content/UI successor
balance/catalogs/phase0.json#/upgrades/9/effects/0	balance/catalogs/phase0.json	economy	/upgrades/9/effects/0	object_record	source_id:upgrade.institutional_memory.factor	epochseed/replaycatalog + strict economy catalog	authoritative production/economy transitions	mounted Game UI Desk projection	real producer and mounted consumer exist separately	cold T0-T1 server first-hour plus current-data Game UI fixtures	No row-discriminating composed browser gameplay transition; browser proof stops at Desk	partial_mounted	Game UI AC1 body reconciliation plus accepted content/UI successor
balance/catalogs/phase0.json#/upgrades/9/roles/0	balance/catalogs/phase0.json	economy	/upgrades/9/roles/0	primitive_edge	"synergy_feed"	epochseed/replaycatalog + strict economy catalog	authoritative production/economy transitions	mounted Game UI Desk projection	real producer and mounted consumer exist separately	cold T0-T1 server first-hour plus current-data Game UI fixtures	No row-discriminating composed browser gameplay transition; browser proof stops at Desk	partial_mounted	Game UI AC1 body reconciliation plus accepted content/UI successor
balance/catalogs/phase0.json#/synergy_pools/0	balance/catalogs/phase0.json	economy	/synergy_pools/0	object_record	pool.operational_excellence	epochseed/replaycatalog + strict economy catalog	authoritative production/economy transitions	mounted Game UI Desk projection	real producer and mounted consumer exist separately	cold T0-T1 server first-hour plus current-data Game UI fixtures	No row-discriminating composed browser gameplay transition; browser proof stops at Desk	partial_mounted	Game UI AC1 body reconciliation plus accepted content/UI successor
balance/catalogs/phase0.json#/synergy_pools/0/sources/0	balance/catalogs/phase0.json	economy	/synergy_pools/0/sources/0	object_record	object:/synergy_pools/0/sources/0	epochseed/replaycatalog + strict economy catalog	authoritative production/economy transitions	mounted Game UI Desk projection	real producer and mounted consumer exist separately	cold T0-T1 server first-hour plus current-data Game UI fixtures	No row-discriminating composed browser gameplay transition; browser proof stops at Desk	partial_mounted	Game UI AC1 body reconciliation plus accepted content/UI successor
balance/catalogs/phase0.json#/synergy_pools/0/sources/1	balance/catalogs/phase0.json	economy	/synergy_pools/0/sources/1	object_record	object:/synergy_pools/0/sources/1	epochseed/replaycatalog + strict economy catalog	authoritative production/economy transitions	mounted Game UI Desk projection	real producer and mounted consumer exist separately	cold T0-T1 server first-hour plus current-data Game UI fixtures	No row-discriminating composed browser gameplay transition; browser proof stops at Desk	partial_mounted	Game UI AC1 body reconciliation plus accepted content/UI successor
balance/catalogs/phase0.json#/synergy_pools/0/sources/2	balance/catalogs/phase0.json	economy	/synergy_pools/0/sources/2	object_record	object:/synergy_pools/0/sources/2	epochseed/replaycatalog + strict economy catalog	authoritative production/economy transitions	mounted Game UI Desk projection	real producer and mounted consumer exist separately	cold T0-T1 server first-hour plus current-data Game UI fixtures	No row-discriminating composed browser gameplay transition; browser proof stops at Desk	partial_mounted	Game UI AC1 body reconciliation plus accepted content/UI successor
balance/catalogs/phase0.json#/synergy_pools/0/sources/3	balance/catalogs/phase0.json	economy	/synergy_pools/0/sources/3	object_record	object:/synergy_pools/0/sources/3	epochseed/replaycatalog + strict economy catalog	authoritative production/economy transitions	mounted Game UI Desk projection	real producer and mounted consumer exist separately	cold T0-T1 server first-hour plus current-data Game UI fixtures	No row-discriminating composed browser gameplay transition; browser proof stops at Desk	partial_mounted	Game UI AC1 body reconciliation plus accepted content/UI successor
balance/catalogs/phase0.json#/synergy_pools/0/sources/4	balance/catalogs/phase0.json	economy	/synergy_pools/0/sources/4	object_record	object:/synergy_pools/0/sources/4	epochseed/replaycatalog + strict economy catalog	authoritative production/economy transitions	mounted Game UI Desk projection	real producer and mounted consumer exist separately	cold T0-T1 server first-hour plus current-data Game UI fixtures	No row-discriminating composed browser gameplay transition; browser proof stops at Desk	partial_mounted	Game UI AC1 body reconciliation plus accepted content/UI successor
balance/catalogs/phase0.json#/synergy_pools/0/sources/5	balance/catalogs/phase0.json	economy	/synergy_pools/0/sources/5	object_record	object:/synergy_pools/0/sources/5	epochseed/replaycatalog + strict economy catalog	authoritative production/economy transitions	mounted Game UI Desk projection	real producer and mounted consumer exist separately	cold T0-T1 server first-hour plus current-data Game UI fixtures	No row-discriminating composed browser gameplay transition; browser proof stops at Desk	partial_mounted	Game UI AC1 body reconciliation plus accepted content/UI successor
balance/catalogs/phase0.json#/synergy_pools/0/sources/6	balance/catalogs/phase0.json	economy	/synergy_pools/0/sources/6	object_record	object:/synergy_pools/0/sources/6	epochseed/replaycatalog + strict economy catalog	authoritative production/economy transitions	mounted Game UI Desk projection	real producer and mounted consumer exist separately	cold T0-T1 server first-hour plus current-data Game UI fixtures	No row-discriminating composed browser gameplay transition; browser proof stops at Desk	partial_mounted	Game UI AC1 body reconciliation plus accepted content/UI successor
balance/catalogs/phase0.json#/synergy_pools/1	balance/catalogs/phase0.json	economy	/synergy_pools/1	object_record	pool.institutional_knowledge	epochseed/replaycatalog + strict economy catalog	authoritative production/economy transitions	mounted Game UI Desk projection	real producer and mounted consumer exist separately	cold T0-T1 server first-hour plus current-data Game UI fixtures	No row-discriminating composed browser gameplay transition; browser proof stops at Desk	partial_mounted	Game UI AC1 body reconciliation plus accepted content/UI successor
balance/catalogs/phase0.json#/synergy_pools/1/sources/0	balance/catalogs/phase0.json	economy	/synergy_pools/1/sources/0	object_record	object:/synergy_pools/1/sources/0	epochseed/replaycatalog + strict economy catalog	authoritative production/economy transitions	mounted Game UI Desk projection	real producer and mounted consumer exist separately	cold T0-T1 server first-hour plus current-data Game UI fixtures	No row-discriminating composed browser gameplay transition; browser proof stops at Desk	partial_mounted	Game UI AC1 body reconciliation plus accepted content/UI successor
balance/catalogs/phase0.json#/synergy_pools/1/sources/1	balance/catalogs/phase0.json	economy	/synergy_pools/1/sources/1	object_record	object:/synergy_pools/1/sources/1	epochseed/replaycatalog + strict economy catalog	authoritative production/economy transitions	mounted Game UI Desk projection	real producer and mounted consumer exist separately	cold T0-T1 server first-hour plus current-data Game UI fixtures	No row-discriminating composed browser gameplay transition; browser proof stops at Desk	partial_mounted	Game UI AC1 body reconciliation plus accepted content/UI successor
balance/catalogs/phase0.json#/synergy_pools/1/sources/2	balance/catalogs/phase0.json	economy	/synergy_pools/1/sources/2	object_record	object:/synergy_pools/1/sources/2	epochseed/replaycatalog + strict economy catalog	authoritative production/economy transitions	mounted Game UI Desk projection	real producer and mounted consumer exist separately	cold T0-T1 server first-hour plus current-data Game UI fixtures	No row-discriminating composed browser gameplay transition; browser proof stops at Desk	partial_mounted	Game UI AC1 body reconciliation plus accepted content/UI successor
balance/catalogs/phase0.json#/synergy_pools/1/sources/3	balance/catalogs/phase0.json	economy	/synergy_pools/1/sources/3	object_record	object:/synergy_pools/1/sources/3	epochseed/replaycatalog + strict economy catalog	authoritative production/economy transitions	mounted Game UI Desk projection	real producer and mounted consumer exist separately	cold T0-T1 server first-hour plus current-data Game UI fixtures	No row-discriminating composed browser gameplay transition; browser proof stops at Desk	partial_mounted	Game UI AC1 body reconciliation plus accepted content/UI successor
balance/catalogs/phase0.json#/synergy_pools/1/sources/4	balance/catalogs/phase0.json	economy	/synergy_pools/1/sources/4	object_record	object:/synergy_pools/1/sources/4	epochseed/replaycatalog + strict economy catalog	authoritative production/economy transitions	mounted Game UI Desk projection	real producer and mounted consumer exist separately	cold T0-T1 server first-hour plus current-data Game UI fixtures	No row-discriminating composed browser gameplay transition; browser proof stops at Desk	partial_mounted	Game UI AC1 body reconciliation plus accepted content/UI successor
balance/catalogs/phase0.json#/synergy_pools/1/sources/5	balance/catalogs/phase0.json	economy	/synergy_pools/1/sources/5	object_record	object:/synergy_pools/1/sources/5	epochseed/replaycatalog + strict economy catalog	authoritative production/economy transitions	mounted Game UI Desk projection	real producer and mounted consumer exist separately	cold T0-T1 server first-hour plus current-data Game UI fixtures	No row-discriminating composed browser gameplay transition; browser proof stops at Desk	partial_mounted	Game UI AC1 body reconciliation plus accepted content/UI successor
balance/catalogs/phase0.json#/synergy_pools/1/sources/6	balance/catalogs/phase0.json	economy	/synergy_pools/1/sources/6	object_record	object:/synergy_pools/1/sources/6	epochseed/replaycatalog + strict economy catalog	authoritative production/economy transitions	mounted Game UI Desk projection	real producer and mounted consumer exist separately	cold T0-T1 server first-hour plus current-data Game UI fixtures	No row-discriminating composed browser gameplay transition; browser proof stops at Desk	partial_mounted	Game UI AC1 body reconciliation plus accepted content/UI successor
balance/catalogs/phase0.json#/synergy_pools/1/sources/7	balance/catalogs/phase0.json	economy	/synergy_pools/1/sources/7	object_record	object:/synergy_pools/1/sources/7	epochseed/replaycatalog + strict economy catalog	authoritative production/economy transitions	mounted Game UI Desk projection	real producer and mounted consumer exist separately	cold T0-T1 server first-hour plus current-data Game UI fixtures	No row-discriminating composed browser gameplay transition; browser proof stops at Desk	partial_mounted	Game UI AC1 body reconciliation plus accepted content/UI successor
balance/catalogs/phase0.json#/provision_tick_ms	balance/catalogs/phase0.json	economy	/provision_tick_ms	root_policy_field	60000	epochseed/replaycatalog + strict economy catalog	authoritative production/economy transitions	mounted Game UI Desk projection	real producer and mounted consumer exist separately	cold T0-T1 server first-hour plus current-data Game UI fixtures	No row-discriminating composed browser gameplay transition; browser proof stops at Desk	partial_mounted	Game UI AC1 body reconciliation plus accepted content/UI successor
balance/catalogs/phase0.json#/manual_actions/0	balance/catalogs/phase0.json	economy	/manual_actions/0	object_record	manual.click	epochseed/replaycatalog + strict economy catalog	authoritative production/economy transitions	mounted Game UI Desk projection	real producer and mounted consumer exist separately	cold T0-T1 server first-hour plus current-data Game UI fixtures	No row-discriminating composed browser gameplay transition; browser proof stops at Desk	partial_mounted	Game UI AC1 body reconciliation plus accepted content/UI successor
balance/catalogs/phase0.json#/manual_actions/0/output	balance/catalogs/phase0.json	economy	/manual_actions/0/output	nested_object	resource_id:company.cash	epochseed/replaycatalog + strict economy catalog	authoritative production/economy transitions	mounted Game UI Desk projection	real producer and mounted consumer exist separately	cold T0-T1 server first-hour plus current-data Game UI fixtures	No row-discriminating composed browser gameplay transition; browser proof stops at Desk	partial_mounted	Game UI AC1 body reconciliation plus accepted content/UI successor
balance/catalogs/phase0.json#/multiplier_sources/0	balance/catalogs/phase0.json	economy	/multiplier_sources/0	object_record	active.building.generator.beige_tower	epochseed/replaycatalog + strict economy catalog	authoritative production/economy transitions	none mounted for the provider-specific opportunity/Commons/Fiscal/faction path	backend multiplier/provider contract active outside the mounted default workflow	cold provider binding/production tests	No mounted provider workflow or integrated effect witness	backend_active	Game UI AC1 body reconciliation plus accepted content/UI successor
balance/catalogs/phase0.json#/multiplier_sources/1	balance/catalogs/phase0.json	economy	/multiplier_sources/1	object_record	active.click	epochseed/replaycatalog + strict economy catalog	authoritative production/economy transitions	none mounted for the provider-specific opportunity/Commons/Fiscal/faction path	backend multiplier/provider contract active outside the mounted default workflow	cold provider binding/production tests	No mounted provider workflow or integrated effect witness	backend_active	Game UI AC1 body reconciliation plus accepted content/UI successor
balance/catalogs/phase0.json#/multiplier_sources/2	balance/catalogs/phase0.json	economy	/multiplier_sources/2	object_record	active.production	epochseed/replaycatalog + strict economy catalog	authoritative production/economy transitions	none mounted for the provider-specific opportunity/Commons/Fiscal/faction path	backend multiplier/provider contract active outside the mounted default workflow	cold provider binding/production tests	No mounted provider workflow or integrated effect witness	backend_active	Game UI AC1 body reconciliation plus accepted content/UI successor
balance/catalogs/phase0.json#/multiplier_sources/3	balance/catalogs/phase0.json	economy	/multiplier_sources/3	object_record	commons.member	epochseed/replaycatalog + strict economy catalog	authoritative production/economy transitions	none mounted for the provider-specific opportunity/Commons/Fiscal/faction path	backend multiplier/provider contract active outside the mounted default workflow	cold provider binding/production tests	No mounted provider workflow or integrated effect witness	backend_active	Game UI AC1 body reconciliation plus accepted content/UI successor
balance/catalogs/phase0.json#/multiplier_sources/4	balance/catalogs/phase0.json	economy	/multiplier_sources/4	object_record	fiscal.generator.beige_tower	epochseed/replaycatalog + strict economy catalog	authoritative production/economy transitions	none mounted for the provider-specific opportunity/Commons/Fiscal/faction path	backend multiplier/provider contract active outside the mounted default workflow	cold provider binding/production tests	No mounted provider workflow or integrated effect witness	backend_active	Game UI AC1 body reconciliation plus accepted content/UI successor
balance/catalogs/phase0.json#/multiplier_sources/5	balance/catalogs/phase0.json	economy	/multiplier_sources/5	object_record	fiscal.hoard	epochseed/replaycatalog + strict economy catalog	authoritative production/economy transitions	none mounted for the provider-specific opportunity/Commons/Fiscal/faction path	backend multiplier/provider contract active outside the mounted default workflow	cold provider binding/production tests	No mounted provider workflow or integrated effect witness	backend_active	Game UI AC1 body reconciliation plus accepted content/UI successor
balance/catalogs/phase0.json#/multiplier_sources/6	balance/catalogs/phase0.json	economy	/multiplier_sources/6	object_record	guild.stock_consumption	epochseed/replaycatalog + strict economy catalog	authoritative production/economy transitions	none mounted for the provider-specific opportunity/Commons/Fiscal/faction path	backend multiplier/provider contract active outside the mounted default workflow	cold provider binding/production tests	No mounted provider workflow or integrated effect witness	backend_active	Game UI AC1 body reconciliation plus accepted content/UI successor
balance/catalogs/phase0.json#/multiplier_sources/7	balance/catalogs/phase0.json	economy	/multiplier_sources/7	object_record	pool.institutional_knowledge	epochseed/replaycatalog + strict economy catalog	authoritative production/economy transitions	mounted Game UI Desk projection	real producer and mounted consumer exist separately	cold T0-T1 server first-hour plus current-data Game UI fixtures	No row-discriminating composed browser gameplay transition; browser proof stops at Desk	partial_mounted	Game UI AC1 body reconciliation plus accepted content/UI successor
balance/catalogs/phase0.json#/multiplier_sources/8	balance/catalogs/phase0.json	economy	/multiplier_sources/8	object_record	pool.operational_excellence	epochseed/replaycatalog + strict economy catalog	authoritative production/economy transitions	mounted Game UI Desk projection	real producer and mounted consumer exist separately	cold T0-T1 server first-hour plus current-data Game UI fixtures	No row-discriminating composed browser gameplay transition; browser proof stops at Desk	partial_mounted	Game UI AC1 body reconciliation plus accepted content/UI successor
balance/catalogs/phase0.json#/progress_coordinates/0	balance/catalogs/phase0.json	economy	/progress_coordinates/0	object_record	object:/progress_coordinates/0	epochseed/replaycatalog + strict economy catalog	authoritative production/economy transitions	mounted Game UI Desk projection	real producer and mounted consumer exist separately	cold T0-T1 server first-hour plus current-data Game UI fixtures	No row-discriminating composed browser gameplay transition; browser proof stops at Desk	partial_mounted	Game UI AC1 body reconciliation plus accepted content/UI successor
balance/catalogs/phase0.json#/progress_coordinates/1	balance/catalogs/phase0.json	economy	/progress_coordinates/1	object_record	object:/progress_coordinates/1	epochseed/replaycatalog + strict economy catalog	authoritative production/economy transitions	mounted Game UI Desk projection	real producer and mounted consumer exist separately	cold T0-T1 server first-hour plus current-data Game UI fixtures	No row-discriminating composed browser gameplay transition; browser proof stops at Desk	partial_mounted	Game UI AC1 body reconciliation plus accepted content/UI successor
balance/catalogs/phase0.json#/progress_coordinates/1/terms/0	balance/catalogs/phase0.json	economy	/progress_coordinates/1/terms/0	object_record	object:/progress_coordinates/1/terms/0	epochseed/replaycatalog + strict economy catalog	authoritative production/economy transitions	mounted Game UI Desk projection	real producer and mounted consumer exist separately	cold T0-T1 server first-hour plus current-data Game UI fixtures	No row-discriminating composed browser gameplay transition; browser proof stops at Desk	partial_mounted	Game UI AC1 body reconciliation plus accepted content/UI successor
balance/catalogs/phase0.json#/progress_coordinates/1/terms/1	balance/catalogs/phase0.json	economy	/progress_coordinates/1/terms/1	object_record	object:/progress_coordinates/1/terms/1	epochseed/replaycatalog + strict economy catalog	authoritative production/economy transitions	mounted Game UI Desk projection	real producer and mounted consumer exist separately	cold T0-T1 server first-hour plus current-data Game UI fixtures	No row-discriminating composed browser gameplay transition; browser proof stops at Desk	partial_mounted	Game UI AC1 body reconciliation plus accepted content/UI successor
balance/catalogs/phase0.json#/progress_coordinates/2	balance/catalogs/phase0.json	economy	/progress_coordinates/2	object_record	object:/progress_coordinates/2	epochseed/replaycatalog + strict economy catalog	authoritative production/economy transitions	none in the current T0-T1 player workflow	registered economy row requires absent Tier-2/Tier-3 content	catalog/production tests only; no reachable current default workflow	Current T0-T1 game cannot activate this row	backend_registered_dormant	Game UI AC1 body reconciliation plus accepted content/UI successor
balance/catalogs/phase0.json#/progress_coordinates/3	balance/catalogs/phase0.json	economy	/progress_coordinates/3	object_record	object:/progress_coordinates/3	epochseed/replaycatalog + strict economy catalog	authoritative production/economy transitions	none in the current T0-T1 player workflow	registered economy row requires absent Tier-2/Tier-3 content	catalog/production tests only; no reachable current default workflow	Current T0-T1 game cannot activate this row	backend_registered_dormant	Game UI AC1 body reconciliation plus accepted content/UI successor
balance/catalogs/phase0.json#/manual_policy	balance/catalogs/phase0.json	economy	/manual_policy	singleton_policy	object:/manual_policy	epochseed/replaycatalog + strict economy catalog	authoritative production/economy transitions	mounted Game UI Desk projection	real producer and mounted consumer exist separately	cold T0-T1 server first-hour plus current-data Game UI fixtures	No row-discriminating composed browser gameplay transition; browser proof stops at Desk	partial_mounted	Game UI AC1 body reconciliation plus accepted content/UI successor
balance/catalogs/phase0.json#/offline_policy	balance/catalogs/phase0.json	economy	/offline_policy	singleton_policy	object:/offline_policy	epochseed/replaycatalog + strict economy catalog	authoritative production/economy transitions	mounted Game UI Desk projection	real producer and mounted consumer exist separately	cold T0-T1 server first-hour plus current-data Game UI fixtures	No row-discriminating composed browser gameplay transition; browser proof stops at Desk	partial_mounted	Game UI AC1 body reconciliation plus accepted content/UI successor
balance/categories/phase0.json#/full_gate_set/0	balance/categories/phase0.json	categories	/full_gate_set/0	primitive_edge	"gate.t0_to_t1"	epochseed/replaycatalog + category parser	leaderboard/category projection	none for full player category workflow; Game UI projector selects any_percent only	backend category/fact data active	cold leaderboard/category projection tests	Five rows exist but the player cannot select or browse categories	backend_active	Leaderboards/API/Game UI successors
balance/categories/phase0.json#/full_gate_set/1	balance/categories/phase0.json	categories	/full_gate_set/1	primitive_edge	"gate.t2_to_t3"	epochseed/replaycatalog + category parser	leaderboard/category projection	none for full player category workflow; Game UI projector selects any_percent only	backend category/fact data active	cold leaderboard/category projection tests	Five rows exist but the player cannot select or browse categories	backend_active	Leaderboards/API/Game UI successors
balance/categories/phase0.json#/full_gate_set/2	balance/categories/phase0.json	categories	/full_gate_set/2	primitive_edge	"gate.t3_to_t4"	epochseed/replaycatalog + category parser	leaderboard/category projection	none for full player category workflow; Game UI projector selects any_percent only	backend category/fact data active	cold leaderboard/category projection tests	Five rows exist but the player cannot select or browse categories	backend_active	Leaderboards/API/Game UI successors
balance/categories/phase0.json#/full_gate_set/3	balance/categories/phase0.json	categories	/full_gate_set/3	primitive_edge	"gate.t4_to_t5"	epochseed/replaycatalog + category parser	leaderboard/category projection	none for full player category workflow; Game UI projector selects any_percent only	backend category/fact data active	cold leaderboard/category projection tests	Five rows exist but the player cannot select or browse categories	backend_active	Leaderboards/API/Game UI successors
balance/categories/phase0.json#/full_gate_set/4	balance/categories/phase0.json	categories	/full_gate_set/4	primitive_edge	"gate.t7_to_t8"	epochseed/replaycatalog + category parser	leaderboard/category projection	none for full player category workflow; Game UI projector selects any_percent only	backend category/fact data active	cold leaderboard/category projection tests	Five rows exist but the player cannot select or browse categories	backend_active	Leaderboards/API/Game UI successors
balance/categories/phase0.json#/fact_sets	balance/categories/phase0.json	categories	/fact_sets	singleton_policy	object:/fact_sets	epochseed/replaycatalog + category parser	leaderboard/category projection	none for full player category workflow; Game UI projector selects any_percent only	backend category/fact data active	cold leaderboard/category projection tests	Five rows exist but the player cannot select or browse categories	backend_active	Leaderboards/API/Game UI successors
balance/categories/phase0.json#/fact_sets/completion_set	balance/categories/phase0.json	categories	/fact_sets/completion_set	empty_collection	<empty>	epochseed/replaycatalog + category parser	leaderboard/category projection	none for full player category workflow; Game UI projector selects any_percent only	explicit deploy-current empty collection	structural extractor plus family validator empty-case behavior	The collection contributes no authored relationship/effect rows; intent may be optional or missing and needs its named owner	zero_or_empty_placeholder	Leaderboards/API/Game UI successors
balance/categories/phase0.json#/fact_sets/forbidden_set/0	balance/categories/phase0.json	categories	/fact_sets/forbidden_set/0	primitive_edge	"darkpattern."	epochseed/replaycatalog + category parser	leaderboard/category projection	none for full player category workflow; Game UI projector selects any_percent only	backend category/fact data active	cold leaderboard/category projection tests	Five rows exist but the player cannot select or browse categories	backend_active	Leaderboards/API/Game UI successors
balance/categories/phase0.json#/fact_sets/forbidden_set/1	balance/categories/phase0.json	categories	/fact_sets/forbidden_set/1	primitive_edge	"externality."	epochseed/replaycatalog + category parser	leaderboard/category projection	none for full player category workflow; Game UI projector selects any_percent only	backend category/fact data active	cold leaderboard/category projection tests	Five rows exist but the player cannot select or browse categories	backend_active	Leaderboards/API/Game UI successors
balance/categories/phase0.json#/categories/0	balance/categories/phase0.json	categories	/categories/0	object_record	any_percent	epochseed/replaycatalog + category parser	leaderboard/category projection	mounted Game UI category title hardcoded to any_percent	one category is mounted, without player selection or board workflow	current-data source trace plus separate Game UI fixture	No integrated category selection/browse witness	partial_mounted	Leaderboards/API/Game UI successors
balance/categories/phase0.json#/categories/0/predicate	balance/categories/phase0.json	categories	/categories/0/predicate	nested_object	object:/categories/0/predicate	epochseed/replaycatalog + category parser	leaderboard/category projection	mounted Game UI category title hardcoded to any_percent	one category is mounted, without player selection or board workflow	current-data source trace plus separate Game UI fixture	No integrated category selection/browse witness	partial_mounted	Leaderboards/API/Game UI successors
balance/categories/phase0.json#/categories/1	balance/categories/phase0.json	categories	/categories/1	object_record	hundred_percent	epochseed/replaycatalog + category parser	leaderboard/category projection	none for full player category workflow; Game UI projector selects any_percent only	backend category/fact data active	cold leaderboard/category projection tests	Five rows exist but the player cannot select or browse categories	backend_active	Leaderboards/API/Game UI successors
balance/categories/phase0.json#/categories/1/predicate	balance/categories/phase0.json	categories	/categories/1/predicate	nested_object	object:/categories/1/predicate	epochseed/replaycatalog + category parser	leaderboard/category projection	none for full player category workflow; Game UI projector selects any_percent only	backend category/fact data active	cold leaderboard/category projection tests	Five rows exist but the player cannot select or browse categories	backend_active	Leaderboards/API/Game UI successors
balance/categories/phase0.json#/categories/1/predicate/all/0	balance/categories/phase0.json	categories	/categories/1/predicate/all/0	object_record	object:/categories/1/predicate/all/0	epochseed/replaycatalog + category parser	leaderboard/category projection	none for full player category workflow; Game UI projector selects any_percent only	backend category/fact data active	cold leaderboard/category projection tests	Five rows exist but the player cannot select or browse categories	backend_active	Leaderboards/API/Game UI successors
balance/categories/phase0.json#/categories/1/predicate/all/1	balance/categories/phase0.json	categories	/categories/1/predicate/all/1	object_record	object:/categories/1/predicate/all/1	epochseed/replaycatalog + category parser	leaderboard/category projection	none for full player category workflow; Game UI projector selects any_percent only	backend category/fact data active	cold leaderboard/category projection tests	Five rows exist but the player cannot select or browse categories	backend_active	Leaderboards/API/Game UI successors
balance/categories/phase0.json#/categories/2	balance/categories/phase0.json	categories	/categories/2	object_record	ethical_percent	epochseed/replaycatalog + category parser	leaderboard/category projection	none for full player category workflow; Game UI projector selects any_percent only	backend category/fact data active	cold leaderboard/category projection tests	Five rows exist but the player cannot select or browse categories	backend_active	Leaderboards/API/Game UI successors
balance/categories/phase0.json#/categories/2/predicate	balance/categories/phase0.json	categories	/categories/2/predicate	nested_object	object:/categories/2/predicate	epochseed/replaycatalog + category parser	leaderboard/category projection	none for full player category workflow; Game UI projector selects any_percent only	backend category/fact data active	cold leaderboard/category projection tests	Five rows exist but the player cannot select or browse categories	backend_active	Leaderboards/API/Game UI successors
balance/categories/phase0.json#/categories/3	balance/categories/phase0.json	categories	/categories/3	object_record	low_percent	epochseed/replaycatalog + category parser	leaderboard/category projection	none for full player category workflow; Game UI projector selects any_percent only	backend category/fact data active	cold leaderboard/category projection tests	Five rows exist but the player cannot select or browse categories	backend_active	Leaderboards/API/Game UI successors
balance/categories/phase0.json#/categories/3/predicate	balance/categories/phase0.json	categories	/categories/3/predicate	nested_object	object:/categories/3/predicate	epochseed/replaycatalog + category parser	leaderboard/category projection	none for full player category workflow; Game UI projector selects any_percent only	backend category/fact data active	cold leaderboard/category projection tests	Five rows exist but the player cannot select or browse categories	backend_active	Leaderboards/API/Game UI successors
balance/categories/phase0.json#/categories/4	balance/categories/phase0.json	categories	/categories/4	object_record	valuation	epochseed/replaycatalog + category parser	leaderboard/category projection	none for full player category workflow; Game UI projector selects any_percent only	backend category/fact data active	cold leaderboard/category projection tests	Five rows exist but the player cannot select or browse categories	backend_active	Leaderboards/API/Game UI successors
balance/categories/phase0.json#/categories/4/predicate	balance/categories/phase0.json	categories	/categories/4/predicate	nested_object	object:/categories/4/predicate	epochseed/replaycatalog + category parser	leaderboard/category projection	none for full player category workflow; Game UI projector selects any_percent only	backend category/fact data active	cold leaderboard/category projection tests	Five rows exist but the player cannot select or browse categories	backend_active	Leaderboards/API/Game UI successors
balance/commons/phase0.json#/source_weights	balance/commons/phase0.json	commons	/source_weights	empty_collection	<empty>	epochseed/replaycatalog + Commons catalog	Commons contribution/projection kernels	none mounted	explicit deploy-current empty collection	structural extractor plus family validator empty-case behavior	The collection contributes no authored relationship/effect rows; intent may be optional or missing and needs its named owner	zero_or_empty_placeholder	D-007 then accepted Commons/Game UI owner
balance/commons/phase0.json#/default_tithe_ppm	balance/commons/phase0.json	commons	/default_tithe_ppm	root_policy_field	100000	epochseed/replaycatalog + Commons catalog	Commons contribution/projection kernels	none mounted	backend policy active	cold Commons/production tests	No Commons player surface or complete source lane	backend_active	D-007 then accepted Commons/Game UI owner
balance/commons/phase0.json#/minimum_tithe_ppm	balance/commons/phase0.json	commons	/minimum_tithe_ppm	root_policy_field	50000	epochseed/replaycatalog + Commons catalog	Commons contribution/projection kernels	none mounted	backend policy active	cold Commons/production tests	No Commons player surface or complete source lane	backend_active	D-007 then accepted Commons/Game UI owner
balance/commons/phase0.json#/maximum_tithe_ppm	balance/commons/phase0.json	commons	/maximum_tithe_ppm	root_policy_field	150000	epochseed/replaycatalog + Commons catalog	Commons contribution/projection kernels	none mounted	backend policy active	cold Commons/production tests	No Commons player surface or complete source lane	backend_active	D-007 then accepted Commons/Game UI owner
balance/commons/phase0.json#/guild_health_weight_ppm	balance/commons/phase0.json	commons	/guild_health_weight_ppm	root_policy_field	500000	epochseed/replaycatalog + Commons catalog	Commons contribution/projection kernels	none mounted	backend policy active	cold Commons/production tests	No Commons player surface or complete source lane	backend_active	D-007 then accepted Commons/Game UI owner
balance/commons/phase0.json#/cohort_health_weight_ppm	balance/commons/phase0.json	commons	/cohort_health_weight_ppm	root_policy_field	300000	epochseed/replaycatalog + Commons catalog	Commons contribution/projection kernels	none mounted	backend policy active	cold Commons/production tests	No Commons player surface or complete source lane	backend_active	D-007 then accepted Commons/Game UI owner
balance/commons/phase0.json#/server_health_weight_ppm	balance/commons/phase0.json	commons	/server_health_weight_ppm	root_policy_field	200000	epochseed/replaycatalog + Commons catalog	Commons contribution/projection kernels	none mounted	backend policy active	cold Commons/production tests	No Commons player surface or complete source lane	backend_active	D-007 then accepted Commons/Game UI owner
balance/commons/phase0.json#/collective_weight_ppm	balance/commons/phase0.json	commons	/collective_weight_ppm	root_policy_field	600000	epochseed/replaycatalog + Commons catalog	Commons contribution/projection kernels	none mounted	backend policy active	cold Commons/production tests	No Commons player surface or complete source lane	backend_active	D-007 then accepted Commons/Game UI owner
balance/commons/phase0.json#/collective_exponent_ppm	balance/commons/phase0.json	commons	/collective_exponent_ppm	root_policy_field	1500000	epochseed/replaycatalog + Commons catalog	Commons contribution/projection kernels	none mounted	backend policy active	cold Commons/production tests	No Commons player surface or complete source lane	backend_active	D-007 then accepted Commons/Game UI owner
balance/commons/phase0.json#/collapse_health_ppm	balance/commons/phase0.json	commons	/collapse_health_ppm	root_policy_field	350000	epochseed/replaycatalog + Commons catalog	Commons contribution/projection kernels	none mounted	backend policy active	cold Commons/production tests	No Commons player surface or complete source lane	backend_active	D-007 then accepted Commons/Game UI owner
balance/commons/phase0.json#/healthy_health_ppm	balance/commons/phase0.json	commons	/healthy_health_ppm	root_policy_field	800000	epochseed/replaycatalog + Commons catalog	Commons contribution/projection kernels	none mounted	backend policy active	cold Commons/production tests	No Commons player surface or complete source lane	backend_active	D-007 then accepted Commons/Game UI owner
balance/commons/phase0.json#/maximum_bonus	balance/commons/phase0.json	commons	/maximum_bonus	root_policy_field	"5e0"	epochseed/replaycatalog + Commons catalog	Commons contribution/projection kernels	none mounted	backend policy active	cold Commons/production tests	No Commons player surface or complete source lane	backend_active	D-007 then accepted Commons/Game UI owner
balance/commons/phase0.json#/health_recovery_ppm_per_hour	balance/commons/phase0.json	commons	/health_recovery_ppm_per_hour	root_policy_field	100000	epochseed/replaycatalog + Commons catalog	Commons contribution/projection kernels	none mounted	backend policy active	cold Commons/production tests	No Commons player surface or complete source lane	backend_active	D-007 then accepted Commons/Game UI owner
balance/commons/phase0.json#/health_decay_ppm_per_hour	balance/commons/phase0.json	commons	/health_decay_ppm_per_hour	root_policy_field	40000	epochseed/replaycatalog + Commons catalog	Commons contribution/projection kernels	none mounted	backend policy active	cold Commons/production tests	No Commons player surface or complete source lane	backend_active	D-007 then accepted Commons/Game UI owner
balance/commons/phase0.json#/solidarity_window_ms	balance/commons/phase0.json	commons	/solidarity_window_ms	root_policy_field	2592000000	epochseed/replaycatalog + Commons catalog	Commons contribution/projection kernels	none mounted	backend policy active	cold Commons/production tests	No Commons player surface or complete source lane	backend_active	D-007 then accepted Commons/Game UI owner
balance/commons/phase0.json#/cohort_target_size	balance/commons/phase0.json	commons	/cohort_target_size	root_policy_field	150	epochseed/replaycatalog + Commons catalog	Commons contribution/projection kernels	none mounted	backend policy active	cold Commons/production tests	No Commons player surface or complete source lane	backend_active	D-007 then accepted Commons/Game UI owner
balance/commons/phase0.json#/cohort_merge_floor	balance/commons/phase0.json	commons	/cohort_merge_floor	root_policy_field	40	epochseed/replaycatalog + Commons catalog	Commons contribution/projection kernels	none mounted	backend policy active	cold Commons/production tests	No Commons player surface or complete source lane	backend_active	D-007 then accepted Commons/Game UI owner
balance/commons/phase0.json#/npc_population_floor	balance/commons/phase0.json	commons	/npc_population_floor	root_policy_field	40	epochseed/replaycatalog + Commons catalog	Commons contribution/projection kernels	none mounted	backend policy active	cold Commons/production tests	No Commons player surface or complete source lane	backend_active	D-007 then accepted Commons/Game UI owner
balance/commons/phase0.json#/npc_weight_ppm	balance/commons/phase0.json	commons	/npc_weight_ppm	root_policy_field	500000	epochseed/replaycatalog + Commons catalog	Commons contribution/projection kernels	none mounted	backend policy active	cold Commons/production tests	No Commons player surface or complete source lane	backend_active	D-007 then accepted Commons/Game UI owner
balance/commons/phase0.json#/npc_compliance_ppm	balance/commons/phase0.json	commons	/npc_compliance_ppm	root_policy_field	750000	epochseed/replaycatalog + Commons catalog	Commons contribution/projection kernels	none mounted	backend policy active	cold Commons/production tests	No Commons player surface or complete source lane	backend_active	D-007 then accepted Commons/Game UI owner
balance/commons/phase0.json#/population_tolerance_ppm	balance/commons/phase0.json	commons	/population_tolerance_ppm	root_policy_field	100	epochseed/replaycatalog + Commons catalog	Commons contribution/projection kernels	none mounted	backend policy active	cold Commons/production tests	No Commons player surface or complete source lane	backend_active	D-007 then accepted Commons/Game UI owner
balance/curriculum/t0-t1.json#/first_failure	balance/curriculum/t0-t1.json	curriculum	/first_failure	singleton_policy	gate_id:gate.t0_to_t1	epochseed/replaycatalog + curriculum parser	scripted first-failure terminal transition	mounted Run End component	real backend branch and mounted presentation exist separately	cold three-branch replay tests plus component fixture	No composed browser terminal/continue workflow	partial_mounted	Game UI AC1 and ruling-author body reconciliation
balance/curriculum/t0-t1.json#/first_failure/branches/0	balance/curriculum/t0-t1.json	curriculum	/first_failure/branches/0	object_record	object:/first_failure/branches/0	epochseed/replaycatalog + curriculum parser	scripted first-failure terminal transition	mounted Run End component	real backend branch and mounted presentation exist separately	cold three-branch replay tests plus component fixture	No composed browser terminal/continue workflow	partial_mounted	Game UI AC1 and ruling-author body reconciliation
balance/curriculum/t0-t1.json#/first_failure/branches/0/starter_package	balance/curriculum/t0-t1.json	curriculum	/first_failure/branches/0/starter_package	nested_object	resource_id:company.cash	epochseed/replaycatalog + curriculum parser	scripted first-failure terminal transition	mounted Run End component	real backend branch and mounted presentation exist separately	cold three-branch replay tests plus component fixture	No composed browser terminal/continue workflow	partial_mounted	Game UI AC1 and ruling-author body reconciliation
balance/curriculum/t0-t1.json#/first_failure/branches/1	balance/curriculum/t0-t1.json	curriculum	/first_failure/branches/1	object_record	object:/first_failure/branches/1	epochseed/replaycatalog + curriculum parser	scripted first-failure terminal transition	mounted Run End component	real backend branch and mounted presentation exist separately	cold three-branch replay tests plus component fixture	No composed browser terminal/continue workflow	partial_mounted	Game UI AC1 and ruling-author body reconciliation
balance/curriculum/t0-t1.json#/first_failure/branches/1/starter_package	balance/curriculum/t0-t1.json	curriculum	/first_failure/branches/1/starter_package	nested_object	generator_id:generator.beige_tower	epochseed/replaycatalog + curriculum parser	scripted first-failure terminal transition	mounted Run End component	real backend branch and mounted presentation exist separately	cold three-branch replay tests plus component fixture	No composed browser terminal/continue workflow	partial_mounted	Game UI AC1 and ruling-author body reconciliation
balance/curriculum/t0-t1.json#/first_failure/branches/2	balance/curriculum/t0-t1.json	curriculum	/first_failure/branches/2	object_record	object:/first_failure/branches/2	epochseed/replaycatalog + curriculum parser	scripted first-failure terminal transition	mounted Run End component	real backend branch and mounted presentation exist separately	cold three-branch replay tests plus component fixture	No composed browser terminal/continue workflow	partial_mounted	Game UI AC1 and ruling-author body reconciliation
balance/curriculum/t0-t1.json#/first_failure/branches/2/starter_package	balance/curriculum/t0-t1.json	curriculum	/first_failure/branches/2/starter_package	nested_object	upgrade_id:upgrade.reply_all_macro	epochseed/replaycatalog + curriculum parser	scripted first-failure terminal transition	mounted Run End component	real backend branch and mounted presentation exist separately	cold three-branch replay tests plus component fixture	No composed browser terminal/continue workflow	partial_mounted	Game UI AC1 and ruling-author body reconciliation
balance/doctrines/first-content.json#/transitions/0	balance/doctrines/first-content.json	doctrines	/transitions/0	object_record	transition_id:transition.t3_to_t4	epochseed/replaycatalog + doctrine catalog	doctrine transition state	none mounted	backend transition definitions registered	cold doctrine/replay tests	No player doctrine choice or current tier workflow	backend_active	D-007 then accepted Doctrine/Game UI owner
balance/doctrines/first-content.json#/transitions/0/doctrine_ids/0	balance/doctrines/first-content.json	doctrines	/transitions/0/doctrine_ids/0	primitive_edge	"doctrine.capture"	epochseed/replaycatalog + doctrine catalog	doctrine transition state	none mounted	backend transition definitions registered	cold doctrine/replay tests	No player doctrine choice or current tier workflow	backend_active	D-007 then accepted Doctrine/Game UI owner
balance/doctrines/first-content.json#/transitions/0/doctrine_ids/1	balance/doctrines/first-content.json	doctrines	/transitions/0/doctrine_ids/1	primitive_edge	"doctrine.ethical"	epochseed/replaycatalog + doctrine catalog	doctrine transition state	none mounted	backend transition definitions registered	cold doctrine/replay tests	No player doctrine choice or current tier workflow	backend_active	D-007 then accepted Doctrine/Game UI owner
balance/factions/phase0.json#/stock_cap	balance/factions/phase0.json	factions	/stock_cap	root_policy_field	100000	epochseed/replaycatalog + faction catalog	incorporation/stock transition backend	none mounted	backend faction policy active	cold faction/replay tests	No player faction choice and modifier slots are separately empty	backend_active	D-007 then accepted Faction/Game UI owner
balance/factions/phase0.json#/stock_interval_ms	balance/factions/phase0.json	factions	/stock_interval_ms	root_policy_field	60000	epochseed/replaycatalog + faction catalog	incorporation/stock transition backend	none mounted	backend faction policy active	cold faction/replay tests	No player faction choice and modifier slots are separately empty	backend_active	D-007 then accepted Faction/Game UI owner
balance/factions/phase0.json#/factions/0	balance/factions/phase0.json	factions	/factions/0	object_record	bootstrapper	epochseed/replaycatalog + faction catalog	incorporation/stock transition backend	none mounted	backend faction policy active	cold faction/replay tests	No player faction choice and modifier slots are separately empty	backend_active	D-007 then accepted Faction/Game UI owner
balance/factions/phase0.json#/factions/0/modifier_slots	balance/factions/phase0.json	factions	/factions/0/modifier_slots	empty_collection	<empty>	epochseed/replaycatalog + faction catalog	incorporation/stock transition backend	none mounted	explicit deploy-current empty collection	structural extractor plus family validator empty-case behavior	The collection contributes no authored relationship/effect rows; intent may be optional or missing and needs its named owner	zero_or_empty_placeholder	D-007 then accepted Faction/Game UI owner
balance/factions/phase0.json#/factions/1	balance/factions/phase0.json	factions	/factions/1	object_record	vc_funded	epochseed/replaycatalog + faction catalog	incorporation/stock transition backend	none mounted	backend faction policy active	cold faction/replay tests	No player faction choice and modifier slots are separately empty	backend_active	D-007 then accepted Faction/Game UI owner
balance/factions/phase0.json#/factions/1/modifier_slots	balance/factions/phase0.json	factions	/factions/1/modifier_slots	empty_collection	<empty>	epochseed/replaycatalog + faction catalog	incorporation/stock transition backend	none mounted	explicit deploy-current empty collection	structural extractor plus family validator empty-case behavior	The collection contributes no authored relationship/effect rows; intent may be optional or missing and needs its named owner	zero_or_empty_placeholder	D-007 then accepted Faction/Game UI owner
balance/factions/phase0.json#/factions/2	balance/factions/phase0.json	factions	/factions/2	object_record	open_source	epochseed/replaycatalog + faction catalog	incorporation/stock transition backend	none mounted	backend faction policy active	cold faction/replay tests	No player faction choice and modifier slots are separately empty	backend_active	D-007 then accepted Faction/Game UI owner
balance/factions/phase0.json#/factions/2/compact	balance/factions/phase0.json	factions	/factions/2/compact	nested_object	object:/factions/2/compact	epochseed/replaycatalog + faction catalog	incorporation/stock transition backend	none mounted	backend faction policy active	cold faction/replay tests	No player faction choice and modifier slots are separately empty	backend_active	D-007 then accepted Faction/Game UI owner
balance/factions/phase0.json#/factions/2/modifier_slots	balance/factions/phase0.json	factions	/factions/2/modifier_slots	empty_collection	<empty>	epochseed/replaycatalog + faction catalog	incorporation/stock transition backend	none mounted	explicit deploy-current empty collection	structural extractor plus family validator empty-case behavior	The collection contributes no authored relationship/effect rows; intent may be optional or missing and needs its named owner	zero_or_empty_placeholder	D-007 then accepted Faction/Game UI owner
balance/factions/phase0.json#/factions/3	balance/factions/phase0.json	factions	/factions/3	object_record	enterprise	epochseed/replaycatalog + faction catalog	incorporation/stock transition backend	none mounted	backend faction policy active	cold faction/replay tests	No player faction choice and modifier slots are separately empty	backend_active	D-007 then accepted Faction/Game UI owner
balance/factions/phase0.json#/factions/3/modifier_slots	balance/factions/phase0.json	factions	/factions/3/modifier_slots	empty_collection	<empty>	epochseed/replaycatalog + faction catalog	incorporation/stock transition backend	none mounted	explicit deploy-current empty collection	structural extractor plus family validator empty-case behavior	The collection contributes no authored relationship/effect rows; intent may be optional or missing and needs its named owner	zero_or_empty_placeholder	D-007 then accepted Faction/Game UI owner
balance/fiscal/first-content.json#/clock_policy	balance/fiscal/first-content.json	fiscal	/clock_policy	singleton_policy	object:/clock_policy	epochseed/replaycatalog + Fiscal catalog	Fiscal clock/harvest/spend transitions	none mounted	backend Fiscal policy active	cold Go/TypeScript parity and replay tests	No Earnings Call/Fiscal player surface	backend_active	Fiscal ruling-author reconciliation then accepted Game UI owner
balance/fiscal/first-content.json#/credit_policy	balance/fiscal/first-content.json	fiscal	/credit_policy	singleton_policy	object:/credit_policy	epochseed/replaycatalog + Fiscal catalog	Fiscal clock/harvest/spend transitions	none mounted	backend row is active but emits a hardcap reason key absent from the application Copy catalog	exact current-artifact/208-key cross-reference audit	Current cross-catalog reference is unresolved: RP-109	contradicted	RP-109 under accepted Copy/content successor with owner-authored text
balance/fiscal/first-content.json#/hoard_policy	balance/fiscal/first-content.json	fiscal	/hoard_policy	singleton_policy	source_id:fiscal.hoard	epochseed/replaycatalog + Fiscal catalog	Fiscal clock/harvest/spend transitions	none mounted	backend Fiscal policy active	cold Go/TypeScript parity and replay tests	No Earnings Call/Fiscal player surface	backend_active	Fiscal ruling-author reconciliation then accepted Game UI owner
balance/fiscal/first-content.json#/generator_level_rows/0	balance/fiscal/first-content.json	fiscal	/generator_level_rows/0	object_record	generator_id:generator.beige_tower	epochseed/replaycatalog + Fiscal catalog	Fiscal clock/harvest/spend transitions	none mounted	backend row is active but emits a hardcap reason key absent from the application Copy catalog	exact current-artifact/208-key cross-reference audit	Current cross-catalog reference is unresolved: RP-109	contradicted	RP-109 under accepted Copy/content successor with owner-authored text
balance/fiscal/first-content.json#/unlock_rows/0	balance/fiscal/first-content.json	fiscal	/unlock_rows/0	object_record	unlock_id:minigame.pitch	epochseed/replaycatalog + Fiscal catalog	Fiscal clock/harvest/spend transitions	none mounted	backend Fiscal policy active	cold Go/TypeScript parity and replay tests	No Earnings Call/Fiscal player surface	backend_active	Fiscal ruling-author reconciliation then accepted Game UI owner
balance/fiscal/first-content.json#/unlock_rows/1	balance/fiscal/first-content.json	fiscal	/unlock_rows/1	object_record	unlock_id:unlock.arcade	epochseed/replaycatalog + Fiscal catalog	Fiscal clock/harvest/spend transitions	none mounted	backend Fiscal policy active	cold Go/TypeScript parity and replay tests	No Earnings Call/Fiscal player surface	backend_active	Fiscal ruling-author reconciliation then accepted Game UI owner
balance/guilds/phase0.json#/guild_tithe_ppm	balance/guilds/phase0.json	guilds	/guild_tithe_ppm	root_policy_field	20000	epochseed/replaycatalog + guild policy	guild membership/tithe/clearing jobs	none mounted	backend guild policy active	cold real-Postgres guild tests	No player guild surface; zero consumption bonus overridden below	backend_active	D-007 then accepted Guild/API/Game UI owner
balance/guilds/phase0.json#/clearing_rate_ppm	balance/guilds/phase0.json	guilds	/clearing_rate_ppm	root_policy_field	500000	epochseed/replaycatalog + guild policy	guild membership/tithe/clearing jobs	none mounted	backend guild policy active	cold real-Postgres guild tests	No player guild surface; zero consumption bonus overridden below	backend_active	D-007 then accepted Guild/API/Game UI owner
balance/guilds/phase0.json#/npc_exchange_ppm	balance/guilds/phase0.json	guilds	/npc_exchange_ppm	root_policy_field	250000	epochseed/replaycatalog + guild policy	guild membership/tithe/clearing jobs	none mounted	backend guild policy active	cold real-Postgres guild tests	No player guild surface; zero consumption bonus overridden below	backend_active	D-007 then accepted Guild/API/Game UI owner
balance/guilds/phase0.json#/stock_intake_cap	balance/guilds/phase0.json	guilds	/stock_intake_cap	root_policy_field	120	epochseed/replaycatalog + guild policy	guild membership/tithe/clearing jobs	none mounted	backend guild policy active	cold real-Postgres guild tests	No player guild surface; zero consumption bonus overridden below	backend_active	D-007 then accepted Guild/API/Game UI owner
balance/guilds/phase0.json#/consumption_bonus_ppm_per_unit	balance/guilds/phase0.json	guilds	/consumption_bonus_ppm_per_unit	root_policy_field	0	epochseed/replaycatalog + guild policy	guild membership/tithe/clearing jobs	none mounted	deploy-current value is exactly zero	payload identity plus cold guild policy tests	Configured row produces no consumption bonus	zero_or_empty_placeholder	D-007 then accepted Guild/API/Game UI owner
balance/guilds/phase0.json#/max_members	balance/guilds/phase0.json	guilds	/max_members	root_policy_field	50	epochseed/replaycatalog + guild policy	guild membership/tithe/clearing jobs	none mounted	backend guild policy active	cold real-Postgres guild tests	No player guild surface; zero consumption bonus overridden below	backend_active	D-007 then accepted Guild/API/Game UI owner
balance/guilds/phase0.json#/min_members	balance/guilds/phase0.json	guilds	/min_members	root_policy_field	2	epochseed/replaycatalog + guild policy	guild membership/tithe/clearing jobs	none mounted	backend guild policy active	cold real-Postgres guild tests	No player guild surface; zero consumption bonus overridden below	backend_active	D-007 then accepted Guild/API/Game UI owner
balance/guilds/phase0.json#/grace_days	balance/guilds/phase0.json	guilds	/grace_days	root_policy_field	7	epochseed/replaycatalog + guild policy	guild membership/tithe/clearing jobs	none mounted	backend guild policy active	cold real-Postgres guild tests	No player guild surface; zero consumption bonus overridden below	backend_active	D-007 then accepted Guild/API/Game UI owner
balance/guilds/phase0.json#/guild_xp_target_per_founder	balance/guilds/phase0.json	guilds	/guild_xp_target_per_founder	root_policy_field	250000	epochseed/replaycatalog + guild policy	guild membership/tithe/clearing jobs	none mounted	backend guild policy active	cold real-Postgres guild tests	No player guild surface; zero consumption bonus overridden below	backend_active	D-007 then accepted Guild/API/Game UI owner
balance/guilds/phase0.json#/clearing_interval_ms	balance/guilds/phase0.json	guilds	/clearing_interval_ms	root_policy_field	300000	epochseed/replaycatalog + guild policy	guild membership/tithe/clearing jobs	none mounted	backend guild policy active	cold real-Postgres guild tests	No player guild surface; zero consumption bonus overridden below	backend_active	D-007 then accepted Guild/API/Game UI owner
balance/meters/first-content.json#/trust_reseed	balance/meters/first-content.json	meters	/trust_reseed	singleton_policy	object:/trust_reseed	epochseed/replaycatalog + meter catalog	meter transition/decay backend	none mounted	backend meter definitions active where a current source moves them	cold meter parity/transition/replay tests	No meter player surface; source-less rows overridden below	backend_active	D-007 plus accepted Meter/content/Game UI successor
balance/meters/first-content.json#/meters/0	balance/meters/first-content.json	meters	/meters/0	object_record	doom.probability	epochseed/replaycatalog + meter catalog	meter transition/decay backend	none mounted	registered meter starts at its decay target and has no current input rows	catalog/decay tests only; no deploy-current producer emits the required source (or the input collection is empty)	No deploy-current source moves this meter from its initial/target value	backend_registered_dormant	D-007 plus accepted Meter/content/Game UI successor
balance/meters/first-content.json#/meters/0/bands/0	balance/meters/first-content.json	meters	/meters/0/bands/0	object_record	low	epochseed/replaycatalog + meter catalog	meter transition/decay backend	none mounted	registered meter starts at its decay target and has no current input rows	catalog/decay tests only; no deploy-current producer emits the required source (or the input collection is empty)	No deploy-current source moves this meter from its initial/target value	backend_registered_dormant	D-007 plus accepted Meter/content/Game UI successor
balance/meters/first-content.json#/meters/0/bands/1	balance/meters/first-content.json	meters	/meters/0/bands/1	object_record	high	epochseed/replaycatalog + meter catalog	meter transition/decay backend	none mounted	registered meter starts at its decay target and has no current input rows	catalog/decay tests only; no deploy-current producer emits the required source (or the input collection is empty)	No deploy-current source moves this meter from its initial/target value	backend_registered_dormant	D-007 plus accepted Meter/content/Game UI successor
balance/meters/first-content.json#/meters/0/inputs/0	balance/meters/first-content.json	meters	/meters/0/inputs/0	object_record	object:/meters/0/inputs/0	epochseed/replaycatalog + meter catalog	meter transition/decay backend	none mounted	registered meter starts at its decay target and has no current input rows	catalog/decay tests only; no deploy-current producer emits the required source (or the input collection is empty)	No deploy-current source moves this meter from its initial/target value	backend_registered_dormant	D-007 plus accepted Meter/content/Game UI successor
balance/meters/first-content.json#/meters/0/decay	balance/meters/first-content.json	meters	/meters/0/decay	nested_object	object:/meters/0/decay	epochseed/replaycatalog + meter catalog	meter transition/decay backend	none mounted	registered meter starts at its decay target and has no current input rows	catalog/decay tests only; no deploy-current producer emits the required source (or the input collection is empty)	No deploy-current source moves this meter from its initial/target value	backend_registered_dormant	D-007 plus accepted Meter/content/Game UI successor
balance/meters/first-content.json#/meters/1	balance/meters/first-content.json	meters	/meters/1	object_record	trust.employees.grievance	epochseed/replaycatalog + meter catalog	meter transition/decay backend	none mounted	registered meter starts at its decay target and has no current input rows	catalog/decay tests only; no deploy-current producer emits the required source (or the input collection is empty)	No deploy-current source moves this meter from its initial/target value	backend_registered_dormant	D-007 plus accepted Meter/content/Game UI successor
balance/meters/first-content.json#/meters/1/bands/0	balance/meters/first-content.json	meters	/meters/1/bands/0	object_record	low	epochseed/replaycatalog + meter catalog	meter transition/decay backend	none mounted	registered meter starts at its decay target and has no current input rows	catalog/decay tests only; no deploy-current producer emits the required source (or the input collection is empty)	No deploy-current source moves this meter from its initial/target value	backend_registered_dormant	D-007 plus accepted Meter/content/Game UI successor
balance/meters/first-content.json#/meters/1/bands/1	balance/meters/first-content.json	meters	/meters/1/bands/1	object_record	high	epochseed/replaycatalog + meter catalog	meter transition/decay backend	none mounted	registered meter starts at its decay target and has no current input rows	catalog/decay tests only; no deploy-current producer emits the required source (or the input collection is empty)	No deploy-current source moves this meter from its initial/target value	backend_registered_dormant	D-007 plus accepted Meter/content/Game UI successor
balance/meters/first-content.json#/meters/1/inputs	balance/meters/first-content.json	meters	/meters/1/inputs	empty_collection	<empty>	epochseed/replaycatalog + meter catalog	meter transition/decay backend	none mounted	explicit deploy-current empty collection	structural extractor plus family validator empty-case behavior	The collection contributes no authored relationship/effect rows; intent may be optional or missing and needs its named owner	zero_or_empty_placeholder	D-007 plus accepted Meter/content/Game UI successor
balance/meters/first-content.json#/meters/1/decay	balance/meters/first-content.json	meters	/meters/1/decay	nested_object	object:/meters/1/decay	epochseed/replaycatalog + meter catalog	meter transition/decay backend	none mounted	registered meter starts at its decay target and has no current input rows	catalog/decay tests only; no deploy-current producer emits the required source (or the input collection is empty)	No deploy-current source moves this meter from its initial/target value	backend_registered_dormant	D-007 plus accepted Meter/content/Game UI successor
balance/meters/first-content.json#/meters/2	balance/meters/first-content.json	meters	/meters/2	object_record	trust.employees.standing	epochseed/replaycatalog + meter catalog	meter transition/decay backend	none mounted	registered meter starts at its decay target and has no current input rows	catalog/decay tests only; no deploy-current producer emits the required source (or the input collection is empty)	No deploy-current source moves this meter from its initial/target value	backend_registered_dormant	D-007 plus accepted Meter/content/Game UI successor
balance/meters/first-content.json#/meters/2/bands/0	balance/meters/first-content.json	meters	/meters/2/bands/0	object_record	low	epochseed/replaycatalog + meter catalog	meter transition/decay backend	none mounted	registered meter starts at its decay target and has no current input rows	catalog/decay tests only; no deploy-current producer emits the required source (or the input collection is empty)	No deploy-current source moves this meter from its initial/target value	backend_registered_dormant	D-007 plus accepted Meter/content/Game UI successor
balance/meters/first-content.json#/meters/2/bands/1	balance/meters/first-content.json	meters	/meters/2/bands/1	object_record	high	epochseed/replaycatalog + meter catalog	meter transition/decay backend	none mounted	registered meter starts at its decay target and has no current input rows	catalog/decay tests only; no deploy-current producer emits the required source (or the input collection is empty)	No deploy-current source moves this meter from its initial/target value	backend_registered_dormant	D-007 plus accepted Meter/content/Game UI successor
balance/meters/first-content.json#/meters/2/inputs	balance/meters/first-content.json	meters	/meters/2/inputs	empty_collection	<empty>	epochseed/replaycatalog + meter catalog	meter transition/decay backend	none mounted	explicit deploy-current empty collection	structural extractor plus family validator empty-case behavior	The collection contributes no authored relationship/effect rows; intent may be optional or missing and needs its named owner	zero_or_empty_placeholder	D-007 plus accepted Meter/content/Game UI successor
balance/meters/first-content.json#/meters/2/decay	balance/meters/first-content.json	meters	/meters/2/decay	nested_object	object:/meters/2/decay	epochseed/replaycatalog + meter catalog	meter transition/decay backend	none mounted	registered meter starts at its decay target and has no current input rows	catalog/decay tests only; no deploy-current producer emits the required source (or the input collection is empty)	No deploy-current source moves this meter from its initial/target value	backend_registered_dormant	D-007 plus accepted Meter/content/Game UI successor
balance/meters/first-content.json#/meters/3	balance/meters/first-content.json	meters	/meters/3	object_record	trust.investors.grievance	epochseed/replaycatalog + meter catalog	meter transition/decay backend	none mounted	registered meter starts at its decay target and has no current input rows	catalog/decay tests only; no deploy-current producer emits the required source (or the input collection is empty)	No deploy-current source moves this meter from its initial/target value	backend_registered_dormant	D-007 plus accepted Meter/content/Game UI successor
balance/meters/first-content.json#/meters/3/bands/0	balance/meters/first-content.json	meters	/meters/3/bands/0	object_record	low	epochseed/replaycatalog + meter catalog	meter transition/decay backend	none mounted	registered meter starts at its decay target and has no current input rows	catalog/decay tests only; no deploy-current producer emits the required source (or the input collection is empty)	No deploy-current source moves this meter from its initial/target value	backend_registered_dormant	D-007 plus accepted Meter/content/Game UI successor
balance/meters/first-content.json#/meters/3/bands/1	balance/meters/first-content.json	meters	/meters/3/bands/1	object_record	high	epochseed/replaycatalog + meter catalog	meter transition/decay backend	none mounted	registered meter starts at its decay target and has no current input rows	catalog/decay tests only; no deploy-current producer emits the required source (or the input collection is empty)	No deploy-current source moves this meter from its initial/target value	backend_registered_dormant	D-007 plus accepted Meter/content/Game UI successor
balance/meters/first-content.json#/meters/3/inputs	balance/meters/first-content.json	meters	/meters/3/inputs	empty_collection	<empty>	epochseed/replaycatalog + meter catalog	meter transition/decay backend	none mounted	explicit deploy-current empty collection	structural extractor plus family validator empty-case behavior	The collection contributes no authored relationship/effect rows; intent may be optional or missing and needs its named owner	zero_or_empty_placeholder	D-007 plus accepted Meter/content/Game UI successor
balance/meters/first-content.json#/meters/3/decay	balance/meters/first-content.json	meters	/meters/3/decay	nested_object	object:/meters/3/decay	epochseed/replaycatalog + meter catalog	meter transition/decay backend	none mounted	registered meter starts at its decay target and has no current input rows	catalog/decay tests only; no deploy-current producer emits the required source (or the input collection is empty)	No deploy-current source moves this meter from its initial/target value	backend_registered_dormant	D-007 plus accepted Meter/content/Game UI successor
balance/meters/first-content.json#/meters/4	balance/meters/first-content.json	meters	/meters/4	object_record	trust.investors.standing	epochseed/replaycatalog + meter catalog	meter transition/decay backend	none mounted	registered meter starts at its decay target and has no current input rows	catalog/decay tests only; no deploy-current producer emits the required source (or the input collection is empty)	No deploy-current source moves this meter from its initial/target value	backend_registered_dormant	D-007 plus accepted Meter/content/Game UI successor
balance/meters/first-content.json#/meters/4/bands/0	balance/meters/first-content.json	meters	/meters/4/bands/0	object_record	low	epochseed/replaycatalog + meter catalog	meter transition/decay backend	none mounted	registered meter starts at its decay target and has no current input rows	catalog/decay tests only; no deploy-current producer emits the required source (or the input collection is empty)	No deploy-current source moves this meter from its initial/target value	backend_registered_dormant	D-007 plus accepted Meter/content/Game UI successor
balance/meters/first-content.json#/meters/4/bands/1	balance/meters/first-content.json	meters	/meters/4/bands/1	object_record	high	epochseed/replaycatalog + meter catalog	meter transition/decay backend	none mounted	registered meter starts at its decay target and has no current input rows	catalog/decay tests only; no deploy-current producer emits the required source (or the input collection is empty)	No deploy-current source moves this meter from its initial/target value	backend_registered_dormant	D-007 plus accepted Meter/content/Game UI successor
balance/meters/first-content.json#/meters/4/inputs	balance/meters/first-content.json	meters	/meters/4/inputs	empty_collection	<empty>	epochseed/replaycatalog + meter catalog	meter transition/decay backend	none mounted	explicit deploy-current empty collection	structural extractor plus family validator empty-case behavior	The collection contributes no authored relationship/effect rows; intent may be optional or missing and needs its named owner	zero_or_empty_placeholder	D-007 plus accepted Meter/content/Game UI successor
balance/meters/first-content.json#/meters/4/decay	balance/meters/first-content.json	meters	/meters/4/decay	nested_object	object:/meters/4/decay	epochseed/replaycatalog + meter catalog	meter transition/decay backend	none mounted	registered meter starts at its decay target and has no current input rows	catalog/decay tests only; no deploy-current producer emits the required source (or the input collection is empty)	No deploy-current source moves this meter from its initial/target value	backend_registered_dormant	D-007 plus accepted Meter/content/Game UI successor
balance/meters/first-content.json#/meters/5	balance/meters/first-content.json	meters	/meters/5	object_record	trust.press.grievance	epochseed/replaycatalog + meter catalog	meter transition/decay backend	none mounted	registered meter starts at its decay target and has no current input rows	catalog/decay tests only; no deploy-current producer emits the required source (or the input collection is empty)	No deploy-current source moves this meter from its initial/target value	backend_registered_dormant	D-007 plus accepted Meter/content/Game UI successor
balance/meters/first-content.json#/meters/5/bands/0	balance/meters/first-content.json	meters	/meters/5/bands/0	object_record	low	epochseed/replaycatalog + meter catalog	meter transition/decay backend	none mounted	registered meter starts at its decay target and has no current input rows	catalog/decay tests only; no deploy-current producer emits the required source (or the input collection is empty)	No deploy-current source moves this meter from its initial/target value	backend_registered_dormant	D-007 plus accepted Meter/content/Game UI successor
balance/meters/first-content.json#/meters/5/bands/1	balance/meters/first-content.json	meters	/meters/5/bands/1	object_record	high	epochseed/replaycatalog + meter catalog	meter transition/decay backend	none mounted	registered meter starts at its decay target and has no current input rows	catalog/decay tests only; no deploy-current producer emits the required source (or the input collection is empty)	No deploy-current source moves this meter from its initial/target value	backend_registered_dormant	D-007 plus accepted Meter/content/Game UI successor
balance/meters/first-content.json#/meters/5/inputs	balance/meters/first-content.json	meters	/meters/5/inputs	empty_collection	<empty>	epochseed/replaycatalog + meter catalog	meter transition/decay backend	none mounted	explicit deploy-current empty collection	structural extractor plus family validator empty-case behavior	The collection contributes no authored relationship/effect rows; intent may be optional or missing and needs its named owner	zero_or_empty_placeholder	D-007 plus accepted Meter/content/Game UI successor
balance/meters/first-content.json#/meters/5/decay	balance/meters/first-content.json	meters	/meters/5/decay	nested_object	object:/meters/5/decay	epochseed/replaycatalog + meter catalog	meter transition/decay backend	none mounted	registered meter starts at its decay target and has no current input rows	catalog/decay tests only; no deploy-current producer emits the required source (or the input collection is empty)	No deploy-current source moves this meter from its initial/target value	backend_registered_dormant	D-007 plus accepted Meter/content/Game UI successor
balance/meters/first-content.json#/meters/6	balance/meters/first-content.json	meters	/meters/6	object_record	trust.press.standing	epochseed/replaycatalog + meter catalog	meter transition/decay backend	none mounted	registered meter starts at its decay target and has no current input rows	catalog/decay tests only; no deploy-current producer emits the required source (or the input collection is empty)	No deploy-current source moves this meter from its initial/target value	backend_registered_dormant	D-007 plus accepted Meter/content/Game UI successor
balance/meters/first-content.json#/meters/6/bands/0	balance/meters/first-content.json	meters	/meters/6/bands/0	object_record	low	epochseed/replaycatalog + meter catalog	meter transition/decay backend	none mounted	registered meter starts at its decay target and has no current input rows	catalog/decay tests only; no deploy-current producer emits the required source (or the input collection is empty)	No deploy-current source moves this meter from its initial/target value	backend_registered_dormant	D-007 plus accepted Meter/content/Game UI successor
balance/meters/first-content.json#/meters/6/bands/1	balance/meters/first-content.json	meters	/meters/6/bands/1	object_record	high	epochseed/replaycatalog + meter catalog	meter transition/decay backend	none mounted	registered meter starts at its decay target and has no current input rows	catalog/decay tests only; no deploy-current producer emits the required source (or the input collection is empty)	No deploy-current source moves this meter from its initial/target value	backend_registered_dormant	D-007 plus accepted Meter/content/Game UI successor
balance/meters/first-content.json#/meters/6/inputs	balance/meters/first-content.json	meters	/meters/6/inputs	empty_collection	<empty>	epochseed/replaycatalog + meter catalog	meter transition/decay backend	none mounted	explicit deploy-current empty collection	structural extractor plus family validator empty-case behavior	The collection contributes no authored relationship/effect rows; intent may be optional or missing and needs its named owner	zero_or_empty_placeholder	D-007 plus accepted Meter/content/Game UI successor
balance/meters/first-content.json#/meters/6/decay	balance/meters/first-content.json	meters	/meters/6/decay	nested_object	object:/meters/6/decay	epochseed/replaycatalog + meter catalog	meter transition/decay backend	none mounted	registered meter starts at its decay target and has no current input rows	catalog/decay tests only; no deploy-current producer emits the required source (or the input collection is empty)	No deploy-current source moves this meter from its initial/target value	backend_registered_dormant	D-007 plus accepted Meter/content/Game UI successor
balance/meters/first-content.json#/meters/7	balance/meters/first-content.json	meters	/meters/7	object_record	trust.regulators.grievance	epochseed/replaycatalog + meter catalog	meter transition/decay backend	none mounted	registered meter starts at its decay target and has no current input rows	catalog/decay tests only; no deploy-current producer emits the required source (or the input collection is empty)	No deploy-current source moves this meter from its initial/target value	backend_registered_dormant	D-007 plus accepted Meter/content/Game UI successor
balance/meters/first-content.json#/meters/7/bands/0	balance/meters/first-content.json	meters	/meters/7/bands/0	object_record	low	epochseed/replaycatalog + meter catalog	meter transition/decay backend	none mounted	registered meter starts at its decay target and has no current input rows	catalog/decay tests only; no deploy-current producer emits the required source (or the input collection is empty)	No deploy-current source moves this meter from its initial/target value	backend_registered_dormant	D-007 plus accepted Meter/content/Game UI successor
balance/meters/first-content.json#/meters/7/bands/1	balance/meters/first-content.json	meters	/meters/7/bands/1	object_record	high	epochseed/replaycatalog + meter catalog	meter transition/decay backend	none mounted	registered meter starts at its decay target and has no current input rows	catalog/decay tests only; no deploy-current producer emits the required source (or the input collection is empty)	No deploy-current source moves this meter from its initial/target value	backend_registered_dormant	D-007 plus accepted Meter/content/Game UI successor
balance/meters/first-content.json#/meters/7/inputs	balance/meters/first-content.json	meters	/meters/7/inputs	empty_collection	<empty>	epochseed/replaycatalog + meter catalog	meter transition/decay backend	none mounted	explicit deploy-current empty collection	structural extractor plus family validator empty-case behavior	The collection contributes no authored relationship/effect rows; intent may be optional or missing and needs its named owner	zero_or_empty_placeholder	D-007 plus accepted Meter/content/Game UI successor
balance/meters/first-content.json#/meters/7/decay	balance/meters/first-content.json	meters	/meters/7/decay	nested_object	object:/meters/7/decay	epochseed/replaycatalog + meter catalog	meter transition/decay backend	none mounted	registered meter starts at its decay target and has no current input rows	catalog/decay tests only; no deploy-current producer emits the required source (or the input collection is empty)	No deploy-current source moves this meter from its initial/target value	backend_registered_dormant	D-007 plus accepted Meter/content/Game UI successor
balance/meters/first-content.json#/meters/8	balance/meters/first-content.json	meters	/meters/8	object_record	trust.regulators.standing	epochseed/replaycatalog + meter catalog	meter transition/decay backend	none mounted	registered meter starts at its decay target and has no current input rows	catalog/decay tests only; no deploy-current producer emits the required source (or the input collection is empty)	No deploy-current source moves this meter from its initial/target value	backend_registered_dormant	D-007 plus accepted Meter/content/Game UI successor
balance/meters/first-content.json#/meters/8/bands/0	balance/meters/first-content.json	meters	/meters/8/bands/0	object_record	low	epochseed/replaycatalog + meter catalog	meter transition/decay backend	none mounted	registered meter starts at its decay target and has no current input rows	catalog/decay tests only; no deploy-current producer emits the required source (or the input collection is empty)	No deploy-current source moves this meter from its initial/target value	backend_registered_dormant	D-007 plus accepted Meter/content/Game UI successor
balance/meters/first-content.json#/meters/8/bands/1	balance/meters/first-content.json	meters	/meters/8/bands/1	object_record	high	epochseed/replaycatalog + meter catalog	meter transition/decay backend	none mounted	registered meter starts at its decay target and has no current input rows	catalog/decay tests only; no deploy-current producer emits the required source (or the input collection is empty)	No deploy-current source moves this meter from its initial/target value	backend_registered_dormant	D-007 plus accepted Meter/content/Game UI successor
balance/meters/first-content.json#/meters/8/inputs	balance/meters/first-content.json	meters	/meters/8/inputs	empty_collection	<empty>	epochseed/replaycatalog + meter catalog	meter transition/decay backend	none mounted	explicit deploy-current empty collection	structural extractor plus family validator empty-case behavior	The collection contributes no authored relationship/effect rows; intent may be optional or missing and needs its named owner	zero_or_empty_placeholder	D-007 plus accepted Meter/content/Game UI successor
balance/meters/first-content.json#/meters/8/decay	balance/meters/first-content.json	meters	/meters/8/decay	nested_object	object:/meters/8/decay	epochseed/replaycatalog + meter catalog	meter transition/decay backend	none mounted	registered meter starts at its decay target and has no current input rows	catalog/decay tests only; no deploy-current producer emits the required source (or the input collection is empty)	No deploy-current source moves this meter from its initial/target value	backend_registered_dormant	D-007 plus accepted Meter/content/Game UI successor
balance/meters/first-content.json#/meters/9	balance/meters/first-content.json	meters	/meters/9	object_record	trust.users.grievance	epochseed/replaycatalog + meter catalog	meter transition/decay backend	none mounted	registered meter starts at its decay target and has no current input rows	catalog/decay tests only; no deploy-current producer emits the required source (or the input collection is empty)	No deploy-current source moves this meter from its initial/target value	backend_registered_dormant	D-007 plus accepted Meter/content/Game UI successor
balance/meters/first-content.json#/meters/9/bands/0	balance/meters/first-content.json	meters	/meters/9/bands/0	object_record	low	epochseed/replaycatalog + meter catalog	meter transition/decay backend	none mounted	registered meter starts at its decay target and has no current input rows	catalog/decay tests only; no deploy-current producer emits the required source (or the input collection is empty)	No deploy-current source moves this meter from its initial/target value	backend_registered_dormant	D-007 plus accepted Meter/content/Game UI successor
balance/meters/first-content.json#/meters/9/bands/1	balance/meters/first-content.json	meters	/meters/9/bands/1	object_record	high	epochseed/replaycatalog + meter catalog	meter transition/decay backend	none mounted	registered meter starts at its decay target and has no current input rows	catalog/decay tests only; no deploy-current producer emits the required source (or the input collection is empty)	No deploy-current source moves this meter from its initial/target value	backend_registered_dormant	D-007 plus accepted Meter/content/Game UI successor
balance/meters/first-content.json#/meters/9/inputs	balance/meters/first-content.json	meters	/meters/9/inputs	empty_collection	<empty>	epochseed/replaycatalog + meter catalog	meter transition/decay backend	none mounted	explicit deploy-current empty collection	structural extractor plus family validator empty-case behavior	The collection contributes no authored relationship/effect rows; intent may be optional or missing and needs its named owner	zero_or_empty_placeholder	D-007 plus accepted Meter/content/Game UI successor
balance/meters/first-content.json#/meters/9/decay	balance/meters/first-content.json	meters	/meters/9/decay	nested_object	object:/meters/9/decay	epochseed/replaycatalog + meter catalog	meter transition/decay backend	none mounted	registered meter starts at its decay target and has no current input rows	catalog/decay tests only; no deploy-current producer emits the required source (or the input collection is empty)	No deploy-current source moves this meter from its initial/target value	backend_registered_dormant	D-007 plus accepted Meter/content/Game UI successor
balance/meters/first-content.json#/meters/10	balance/meters/first-content.json	meters	/meters/10	object_record	trust.users.standing	epochseed/replaycatalog + meter catalog	meter transition/decay backend	none mounted	backend meter definitions active where a current source moves them	cold meter parity/transition/replay tests	No meter player surface; source-less rows overridden below	backend_active	D-007 plus accepted Meter/content/Game UI successor
balance/meters/first-content.json#/meters/10/bands/0	balance/meters/first-content.json	meters	/meters/10/bands/0	object_record	low	epochseed/replaycatalog + meter catalog	meter transition/decay backend	none mounted	backend meter definitions active where a current source moves them	cold meter parity/transition/replay tests	No meter player surface; source-less rows overridden below	backend_active	D-007 plus accepted Meter/content/Game UI successor
balance/meters/first-content.json#/meters/10/bands/1	balance/meters/first-content.json	meters	/meters/10/bands/1	object_record	high	epochseed/replaycatalog + meter catalog	meter transition/decay backend	none mounted	backend meter definitions active where a current source moves them	cold meter parity/transition/replay tests	No meter player surface; source-less rows overridden below	backend_active	D-007 plus accepted Meter/content/Game UI successor
balance/meters/first-content.json#/meters/10/inputs/0	balance/meters/first-content.json	meters	/meters/10/inputs/0	object_record	source_id:commons.member	epochseed/replaycatalog + meter catalog	meter transition/decay backend	none mounted	backend meter definitions active where a current source moves them	cold meter parity/transition/replay tests	No meter player surface; source-less rows overridden below	backend_active	D-007 plus accepted Meter/content/Game UI successor
balance/meters/first-content.json#/meters/10/decay	balance/meters/first-content.json	meters	/meters/10/decay	nested_object	object:/meters/10/decay	epochseed/replaycatalog + meter catalog	meter transition/decay backend	none mounted	backend meter definitions active where a current source moves them	cold meter parity/transition/replay tests	No meter player surface; source-less rows overridden below	backend_active	D-007 plus accepted Meter/content/Game UI successor
balance/minigame-api/first-content.json#/operations/0	balance/minigame-api/first-content.json	minigame_api	/operations/0	object_record	operation_id:create_minigame_session	epochseed/replaycatalog + Minigame API validator	authenticated minigame operation/session coordinator	none mounted	backend operation/tenant registry active	cold real-Postgres Pitch/Recovery lifecycles	No production HTTP client or minigame surface	backend_active	Minigame API/Game UI accepted successor after body reconciliation
balance/minigame-api/first-content.json#/operations/1	balance/minigame-api/first-content.json	minigame_api	/operations/1	object_record	operation_id:get_current_minigame_session	epochseed/replaycatalog + Minigame API validator	authenticated minigame operation/session coordinator	none mounted	backend operation/tenant registry active	cold real-Postgres Pitch/Recovery lifecycles	No production HTTP client or minigame surface	backend_active	Minigame API/Game UI accepted successor after body reconciliation
balance/minigame-api/first-content.json#/operations/2	balance/minigame-api/first-content.json	minigame_api	/operations/2	object_record	operation_id:play_minigame_command	epochseed/replaycatalog + Minigame API validator	authenticated minigame operation/session coordinator	none mounted	backend operation/tenant registry active	cold real-Postgres Pitch/Recovery lifecycles	No production HTTP client or minigame surface	backend_active	Minigame API/Game UI accepted successor after body reconciliation
balance/minigame-api/first-content.json#/operations/3	balance/minigame-api/first-content.json	minigame_api	/operations/3	object_record	operation_id:resolve_minigame_session	epochseed/replaycatalog + Minigame API validator	authenticated minigame operation/session coordinator	none mounted	backend operation/tenant registry active	cold real-Postgres Pitch/Recovery lifecycles	No production HTTP client or minigame surface	backend_active	Minigame API/Game UI accepted successor after body reconciliation
balance/minigame-api/first-content.json#/tenants/0	balance/minigame-api/first-content.json	minigame_api	/tenants/0	object_record	minigame_id:pitch	epochseed/replaycatalog + Minigame API validator	authenticated minigame operation/session coordinator	none mounted	backend operation/tenant registry active	cold real-Postgres Pitch/Recovery lifecycles	No production HTTP client or minigame surface	backend_active	Minigame API/Game UI accepted successor after body reconciliation
balance/minigames/first-content.json#/rating_seasons/0	balance/minigames/first-content.json	minigames	/rating_seasons/0	primitive_edge	"s1"	epochseed/replaycatalog + minigame registry	minigame session/scaling/offline-quality backend	none mounted	Pitch backend tenant active	cold Pitch lifecycle/scaling/replay tests	No mounted player minigame workflow	backend_active	Minigame Platform/API/Game UI successor
balance/minigames/first-content.json#/minigames/0	balance/minigames/first-content.json	minigames	/minigames/0	object_record	minigame_id:pitch	epochseed/replaycatalog + minigame registry	minigame session/scaling/offline-quality backend	none mounted	Pitch backend tenant active	cold Pitch lifecycle/scaling/replay tests	No mounted player minigame workflow	backend_active	Minigame Platform/API/Game UI successor
balance/minigames/first-content.json#/minigames/0/modes/0	balance/minigames/first-content.json	minigames	/minigames/0/modes/0	primitive_edge	"solo"	epochseed/replaycatalog + minigame registry	minigame session/scaling/offline-quality backend	none mounted	Pitch backend tenant active	cold Pitch lifecycle/scaling/replay tests	No mounted player minigame workflow	backend_active	Minigame Platform/API/Game UI successor
balance/minigames/first-content.json#/minigames/0/result_score_fact_ids/0	balance/minigames/first-content.json	minigames	/minigames/0/result_score_fact_ids/0	primitive_edge	"pitch.best_hand_exponent"	epochseed/replaycatalog + minigame registry	minigame session/scaling/offline-quality backend	none mounted	Pitch backend tenant active	cold Pitch lifecycle/scaling/replay tests	No mounted player minigame workflow	backend_active	Minigame Platform/API/Game UI successor
balance/minigames/first-content.json#/minigames/0/result_score_fact_ids/1	balance/minigames/first-content.json	minigames	/minigames/0/result_score_fact_ids/1	primitive_edge	"pitch.final_round"	epochseed/replaycatalog + minigame registry	minigame session/scaling/offline-quality backend	none mounted	Pitch backend tenant active	cold Pitch lifecycle/scaling/replay tests	No mounted player minigame workflow	backend_active	Minigame Platform/API/Game UI successor
balance/minigames/first-content.json#/minigames/0/scaling	balance/minigames/first-content.json	minigames	/minigames/0/scaling	nested_object	object:/minigames/0/scaling	epochseed/replaycatalog + minigame registry	minigame session/scaling/offline-quality backend	none mounted	Pitch backend tenant active	cold Pitch lifecycle/scaling/replay tests	No mounted player minigame workflow	backend_active	Minigame Platform/API/Game UI successor
balance/minigames/first-content.json#/minigames/0/scaling/scaling_inputs/0	balance/minigames/first-content.json	minigames	/minigames/0/scaling/scaling_inputs/0	object_record	object:/minigames/0/scaling/scaling_inputs/0	epochseed/replaycatalog + minigame registry	minigame session/scaling/offline-quality backend	none mounted	Pitch backend tenant active	cold Pitch lifecycle/scaling/replay tests	No mounted player minigame workflow	backend_active	Minigame Platform/API/Game UI successor
balance/minigames/first-content.json#/minigames/0/payout	balance/minigames/first-content.json	minigames	/minigames/0/payout	nested_object	credited_resource_id:company.cash	epochseed/replaycatalog + minigame registry	minigame session/scaling/offline-quality backend	none mounted	Pitch backend tenant active	cold Pitch lifecycle/scaling/replay tests	No mounted player minigame workflow	backend_active	Minigame Platform/API/Game UI successor
balance/minigames/first-content.json#/minigames/0/fallback	balance/minigames/first-content.json	minigames	/minigames/0/fallback	nested_object	object:/minigames/0/fallback	epochseed/replaycatalog + minigame registry	minigame session/scaling/offline-quality backend	none mounted	Pitch backend tenant active	cold Pitch lifecycle/scaling/replay tests	No mounted player minigame workflow	backend_active	Minigame Platform/API/Game UI successor
balance/minigames/first-content.json#/minigames/0/offline_quality	balance/minigames/first-content.json	minigames	/minigames/0/offline_quality	nested_object	object:/minigames/0/offline_quality	epochseed/replaycatalog + minigame registry	minigame session/scaling/offline-quality backend	none mounted	Pitch backend tenant active	cold Pitch lifecycle/scaling/replay tests	No mounted player minigame workflow	backend_active	Minigame Platform/API/Game UI successor
balance/minigames/first-content.json#/minigames/0/offline_quality/grade_curve/0	balance/minigames/first-content.json	minigames	/minigames/0/offline_quality/grade_curve/0	object_record	object:/minigames/0/offline_quality/grade_curve/0	epochseed/replaycatalog + minigame registry	minigame session/scaling/offline-quality backend	none mounted	Pitch backend tenant active	cold Pitch lifecycle/scaling/replay tests	No mounted player minigame workflow	backend_active	Minigame Platform/API/Game UI successor
balance/minigames/first-content.json#/minigames/0/offline_quality/grade_curve/1	balance/minigames/first-content.json	minigames	/minigames/0/offline_quality/grade_curve/1	object_record	object:/minigames/0/offline_quality/grade_curve/1	epochseed/replaycatalog + minigame registry	minigame session/scaling/offline-quality backend	none mounted	Pitch backend tenant active	cold Pitch lifecycle/scaling/replay tests	No mounted player minigame workflow	backend_active	Minigame Platform/API/Game UI successor
balance/minigames/first-content.json#/minigames/0/offline_quality/grade_curve/2	balance/minigames/first-content.json	minigames	/minigames/0/offline_quality/grade_curve/2	object_record	object:/minigames/0/offline_quality/grade_curve/2	epochseed/replaycatalog + minigame registry	minigame session/scaling/offline-quality backend	none mounted	Pitch backend tenant active	cold Pitch lifecycle/scaling/replay tests	No mounted player minigame workflow	backend_active	Minigame Platform/API/Game UI successor
balance/minigames/first-content.json#/minigames/0/offline_quality/grade_curve/3	balance/minigames/first-content.json	minigames	/minigames/0/offline_quality/grade_curve/3	object_record	object:/minigames/0/offline_quality/grade_curve/3	epochseed/replaycatalog + minigame registry	minigame session/scaling/offline-quality backend	none mounted	Pitch backend tenant active	cold Pitch lifecycle/scaling/replay tests	No mounted player minigame workflow	backend_active	Minigame Platform/API/Game UI successor
balance/minigames/first-content.json#/minigames/0/rating_policy	balance/minigames/first-content.json	minigames	/minigames/0/rating_policy	nested_object	object:/minigames/0/rating_policy	epochseed/replaycatalog + minigame registry	minigame session/scaling/offline-quality backend	none mounted	Pitch backend tenant active	cold Pitch lifecycle/scaling/replay tests	No mounted player minigame workflow	backend_active	Minigame Platform/API/Game UI successor
balance/minigames/first-content.json#/minigames/0/unlock_condition	balance/minigames/first-content.json	minigames	/minigames/0/unlock_condition	nested_object	unlock_id:minigame.pitch	epochseed/replaycatalog + minigame registry	minigame session/scaling/offline-quality backend	none mounted	Pitch backend tenant active	cold Pitch lifecycle/scaling/replay tests	No mounted player minigame workflow	backend_active	Minigame Platform/API/Game UI successor
balance/opportunities/t0-t1.json#/schedule_policy	balance/opportunities/t0-t1.json	opportunities	/schedule_policy	singleton_policy	object:/schedule_policy	epochseed/replaycatalog + opportunity catalog	active-play schedule/effect transitions	none mounted	backend opportunities active	cold opportunity/production/replay tests	No mounted active-play consumer	backend_active	D-007 then accepted Opportunity/Game UI owner
balance/opportunities/t0-t1.json#/effects/0	balance/opportunities/t0-t1.json	opportunities	/effects/0	object_record	effect_row_id:active.building	epochseed/replaycatalog + opportunity catalog	active-play schedule/effect transitions	none mounted	backend opportunities active	cold opportunity/production/replay tests	No mounted active-play consumer	backend_active	D-007 then accepted Opportunity/Game UI owner
balance/opportunities/t0-t1.json#/effects/0/eligible_generator_ids/0	balance/opportunities/t0-t1.json	opportunities	/effects/0/eligible_generator_ids/0	primitive_edge	"generator.beige_tower"	epochseed/replaycatalog + opportunity catalog	active-play schedule/effect transitions	none mounted	backend opportunities active	cold opportunity/production/replay tests	No mounted active-play consumer	backend_active	D-007 then accepted Opportunity/Game UI owner
balance/opportunities/t0-t1.json#/effects/1	balance/opportunities/t0-t1.json	opportunities	/effects/1	object_record	effect_row_id:active.click	epochseed/replaycatalog + opportunity catalog	active-play schedule/effect transitions	none mounted	backend opportunities active	cold opportunity/production/replay tests	No mounted active-play consumer	backend_active	D-007 then accepted Opportunity/Game UI owner
balance/opportunities/t0-t1.json#/effects/1/action_ids/0	balance/opportunities/t0-t1.json	opportunities	/effects/1/action_ids/0	primitive_edge	"manual.click"	epochseed/replaycatalog + opportunity catalog	active-play schedule/effect transitions	none mounted	backend opportunities active	cold opportunity/production/replay tests	No mounted active-play consumer	backend_active	D-007 then accepted Opportunity/Game UI owner
balance/opportunities/t0-t1.json#/effects/2	balance/opportunities/t0-t1.json	opportunities	/effects/2	object_record	effect_row_id:active.lucky	epochseed/replaycatalog + opportunity catalog	active-play schedule/effect transitions	none mounted	backend row is active but emits a hardcap reason key absent from the application Copy catalog	exact current-artifact/208-key cross-reference audit	Current cross-catalog reference is unresolved: RP-109	contradicted	RP-109 under accepted Copy/content successor with owner-authored text
balance/opportunities/t0-t1.json#/effects/3	balance/opportunities/t0-t1.json	opportunities	/effects/3	object_record	effect_row_id:active.production	epochseed/replaycatalog + opportunity catalog	active-play schedule/effect transitions	none mounted	backend opportunities active	cold opportunity/production/replay tests	No mounted active-play consumer	backend_active	D-007 then accepted Opportunity/Game UI owner
balance/opportunities/t0-t1.json#/effects/3/targets/0	balance/opportunities/t0-t1.json	opportunities	/effects/3/targets/0	primitive_edge	"generator_production"	epochseed/replaycatalog + opportunity catalog	active-play schedule/effect transitions	none mounted	backend opportunities active	cold opportunity/production/replay tests	No mounted active-play consumer	backend_active	D-007 then accepted Opportunity/Game UI owner
balance/opportunities/t0-t1.json#/combo_policy	balance/opportunities/t0-t1.json	opportunities	/combo_policy	singleton_policy	object:/combo_policy	epochseed/replaycatalog + opportunity catalog	active-play schedule/effect transitions	none mounted	backend row is active but emits a hardcap reason key absent from the application Copy catalog	exact current-artifact/208-key cross-reference audit	Current cross-catalog reference is unresolved: RP-109	contradicted	RP-109 under accepted Copy/content successor with owner-authored text
balance/pets/first-content.json#/stat_policy	balance/pets/first-content.json	pets	/stat_policy	singleton_policy	object:/stat_policy	epochseed/replaycatalog + pet policy	pet decay/care state kernels	none mounted	registered policy has no deploy-current acquisition-created pet	cold pet policy/replay tests only	No current producer creates a companion; rows cannot activate in default gameplay	backend_registered_dormant	D-007 then accepted Pet acquisition/Game UI owner
balance/pets/first-content.json#/stat_policy/stats/0	balance/pets/first-content.json	pets	/stat_policy/stats/0	object_record	stat_id:hunger	epochseed/replaycatalog + pet policy	pet decay/care state kernels	none mounted	registered policy has no deploy-current acquisition-created pet	cold pet policy/replay tests only	No current producer creates a companion; rows cannot activate in default gameplay	backend_registered_dormant	D-007 then accepted Pet acquisition/Game UI owner
balance/pets/first-content.json#/stat_policy/stats/1	balance/pets/first-content.json	pets	/stat_policy/stats/1	object_record	stat_id:energy	epochseed/replaycatalog + pet policy	pet decay/care state kernels	none mounted	registered policy has no deploy-current acquisition-created pet	cold pet policy/replay tests only	No current producer creates a companion; rows cannot activate in default gameplay	backend_registered_dormant	D-007 then accepted Pet acquisition/Game UI owner
balance/pets/first-content.json#/stat_policy/stats/2	balance/pets/first-content.json	pets	/stat_policy/stats/2	object_record	stat_id:cleanliness	epochseed/replaycatalog + pet policy	pet decay/care state kernels	none mounted	registered policy has no deploy-current acquisition-created pet	cold pet policy/replay tests only	No current producer creates a companion; rows cannot activate in default gameplay	backend_registered_dormant	D-007 then accepted Pet acquisition/Game UI owner
balance/pets/first-content.json#/stat_policy/stats/3	balance/pets/first-content.json	pets	/stat_policy/stats/3	object_record	stat_id:affection	epochseed/replaycatalog + pet policy	pet decay/care state kernels	none mounted	registered policy has no deploy-current acquisition-created pet	cold pet policy/replay tests only	No current producer creates a companion; rows cannot activate in default gameplay	backend_registered_dormant	D-007 then accepted Pet acquisition/Game UI owner
balance/pets/first-content.json#/actions/0	balance/pets/first-content.json	pets	/actions/0	object_record	action_id:care.feed	epochseed/replaycatalog + pet policy	pet decay/care state kernels	none mounted	registered policy has no deploy-current acquisition-created pet	cold pet policy/replay tests only	No current producer creates a companion; rows cannot activate in default gameplay	backend_registered_dormant	D-007 then accepted Pet acquisition/Game UI owner
balance/pets/first-content.json#/actions/1	balance/pets/first-content.json	pets	/actions/1	object_record	action_id:care.groom	epochseed/replaycatalog + pet policy	pet decay/care state kernels	none mounted	registered policy has no deploy-current acquisition-created pet	cold pet policy/replay tests only	No current producer creates a companion; rows cannot activate in default gameplay	backend_registered_dormant	D-007 then accepted Pet acquisition/Game UI owner
balance/pets/first-content.json#/actions/2	balance/pets/first-content.json	pets	/actions/2	object_record	action_id:care.pet	epochseed/replaycatalog + pet policy	pet decay/care state kernels	none mounted	registered policy has no deploy-current acquisition-created pet	cold pet policy/replay tests only	No current producer creates a companion; rows cannot activate in default gameplay	backend_registered_dormant	D-007 then accepted Pet acquisition/Game UI owner
balance/pets/first-content.json#/actions/3	balance/pets/first-content.json	pets	/actions/3	object_record	action_id:care.play	epochseed/replaycatalog + pet policy	pet decay/care state kernels	none mounted	registered policy has no deploy-current acquisition-created pet	cold pet policy/replay tests only	No current producer creates a companion; rows cannot activate in default gameplay	backend_registered_dormant	D-007 then accepted Pet acquisition/Game UI owner
balance/pets/first-content.json#/actions/4	balance/pets/first-content.json	pets	/actions/4	object_record	action_id:care.rest	epochseed/replaycatalog + pet policy	pet decay/care state kernels	none mounted	registered policy has no deploy-current acquisition-created pet	cold pet policy/replay tests only	No current producer creates a companion; rows cannot activate in default gameplay	backend_registered_dormant	D-007 then accepted Pet acquisition/Game UI owner
balance/pets/first-content.json#/trust_policy	balance/pets/first-content.json	pets	/trust_policy	singleton_policy	object:/trust_policy	epochseed/replaycatalog + pet policy	pet decay/care state kernels	none mounted	registered policy has no deploy-current acquisition-created pet	cold pet policy/replay tests only	No current producer creates a companion; rows cannot activate in default gameplay	backend_registered_dormant	D-007 then accepted Pet acquisition/Game UI owner
balance/pets/first-content.json#/mood_policy/0	balance/pets/first-content.json	pets	/mood_policy/0	object_record	object:/mood_policy/0	epochseed/replaycatalog + pet policy	pet decay/care state kernels	none mounted	registered policy has no deploy-current acquisition-created pet	cold pet policy/replay tests only	No current producer creates a companion; rows cannot activate in default gameplay	backend_registered_dormant	D-007 then accepted Pet acquisition/Game UI owner
balance/pets/first-content.json#/mood_policy/1	balance/pets/first-content.json	pets	/mood_policy/1	object_record	object:/mood_policy/1	epochseed/replaycatalog + pet policy	pet decay/care state kernels	none mounted	registered policy has no deploy-current acquisition-created pet	cold pet policy/replay tests only	No current producer creates a companion; rows cannot activate in default gameplay	backend_registered_dormant	D-007 then accepted Pet acquisition/Game UI owner
balance/pets/first-content.json#/mood_policy/2	balance/pets/first-content.json	pets	/mood_policy/2	object_record	object:/mood_policy/2	epochseed/replaycatalog + pet policy	pet decay/care state kernels	none mounted	registered policy has no deploy-current acquisition-created pet	cold pet policy/replay tests only	No current producer creates a companion; rows cannot activate in default gameplay	backend_registered_dormant	D-007 then accepted Pet acquisition/Game UI owner
balance/pets/first-content.json#/mood_policy/3	balance/pets/first-content.json	pets	/mood_policy/3	object_record	object:/mood_policy/3	epochseed/replaycatalog + pet policy	pet decay/care state kernels	none mounted	registered policy has no deploy-current acquisition-created pet	cold pet policy/replay tests only	No current producer creates a companion; rows cannot activate in default gameplay	backend_registered_dormant	D-007 then accepted Pet acquisition/Game UI owner
balance/pets/first-content.json#/behavior_policy/0	balance/pets/first-content.json	pets	/behavior_policy/0	object_record	object:/behavior_policy/0	epochseed/replaycatalog + pet policy	pet decay/care state kernels	none mounted	registered policy has no deploy-current acquisition-created pet	cold pet policy/replay tests only	No current producer creates a companion; rows cannot activate in default gameplay	backend_registered_dormant	D-007 then accepted Pet acquisition/Game UI owner
balance/pets/first-content.json#/behavior_policy/1	balance/pets/first-content.json	pets	/behavior_policy/1	object_record	object:/behavior_policy/1	epochseed/replaycatalog + pet policy	pet decay/care state kernels	none mounted	registered policy has no deploy-current acquisition-created pet	cold pet policy/replay tests only	No current producer creates a companion; rows cannot activate in default gameplay	backend_registered_dormant	D-007 then accepted Pet acquisition/Game UI owner
balance/pets/first-content.json#/behavior_policy/2	balance/pets/first-content.json	pets	/behavior_policy/2	object_record	object:/behavior_policy/2	epochseed/replaycatalog + pet policy	pet decay/care state kernels	none mounted	registered policy has no deploy-current acquisition-created pet	cold pet policy/replay tests only	No current producer creates a companion; rows cannot activate in default gameplay	backend_registered_dormant	D-007 then accepted Pet acquisition/Game UI owner
balance/pets/first-content.json#/behavior_policy/3	balance/pets/first-content.json	pets	/behavior_policy/3	object_record	object:/behavior_policy/3	epochseed/replaycatalog + pet policy	pet decay/care state kernels	none mounted	registered policy has no deploy-current acquisition-created pet	cold pet policy/replay tests only	No current producer creates a companion; rows cannot activate in default gameplay	backend_registered_dormant	D-007 then accepted Pet acquisition/Game UI owner
balance/pets/first-content.json#/behavior_policy/4	balance/pets/first-content.json	pets	/behavior_policy/4	object_record	object:/behavior_policy/4	epochseed/replaycatalog + pet policy	pet decay/care state kernels	none mounted	registered policy has no deploy-current acquisition-created pet	cold pet policy/replay tests only	No current producer creates a companion; rows cannot activate in default gameplay	backend_registered_dormant	D-007 then accepted Pet acquisition/Game UI owner
balance/pets/first-content.json#/behavior_policy/5	balance/pets/first-content.json	pets	/behavior_policy/5	object_record	object:/behavior_policy/5	epochseed/replaycatalog + pet policy	pet decay/care state kernels	none mounted	registered policy has no deploy-current acquisition-created pet	cold pet policy/replay tests only	No current producer creates a companion; rows cannot activate in default gameplay	backend_registered_dormant	D-007 then accepted Pet acquisition/Game UI owner
balance/pets/first-content.json#/behavior_policy/6	balance/pets/first-content.json	pets	/behavior_policy/6	object_record	object:/behavior_policy/6	epochseed/replaycatalog + pet policy	pet decay/care state kernels	none mounted	registered policy has no deploy-current acquisition-created pet	cold pet policy/replay tests only	No current producer creates a companion; rows cannot activate in default gameplay	backend_registered_dormant	D-007 then accepted Pet acquisition/Game UI owner
balance/pets/first-content.json#/behavior_policy/7	balance/pets/first-content.json	pets	/behavior_policy/7	object_record	object:/behavior_policy/7	epochseed/replaycatalog + pet policy	pet decay/care state kernels	none mounted	registered policy has no deploy-current acquisition-created pet	cold pet policy/replay tests only	No current producer creates a companion; rows cannot activate in default gameplay	backend_registered_dormant	D-007 then accepted Pet acquisition/Game UI owner
balance/pitch.json#/policy	balance/pitch.json	pitch	/policy	singleton_policy	object:/policy	epochseed/replaycatalog + Pitch validator	Pitch tenant/session transitions	none mounted	backend Pitch content active	cold authenticated real-Postgres terminal lifecycle	No production client/table/return surface	backend_active	Minigame API/Game UI successor
balance/pitch.json#/metric_cards/0	balance/pitch.json	pitch	/metric_cards/0	object_record	card_id:api_call	epochseed/replaycatalog + Pitch validator	Pitch tenant/session transitions	none mounted	backend Pitch content active	cold authenticated real-Postgres terminal lifecycle	No production client/table/return surface	backend_active	Minigame API/Game UI successor
balance/pitch.json#/metric_cards/1	balance/pitch.json	pitch	/metric_cards/1	object_record	card_id:beta_invite	epochseed/replaycatalog + Pitch validator	Pitch tenant/session transitions	none mounted	backend Pitch content active	cold authenticated real-Postgres terminal lifecycle	No production client/table/return surface	backend_active	Minigame API/Game UI successor
balance/pitch.json#/metric_cards/2	balance/pitch.json	pitch	/metric_cards/2	object_record	card_id:cache_hit	epochseed/replaycatalog + Pitch validator	Pitch tenant/session transitions	none mounted	backend Pitch content active	cold authenticated real-Postgres terminal lifecycle	No production client/table/return surface	backend_active	Minigame API/Game UI successor
balance/pitch.json#/metric_cards/3	balance/pitch.json	pitch	/metric_cards/3	object_record	card_id:demo_day	epochseed/replaycatalog + Pitch validator	Pitch tenant/session transitions	none mounted	backend Pitch content active	cold authenticated real-Postgres terminal lifecycle	No production client/table/return surface	backend_active	Minigame API/Game UI successor
balance/pitch.json#/metric_cards/4	balance/pitch.json	pitch	/metric_cards/4	object_record	card_id:newsletter	epochseed/replaycatalog + Pitch validator	Pitch tenant/session transitions	none mounted	backend Pitch content active	cold authenticated real-Postgres terminal lifecycle	No production client/table/return surface	backend_active	Minigame API/Game UI successor
balance/pitch.json#/metric_cards/5	balance/pitch.json	pitch	/metric_cards/5	object_record	card_id:page_views	epochseed/replaycatalog + Pitch validator	Pitch tenant/session transitions	none mounted	backend Pitch content active	cold authenticated real-Postgres terminal lifecycle	No production client/table/return surface	backend_active	Minigame API/Game UI successor
balance/pitch.json#/metric_cards/6	balance/pitch.json	pitch	/metric_cards/6	object_record	card_id:patch_release	epochseed/replaycatalog + Pitch validator	Pitch tenant/session transitions	none mounted	backend Pitch content active	cold authenticated real-Postgres terminal lifecycle	No production client/table/return surface	backend_active	Minigame API/Game UI successor
balance/pitch.json#/metric_cards/7	balance/pitch.json	pitch	/metric_cards/7	object_record	card_id:press_mention	epochseed/replaycatalog + Pitch validator	Pitch tenant/session transitions	none mounted	backend Pitch content active	cold authenticated real-Postgres terminal lifecycle	No production client/table/return surface	backend_active	Minigame API/Game UI successor
balance/pitch.json#/metric_cards/8	balance/pitch.json	pitch	/metric_cards/8	object_record	card_id:referral_loop	epochseed/replaycatalog + Pitch validator	Pitch tenant/session transitions	none mounted	backend Pitch content active	cold authenticated real-Postgres terminal lifecycle	No production client/table/return surface	backend_active	Minigame API/Game UI successor
balance/pitch.json#/metric_cards/9	balance/pitch.json	pitch	/metric_cards/9	object_record	card_id:testimonial	epochseed/replaycatalog + Pitch validator	Pitch tenant/session transitions	none mounted	backend Pitch content active	cold authenticated real-Postgres terminal lifecycle	No production client/table/return surface	backend_active	Minigame API/Game UI successor
balance/pitch.json#/metric_cards/10	balance/pitch.json	pitch	/metric_cards/10	object_record	card_id:uptime_nines	epochseed/replaycatalog + Pitch validator	Pitch tenant/session transitions	none mounted	backend Pitch content active	cold authenticated real-Postgres terminal lifecycle	No production client/table/return surface	backend_active	Minigame API/Game UI successor
balance/pitch.json#/metric_cards/11	balance/pitch.json	pitch	/metric_cards/11	object_record	card_id:users_signup	epochseed/replaycatalog + Pitch validator	Pitch tenant/session transitions	none mounted	backend Pitch content active	cold authenticated real-Postgres terminal lifecycle	No production client/table/return surface	backend_active	Minigame API/Game UI successor
balance/pitch.json#/growth_hacks/0	balance/pitch.json	pitch	/growth_hacks/0	object_record	hack_id:ab_test	epochseed/replaycatalog + Pitch validator	Pitch tenant/session transitions	none mounted	backend Pitch content active	cold authenticated real-Postgres terminal lifecycle	No production client/table/return surface	backend_active	Minigame API/Game UI successor
balance/pitch.json#/growth_hacks/0/effect	balance/pitch.json	pitch	/growth_hacks/0/effect	nested_object	object:/growth_hacks/0/effect	epochseed/replaycatalog + Pitch validator	Pitch tenant/session transitions	none mounted	backend Pitch content active	cold authenticated real-Postgres terminal lifecycle	No production client/table/return surface	backend_active	Minigame API/Game UI successor
balance/pitch.json#/growth_hacks/1	balance/pitch.json	pitch	/growth_hacks/1	object_record	hack_id:buzzword	epochseed/replaycatalog + Pitch validator	Pitch tenant/session transitions	none mounted	backend Pitch content active	cold authenticated real-Postgres terminal lifecycle	No production client/table/return surface	backend_active	Minigame API/Game UI successor
balance/pitch.json#/growth_hacks/1/effect	balance/pitch.json	pitch	/growth_hacks/1/effect	nested_object	object:/growth_hacks/1/effect	epochseed/replaycatalog + Pitch validator	Pitch tenant/session transitions	none mounted	backend Pitch content active	cold authenticated real-Postgres terminal lifecycle	No production client/table/return surface	backend_active	Minigame API/Game UI successor
balance/pitch.json#/growth_hacks/2	balance/pitch.json	pitch	/growth_hacks/2	object_record	hack_id:dark_pattern	epochseed/replaycatalog + Pitch validator	Pitch tenant/session transitions	none mounted	backend Pitch content active	cold authenticated real-Postgres terminal lifecycle	No production client/table/return surface	backend_active	Minigame API/Game UI successor
balance/pitch.json#/growth_hacks/2/effect	balance/pitch.json	pitch	/growth_hacks/2/effect	nested_object	object:/growth_hacks/2/effect	epochseed/replaycatalog + Pitch validator	Pitch tenant/session transitions	none mounted	backend Pitch content active	cold authenticated real-Postgres terminal lifecycle	No production client/table/return surface	backend_active	Minigame API/Game UI successor
balance/pitch.json#/growth_hacks/3	balance/pitch.json	pitch	/growth_hacks/3	object_record	hack_id:growth_loop	epochseed/replaycatalog + Pitch validator	Pitch tenant/session transitions	none mounted	backend Pitch content active	cold authenticated real-Postgres terminal lifecycle	No production client/table/return surface	backend_active	Minigame API/Game UI successor
balance/pitch.json#/growth_hacks/3/effect	balance/pitch.json	pitch	/growth_hacks/3/effect	nested_object	object:/growth_hacks/3/effect	epochseed/replaycatalog + Pitch validator	Pitch tenant/session transitions	none mounted	backend Pitch content active	cold authenticated real-Postgres terminal lifecycle	No production client/table/return surface	backend_active	Minigame API/Game UI successor
balance/pitch.json#/growth_hacks/4	balance/pitch.json	pitch	/growth_hacks/4	object_record	hack_id:infinite_scroll	epochseed/replaycatalog + Pitch validator	Pitch tenant/session transitions	none mounted	backend Pitch content active	cold authenticated real-Postgres terminal lifecycle	No production client/table/return surface	backend_active	Minigame API/Game UI successor
balance/pitch.json#/growth_hacks/4/effect	balance/pitch.json	pitch	/growth_hacks/4/effect	nested_object	object:/growth_hacks/4/effect	epochseed/replaycatalog + Pitch validator	Pitch tenant/session transitions	none mounted	backend Pitch content active	cold authenticated real-Postgres terminal lifecycle	No production client/table/return surface	backend_active	Minigame API/Game UI successor
balance/pitch.json#/growth_hacks/5	balance/pitch.json	pitch	/growth_hacks/5	object_record	hack_id:pivot	epochseed/replaycatalog + Pitch validator	Pitch tenant/session transitions	none mounted	backend Pitch content active	cold authenticated real-Postgres terminal lifecycle	No production client/table/return surface	backend_active	Minigame API/Game UI successor
balance/pitch.json#/growth_hacks/5/effect	balance/pitch.json	pitch	/growth_hacks/5/effect	nested_object	object:/growth_hacks/5/effect	epochseed/replaycatalog + Pitch validator	Pitch tenant/session transitions	none mounted	backend Pitch content active	cold authenticated real-Postgres terminal lifecycle	No production client/table/return surface	backend_active	Minigame API/Game UI successor
balance/pitch.json#/growth_hacks/6	balance/pitch.json	pitch	/growth_hacks/6	object_record	hack_id:stealth_mode	epochseed/replaycatalog + Pitch validator	Pitch tenant/session transitions	none mounted	backend Pitch content active	cold authenticated real-Postgres terminal lifecycle	No production client/table/return surface	backend_active	Minigame API/Game UI successor
balance/pitch.json#/growth_hacks/6/effect	balance/pitch.json	pitch	/growth_hacks/6/effect	nested_object	partner_hack_id:pivot	epochseed/replaycatalog + Pitch validator	Pitch tenant/session transitions	none mounted	backend Pitch content active	cold authenticated real-Postgres terminal lifecycle	No production client/table/return surface	backend_active	Minigame API/Game UI successor
balance/pitch.json#/growth_hacks/7	balance/pitch.json	pitch	/growth_hacks/7	object_record	hack_id:synergy_deck	epochseed/replaycatalog + Pitch validator	Pitch tenant/session transitions	none mounted	backend Pitch content active	cold authenticated real-Postgres terminal lifecycle	No production client/table/return surface	backend_active	Minigame API/Game UI successor
balance/pitch.json#/growth_hacks/7/effect	balance/pitch.json	pitch	/growth_hacks/7/effect	nested_object	partner_hack_id:ab_test	epochseed/replaycatalog + Pitch validator	Pitch tenant/session transitions	none mounted	backend Pitch content active	cold authenticated real-Postgres terminal lifecycle	No production client/table/return surface	backend_active	Minigame API/Game UI successor
balance/pitch.json#/funding_curve/0	balance/pitch.json	pitch	/funding_curve/0	object_record	object:/funding_curve/0	epochseed/replaycatalog + Pitch validator	Pitch tenant/session transitions	none mounted	backend Pitch content active	cold authenticated real-Postgres terminal lifecycle	No production client/table/return surface	backend_active	Minigame API/Game UI successor
balance/pitch.json#/funding_curve/1	balance/pitch.json	pitch	/funding_curve/1	object_record	object:/funding_curve/1	epochseed/replaycatalog + Pitch validator	Pitch tenant/session transitions	none mounted	backend Pitch content active	cold authenticated real-Postgres terminal lifecycle	No production client/table/return surface	backend_active	Minigame API/Game UI successor
balance/pitch.json#/funding_curve/2	balance/pitch.json	pitch	/funding_curve/2	object_record	object:/funding_curve/2	epochseed/replaycatalog + Pitch validator	Pitch tenant/session transitions	none mounted	backend Pitch content active	cold authenticated real-Postgres terminal lifecycle	No production client/table/return surface	backend_active	Minigame API/Game UI successor
balance/pitch.json#/funding_curve/3	balance/pitch.json	pitch	/funding_curve/3	object_record	object:/funding_curve/3	epochseed/replaycatalog + Pitch validator	Pitch tenant/session transitions	none mounted	backend Pitch content active	cold authenticated real-Postgres terminal lifecycle	No production client/table/return surface	backend_active	Minigame API/Game UI successor
balance/pitch.json#/funding_curve/4	balance/pitch.json	pitch	/funding_curve/4	object_record	object:/funding_curve/4	epochseed/replaycatalog + Pitch validator	Pitch tenant/session transitions	none mounted	backend Pitch content active	cold authenticated real-Postgres terminal lifecycle	No production client/table/return surface	backend_active	Minigame API/Game UI successor
balance/pitch.json#/funding_curve/5	balance/pitch.json	pitch	/funding_curve/5	object_record	object:/funding_curve/5	epochseed/replaycatalog + Pitch validator	Pitch tenant/session transitions	none mounted	backend Pitch content active	cold authenticated real-Postgres terminal lifecycle	No production client/table/return surface	backend_active	Minigame API/Game UI successor
balance/pitch.json#/funding_curve/6	balance/pitch.json	pitch	/funding_curve/6	object_record	object:/funding_curve/6	epochseed/replaycatalog + Pitch validator	Pitch tenant/session transitions	none mounted	backend Pitch content active	cold authenticated real-Postgres terminal lifecycle	No production client/table/return surface	backend_active	Minigame API/Game UI successor
balance/pitch.json#/funding_curve/7	balance/pitch.json	pitch	/funding_curve/7	object_record	object:/funding_curve/7	epochseed/replaycatalog + Pitch validator	Pitch tenant/session transitions	none mounted	backend Pitch content active	cold authenticated real-Postgres terminal lifecycle	No production client/table/return surface	backend_active	Minigame API/Game UI successor
balance/prestige/phase0.json#/value_resource_id	balance/prestige/phase0.json	prestige	/value_resource_id	root_policy_field	"company.cash"	epochseed/replaycatalog + Prestige policy	offer/Exit/Founder-carry transitions	mounted Offer Sheet and Run End components	real backend and mounted partial consumers exist separately	cold server first-hour/replay plus component fixtures	No composed browser offer-to-next-run workflow; several terms have no player control	partial_mounted	Game UI AC1 plus Prestige ruling-author reconciliation
balance/prestige/phase0.json#/threshold	balance/prestige/phase0.json	prestige	/threshold	root_policy_field	"1e12"	epochseed/replaycatalog + Prestige policy	offer/Exit/Founder-carry transitions	mounted Offer Sheet and Run End components	real backend and mounted partial consumers exist separately	cold server first-hour/replay plus component fixtures	No composed browser offer-to-next-run workflow; several terms have no player control	partial_mounted	Game UI AC1 plus Prestige ruling-author reconciliation
balance/prestige/phase0.json#/exit_modifiers_ppm	balance/prestige/phase0.json	prestige	/exit_modifiers_ppm	singleton_policy	object:/exit_modifiers_ppm	epochseed/replaycatalog + Prestige policy	offer/Exit/Founder-carry transitions	mounted Offer Sheet and Run End components	real backend and mounted partial consumers exist separately	cold server first-hour/replay plus component fixtures	No composed browser offer-to-next-run workflow; several terms have no player control	partial_mounted	Game UI AC1 plus Prestige ruling-author reconciliation
balance/prestige/phase0.json#/collapse_route_knowledge	balance/prestige/phase0.json	prestige	/collapse_route_knowledge	root_policy_field	25	epochseed/replaycatalog + Prestige policy	offer/Exit/Founder-carry transitions	mounted Offer Sheet and Run End components	real backend and mounted partial consumers exist separately	cold server first-hour/replay plus component fixtures	No composed browser offer-to-next-run workflow; several terms have no player control	partial_mounted	Game UI AC1 plus Prestige ruling-author reconciliation
balance/prestige/phase0.json#/catchup_ceiling_ms	balance/prestige/phase0.json	prestige	/catchup_ceiling_ms	root_policy_field	5000	epochseed/replaycatalog + Prestige policy	offer/Exit/Founder-carry transitions	none mounted for this policy result	backend policy active but next-run/faction result is not mounted	cold Prestige/replay tests	No mounted default-workflow result for this row	backend_active	Game UI AC1 plus Prestige ruling-author reconciliation
balance/prestige/phase0.json#/offer_duration_ms	balance/prestige/phase0.json	prestige	/offer_duration_ms	root_policy_field	900000	epochseed/replaycatalog + Prestige policy	offer/Exit/Founder-carry transitions	mounted Offer Sheet and Run End components	real backend and mounted partial consumers exist separately	cold server first-hour/replay plus component fixtures	No composed browser offer-to-next-run workflow; several terms have no player control	partial_mounted	Game UI AC1 plus Prestige ruling-author reconciliation
balance/prestige/phase0.json#/decline_drift_ppm	balance/prestige/phase0.json	prestige	/decline_drift_ppm	root_policy_field	50000	epochseed/replaycatalog + Prestige policy	offer/Exit/Founder-carry transitions	mounted Offer Sheet and Run End components	real backend and mounted partial consumers exist separately	cold server first-hour/replay plus component fixtures	No composed browser offer-to-next-run workflow; several terms have no player control	partial_mounted	Game UI AC1 plus Prestige ruling-author reconciliation
balance/prestige/phase0.json#/spawn_gate_ppm/0	balance/prestige/phase0.json	prestige	/spawn_gate_ppm/0	primitive_edge	0	epochseed/replaycatalog + Prestige policy	offer/Exit/Founder-carry transitions	none mounted for this policy result	active zero policy disables random Tier-0 offers	cold Prestige/replay tests	No mounted default-workflow result for this row	backend_active	Game UI AC1 plus Prestige ruling-author reconciliation
balance/prestige/phase0.json#/spawn_gate_ppm/1	balance/prestige/phase0.json	prestige	/spawn_gate_ppm/1	primitive_edge	300000	epochseed/replaycatalog + Prestige policy	offer/Exit/Founder-carry transitions	mounted Offer Sheet and Run End components	real backend and mounted partial consumers exist separately	cold server first-hour/replay plus component fixtures	No composed browser offer-to-next-run workflow; several terms have no player control	partial_mounted	Game UI AC1 plus Prestige ruling-author reconciliation
balance/prestige/phase0.json#/spawn_gate_ppm/2	balance/prestige/phase0.json	prestige	/spawn_gate_ppm/2	primitive_edge	400000	epochseed/replaycatalog + Prestige policy	offer/Exit/Founder-carry transitions	none in current T0-T1 play	registered offer-spawn threshold for an absent later tier	Prestige policy/replay tests only	Current gameplay cannot reach this tier index	backend_registered_dormant	Game UI AC1 plus Prestige ruling-author reconciliation
balance/prestige/phase0.json#/spawn_gate_ppm/3	balance/prestige/phase0.json	prestige	/spawn_gate_ppm/3	primitive_edge	500000	epochseed/replaycatalog + Prestige policy	offer/Exit/Founder-carry transitions	none in current T0-T1 play	registered offer-spawn threshold for an absent later tier	Prestige policy/replay tests only	Current gameplay cannot reach this tier index	backend_registered_dormant	Game UI AC1 plus Prestige ruling-author reconciliation
balance/prestige/phase0.json#/spawn_gate_ppm/4	balance/prestige/phase0.json	prestige	/spawn_gate_ppm/4	primitive_edge	600000	epochseed/replaycatalog + Prestige policy	offer/Exit/Founder-carry transitions	none in current T0-T1 play	registered offer-spawn threshold for an absent later tier	Prestige policy/replay tests only	Current gameplay cannot reach this tier index	backend_registered_dormant	Game UI AC1 plus Prestige ruling-author reconciliation
balance/prestige/phase0.json#/spawn_gate_ppm/5	balance/prestige/phase0.json	prestige	/spawn_gate_ppm/5	primitive_edge	700000	epochseed/replaycatalog + Prestige policy	offer/Exit/Founder-carry transitions	none in current T0-T1 play	registered offer-spawn threshold for an absent later tier	Prestige policy/replay tests only	Current gameplay cannot reach this tier index	backend_registered_dormant	Game UI AC1 plus Prestige ruling-author reconciliation
balance/prestige/phase0.json#/spawn_gate_ppm/6	balance/prestige/phase0.json	prestige	/spawn_gate_ppm/6	primitive_edge	800000	epochseed/replaycatalog + Prestige policy	offer/Exit/Founder-carry transitions	none in current T0-T1 play	registered offer-spawn threshold for an absent later tier	Prestige policy/replay tests only	Current gameplay cannot reach this tier index	backend_registered_dormant	Game UI AC1 plus Prestige ruling-author reconciliation
balance/prestige/phase0.json#/spawn_gate_ppm/7	balance/prestige/phase0.json	prestige	/spawn_gate_ppm/7	primitive_edge	900000	epochseed/replaycatalog + Prestige policy	offer/Exit/Founder-carry transitions	none in current T0-T1 play	registered offer-spawn threshold for an absent later tier	Prestige policy/replay tests only	Current gameplay cannot reach this tier index	backend_registered_dormant	Game UI AC1 plus Prestige ruling-author reconciliation
balance/prestige/phase0.json#/spawn_gate_ppm/8	balance/prestige/phase0.json	prestige	/spawn_gate_ppm/8	primitive_edge	1000000	epochseed/replaycatalog + Prestige policy	offer/Exit/Founder-carry transitions	none in current T0-T1 play	registered offer-spawn threshold for an absent later tier	Prestige policy/replay tests only	Current gameplay cannot reach this tier index	backend_registered_dormant	Game UI AC1 plus Prestige ruling-author reconciliation
balance/prestige/phase0.json#/spawn_gate_ppm/9	balance/prestige/phase0.json	prestige	/spawn_gate_ppm/9	primitive_edge	1000000	epochseed/replaycatalog + Prestige policy	offer/Exit/Founder-carry transitions	none in current T0-T1 play	registered offer-spawn threshold for an absent later tier	Prestige policy/replay tests only	Current gameplay cannot reach this tier index	backend_registered_dormant	Game UI AC1 plus Prestige ruling-author reconciliation
balance/prestige/phase0.json#/advisor_per_run_ppm	balance/prestige/phase0.json	prestige	/advisor_per_run_ppm	root_policy_field	20000	epochseed/replaycatalog + Prestige policy	offer/Exit/Founder-carry transitions	none mounted for this policy result	backend policy active but next-run/faction result is not mounted	cold Prestige/replay tests	No mounted default-workflow result for this row	backend_active	Game UI AC1 plus Prestige ruling-author reconciliation
balance/prestige/phase0.json#/advisor_cap_ppm	balance/prestige/phase0.json	prestige	/advisor_cap_ppm	root_policy_field	500000	epochseed/replaycatalog + Prestige policy	offer/Exit/Founder-carry transitions	none mounted for this policy result	backend policy active but next-run/faction result is not mounted	cold Prestige/replay tests	No mounted default-workflow result for this row	backend_active	Game UI AC1 plus Prestige ruling-author reconciliation
balance/relevance/t0-t1.json#/items/0	balance/relevance/t0-t1.json	relevance	/items/0	object_record	purchasable_id:generator.answering_machine	epochseed/replaycatalog + relevance policy parser	balance/relevance harness only	developer report only	developer measurement policy; not gameplay	local bounded checks; hosted complete run invalid	No valid complete current-coordinate report and no player consumer	measurement_only	R-001 accepted instrumentation authority then valid rerun
balance/relevance/t0-t1.json#/items/0/availability_window	balance/relevance/t0-t1.json	relevance	/items/0/availability_window	nested_object	object:/items/0/availability_window	epochseed/replaycatalog + relevance policy parser	balance/relevance harness only	developer report only	developer measurement policy; not gameplay	local bounded checks; hosted complete run invalid	No valid complete current-coordinate report and no player consumer	measurement_only	R-001 accepted instrumentation authority then valid rerun
balance/relevance/t0-t1.json#/items/0/group_ids	balance/relevance/t0-t1.json	relevance	/items/0/group_ids	empty_collection	<empty>	epochseed/replaycatalog + relevance policy parser	balance/relevance harness only	developer report only	explicit deploy-current empty collection	structural extractor plus family validator empty-case behavior	The collection contributes no authored relationship/effect rows; intent may be optional or missing and needs its named owner	measurement_only	R-001 accepted instrumentation authority then valid rerun
balance/relevance/t0-t1.json#/items/1	balance/relevance/t0-t1.json	relevance	/items/1	object_record	purchasable_id:generator.beige_tower	epochseed/replaycatalog + relevance policy parser	balance/relevance harness only	developer report only	developer measurement policy; not gameplay	local bounded checks; hosted complete run invalid	No valid complete current-coordinate report and no player consumer	measurement_only	R-001 accepted instrumentation authority then valid rerun
balance/relevance/t0-t1.json#/items/1/availability_window	balance/relevance/t0-t1.json	relevance	/items/1/availability_window	nested_object	object:/items/1/availability_window	epochseed/replaycatalog + relevance policy parser	balance/relevance harness only	developer report only	developer measurement policy; not gameplay	local bounded checks; hosted complete run invalid	No valid complete current-coordinate report and no player consumer	measurement_only	R-001 accepted instrumentation authority then valid rerun
balance/relevance/t0-t1.json#/items/1/group_ids	balance/relevance/t0-t1.json	relevance	/items/1/group_ids	empty_collection	<empty>	epochseed/replaycatalog + relevance policy parser	balance/relevance harness only	developer report only	explicit deploy-current empty collection	structural extractor plus family validator empty-case behavior	The collection contributes no authored relationship/effect rows; intent may be optional or missing and needs its named owner	measurement_only	R-001 accepted instrumentation authority then valid rerun
balance/relevance/t0-t1.json#/items/2	balance/relevance/t0-t1.json	relevance	/items/2	object_record	purchasable_id:generator.beige_tower_v2	epochseed/replaycatalog + relevance policy parser	balance/relevance harness only	developer report only	developer measurement policy; not gameplay	local bounded checks; hosted complete run invalid	No valid complete current-coordinate report and no player consumer	measurement_only	R-001 accepted instrumentation authority then valid rerun
balance/relevance/t0-t1.json#/items/2/availability_window	balance/relevance/t0-t1.json	relevance	/items/2/availability_window	nested_object	object:/items/2/availability_window	epochseed/replaycatalog + relevance policy parser	balance/relevance harness only	developer report only	developer measurement policy; not gameplay	local bounded checks; hosted complete run invalid	No valid complete current-coordinate report and no player consumer	measurement_only	R-001 accepted instrumentation authority then valid rerun
balance/relevance/t0-t1.json#/items/2/group_ids	balance/relevance/t0-t1.json	relevance	/items/2/group_ids	empty_collection	<empty>	epochseed/replaycatalog + relevance policy parser	balance/relevance harness only	developer report only	explicit deploy-current empty collection	structural extractor plus family validator empty-case behavior	The collection contributes no authored relationship/effect rows; intent may be optional or missing and needs its named owner	measurement_only	R-001 accepted instrumentation authority then valid rerun
balance/relevance/t0-t1.json#/items/3	balance/relevance/t0-t1.json	relevance	/items/3	object_record	purchasable_id:generator.crt_wall	epochseed/replaycatalog + relevance policy parser	balance/relevance harness only	developer report only	developer measurement policy; not gameplay	local bounded checks; hosted complete run invalid	No valid complete current-coordinate report and no player consumer	measurement_only	R-001 accepted instrumentation authority then valid rerun
balance/relevance/t0-t1.json#/items/3/availability_window	balance/relevance/t0-t1.json	relevance	/items/3/availability_window	nested_object	object:/items/3/availability_window	epochseed/replaycatalog + relevance policy parser	balance/relevance harness only	developer report only	developer measurement policy; not gameplay	local bounded checks; hosted complete run invalid	No valid complete current-coordinate report and no player consumer	measurement_only	R-001 accepted instrumentation authority then valid rerun
balance/relevance/t0-t1.json#/items/3/group_ids	balance/relevance/t0-t1.json	relevance	/items/3/group_ids	empty_collection	<empty>	epochseed/replaycatalog + relevance policy parser	balance/relevance harness only	developer report only	explicit deploy-current empty collection	structural extractor plus family validator empty-case behavior	The collection contributes no authored relationship/effect rows; intent may be optional or missing and needs its named owner	measurement_only	R-001 accepted instrumentation authority then valid rerun
balance/relevance/t0-t1.json#/items/4	balance/relevance/t0-t1.json	relevance	/items/4	object_record	purchasable_id:generator.dot_matrix_queue	epochseed/replaycatalog + relevance policy parser	balance/relevance harness only	developer report only	developer measurement policy; not gameplay	local bounded checks; hosted complete run invalid	No valid complete current-coordinate report and no player consumer	measurement_only	R-001 accepted instrumentation authority then valid rerun
balance/relevance/t0-t1.json#/items/4/availability_window	balance/relevance/t0-t1.json	relevance	/items/4/availability_window	nested_object	object:/items/4/availability_window	epochseed/replaycatalog + relevance policy parser	balance/relevance harness only	developer report only	developer measurement policy; not gameplay	local bounded checks; hosted complete run invalid	No valid complete current-coordinate report and no player consumer	measurement_only	R-001 accepted instrumentation authority then valid rerun
balance/relevance/t0-t1.json#/items/4/group_ids	balance/relevance/t0-t1.json	relevance	/items/4/group_ids	empty_collection	<empty>	epochseed/replaycatalog + relevance policy parser	balance/relevance harness only	developer report only	explicit deploy-current empty collection	structural extractor plus family validator empty-case behavior	The collection contributes no authored relationship/effect rows; intent may be optional or missing and needs its named owner	measurement_only	R-001 accepted instrumentation authority then valid rerun
balance/relevance/t0-t1.json#/items/5	balance/relevance/t0-t1.json	relevance	/items/5	object_record	purchasable_id:generator.first_hire	epochseed/replaycatalog + relevance policy parser	balance/relevance harness only	developer report only	developer measurement policy; not gameplay	local bounded checks; hosted complete run invalid	No valid complete current-coordinate report and no player consumer	measurement_only	R-001 accepted instrumentation authority then valid rerun
balance/relevance/t0-t1.json#/items/5/availability_window	balance/relevance/t0-t1.json	relevance	/items/5/availability_window	nested_object	object:/items/5/availability_window	epochseed/replaycatalog + relevance policy parser	balance/relevance harness only	developer report only	developer measurement policy; not gameplay	local bounded checks; hosted complete run invalid	No valid complete current-coordinate report and no player consumer	measurement_only	R-001 accepted instrumentation authority then valid rerun
balance/relevance/t0-t1.json#/items/5/group_ids	balance/relevance/t0-t1.json	relevance	/items/5/group_ids	empty_collection	<empty>	epochseed/replaycatalog + relevance policy parser	balance/relevance harness only	developer report only	explicit deploy-current empty collection	structural extractor plus family validator empty-case behavior	The collection contributes no authored relationship/effect rows; intent may be optional or missing and needs its named owner	measurement_only	R-001 accepted instrumentation authority then valid rerun
balance/relevance/t0-t1.json#/items/6	balance/relevance/t0-t1.json	relevance	/items/6	object_record	purchasable_id:generator.garage_rack	epochseed/replaycatalog + relevance policy parser	balance/relevance harness only	developer report only	developer measurement policy; not gameplay	local bounded checks; hosted complete run invalid	No valid complete current-coordinate report and no player consumer	measurement_only	R-001 accepted instrumentation authority then valid rerun
balance/relevance/t0-t1.json#/items/6/availability_window	balance/relevance/t0-t1.json	relevance	/items/6/availability_window	nested_object	object:/items/6/availability_window	epochseed/replaycatalog + relevance policy parser	balance/relevance harness only	developer report only	developer measurement policy; not gameplay	local bounded checks; hosted complete run invalid	No valid complete current-coordinate report and no player consumer	measurement_only	R-001 accepted instrumentation authority then valid rerun
balance/relevance/t0-t1.json#/items/6/group_ids	balance/relevance/t0-t1.json	relevance	/items/6/group_ids	empty_collection	<empty>	epochseed/replaycatalog + relevance policy parser	balance/relevance harness only	developer report only	explicit deploy-current empty collection	structural extractor plus family validator empty-case behavior	The collection contributes no authored relationship/effect rows; intent may be optional or missing and needs its named owner	measurement_only	R-001 accepted instrumentation authority then valid rerun
balance/relevance/t0-t1.json#/items/7	balance/relevance/t0-t1.json	relevance	/items/7	object_record	purchasable_id:generator.nephew_intern	epochseed/replaycatalog + relevance policy parser	balance/relevance harness only	developer report only	developer measurement policy; not gameplay	local bounded checks; hosted complete run invalid	No valid complete current-coordinate report and no player consumer	measurement_only	R-001 accepted instrumentation authority then valid rerun
balance/relevance/t0-t1.json#/items/7/availability_window	balance/relevance/t0-t1.json	relevance	/items/7/availability_window	nested_object	object:/items/7/availability_window	epochseed/replaycatalog + relevance policy parser	balance/relevance harness only	developer report only	developer measurement policy; not gameplay	local bounded checks; hosted complete run invalid	No valid complete current-coordinate report and no player consumer	measurement_only	R-001 accepted instrumentation authority then valid rerun
balance/relevance/t0-t1.json#/items/7/group_ids	balance/relevance/t0-t1.json	relevance	/items/7/group_ids	empty_collection	<empty>	epochseed/replaycatalog + relevance policy parser	balance/relevance harness only	developer report only	explicit deploy-current empty collection	structural extractor plus family validator empty-case behavior	The collection contributes no authored relationship/effect rows; intent may be optional or missing and needs its named owner	measurement_only	R-001 accepted instrumentation authority then valid rerun
balance/relevance/t0-t1.json#/items/8	balance/relevance/t0-t1.json	relevance	/items/8	object_record	purchasable_id:upgrade.beige_tower_cache	epochseed/replaycatalog + relevance policy parser	balance/relevance harness only	developer report only	developer measurement policy; not gameplay	local bounded checks; hosted complete run invalid	No valid complete current-coordinate report and no player consumer	measurement_only	R-001 accepted instrumentation authority then valid rerun
balance/relevance/t0-t1.json#/items/8/availability_window	balance/relevance/t0-t1.json	relevance	/items/8/availability_window	nested_object	object:/items/8/availability_window	epochseed/replaycatalog + relevance policy parser	balance/relevance harness only	developer report only	developer measurement policy; not gameplay	local bounded checks; hosted complete run invalid	No valid complete current-coordinate report and no player consumer	measurement_only	R-001 accepted instrumentation authority then valid rerun
balance/relevance/t0-t1.json#/items/8/group_ids	balance/relevance/t0-t1.json	relevance	/items/8/group_ids	empty_collection	<empty>	epochseed/replaycatalog + relevance policy parser	balance/relevance harness only	developer report only	explicit deploy-current empty collection	structural extractor plus family validator empty-case behavior	The collection contributes no authored relationship/effect rows; intent may be optional or missing and needs its named owner	measurement_only	R-001 accepted instrumentation authority then valid rerun
balance/relevance/t0-t1.json#/items/9	balance/relevance/t0-t1.json	relevance	/items/9	object_record	purchasable_id:upgrade.continuous_feed_paper	epochseed/replaycatalog + relevance policy parser	balance/relevance harness only	developer report only	developer measurement policy; not gameplay	local bounded checks; hosted complete run invalid	No valid complete current-coordinate report and no player consumer	measurement_only	R-001 accepted instrumentation authority then valid rerun
balance/relevance/t0-t1.json#/items/9/availability_window	balance/relevance/t0-t1.json	relevance	/items/9/availability_window	nested_object	object:/items/9/availability_window	epochseed/replaycatalog + relevance policy parser	balance/relevance harness only	developer report only	developer measurement policy; not gameplay	local bounded checks; hosted complete run invalid	No valid complete current-coordinate report and no player consumer	measurement_only	R-001 accepted instrumentation authority then valid rerun
balance/relevance/t0-t1.json#/items/9/group_ids	balance/relevance/t0-t1.json	relevance	/items/9/group_ids	empty_collection	<empty>	epochseed/replaycatalog + relevance policy parser	balance/relevance harness only	developer report only	explicit deploy-current empty collection	structural extractor plus family validator empty-case behavior	The collection contributes no authored relationship/effect rows; intent may be optional or missing and needs its named owner	measurement_only	R-001 accepted instrumentation authority then valid rerun
balance/relevance/t0-t1.json#/items/10	balance/relevance/t0-t1.json	relevance	/items/10	object_record	purchasable_id:upgrade.crt_degauss_button	epochseed/replaycatalog + relevance policy parser	balance/relevance harness only	developer report only	developer measurement policy; not gameplay	local bounded checks; hosted complete run invalid	No valid complete current-coordinate report and no player consumer	measurement_only	R-001 accepted instrumentation authority then valid rerun
balance/relevance/t0-t1.json#/items/10/availability_window	balance/relevance/t0-t1.json	relevance	/items/10/availability_window	nested_object	object:/items/10/availability_window	epochseed/replaycatalog + relevance policy parser	balance/relevance harness only	developer report only	developer measurement policy; not gameplay	local bounded checks; hosted complete run invalid	No valid complete current-coordinate report and no player consumer	measurement_only	R-001 accepted instrumentation authority then valid rerun
balance/relevance/t0-t1.json#/items/10/group_ids	balance/relevance/t0-t1.json	relevance	/items/10/group_ids	empty_collection	<empty>	epochseed/replaycatalog + relevance policy parser	balance/relevance harness only	developer report only	explicit deploy-current empty collection	structural extractor plus family validator empty-case behavior	The collection contributes no authored relationship/effect rows; intent may be optional or missing and needs its named owner	measurement_only	R-001 accepted instrumentation authority then valid rerun
balance/relevance/t0-t1.json#/items/11	balance/relevance/t0-t1.json	relevance	/items/11	object_record	purchasable_id:upgrade.employee_handbook_v0	epochseed/replaycatalog + relevance policy parser	balance/relevance harness only	developer report only	developer measurement policy; not gameplay	local bounded checks; hosted complete run invalid	No valid complete current-coordinate report and no player consumer	measurement_only	R-001 accepted instrumentation authority then valid rerun
balance/relevance/t0-t1.json#/items/11/availability_window	balance/relevance/t0-t1.json	relevance	/items/11/availability_window	nested_object	object:/items/11/availability_window	epochseed/replaycatalog + relevance policy parser	balance/relevance harness only	developer report only	developer measurement policy; not gameplay	local bounded checks; hosted complete run invalid	No valid complete current-coordinate report and no player consumer	measurement_only	R-001 accepted instrumentation authority then valid rerun
balance/relevance/t0-t1.json#/items/11/group_ids	balance/relevance/t0-t1.json	relevance	/items/11/group_ids	empty_collection	<empty>	epochseed/replaycatalog + relevance policy parser	balance/relevance harness only	developer report only	explicit deploy-current empty collection	structural extractor plus family validator empty-case behavior	The collection contributes no authored relationship/effect rows; intent may be optional or missing and needs its named owner	measurement_only	R-001 accepted instrumentation authority then valid rerun
balance/relevance/t0-t1.json#/items/12	balance/relevance/t0-t1.json	relevance	/items/12	object_record	purchasable_id:upgrade.hold_music_license	epochseed/replaycatalog + relevance policy parser	balance/relevance harness only	developer report only	developer measurement policy; not gameplay	local bounded checks; hosted complete run invalid	No valid complete current-coordinate report and no player consumer	measurement_only	R-001 accepted instrumentation authority then valid rerun
balance/relevance/t0-t1.json#/items/12/availability_window	balance/relevance/t0-t1.json	relevance	/items/12/availability_window	nested_object	object:/items/12/availability_window	epochseed/replaycatalog + relevance policy parser	balance/relevance harness only	developer report only	developer measurement policy; not gameplay	local bounded checks; hosted complete run invalid	No valid complete current-coordinate report and no player consumer	measurement_only	R-001 accepted instrumentation authority then valid rerun
balance/relevance/t0-t1.json#/items/12/group_ids	balance/relevance/t0-t1.json	relevance	/items/12/group_ids	empty_collection	<empty>	epochseed/replaycatalog + relevance policy parser	balance/relevance harness only	developer report only	explicit deploy-current empty collection	structural extractor plus family validator empty-case behavior	The collection contributes no authored relationship/effect rows; intent may be optional or missing and needs its named owner	measurement_only	R-001 accepted instrumentation authority then valid rerun
balance/relevance/t0-t1.json#/items/13	balance/relevance/t0-t1.json	relevance	/items/13	object_record	purchasable_id:upgrade.institutional_memory	epochseed/replaycatalog + relevance policy parser	balance/relevance harness only	developer report only	developer measurement policy; not gameplay	local bounded checks; hosted complete run invalid	No valid complete current-coordinate report and no player consumer	measurement_only	R-001 accepted instrumentation authority then valid rerun
balance/relevance/t0-t1.json#/items/13/availability_window	balance/relevance/t0-t1.json	relevance	/items/13/availability_window	nested_object	object:/items/13/availability_window	epochseed/replaycatalog + relevance policy parser	balance/relevance harness only	developer report only	developer measurement policy; not gameplay	local bounded checks; hosted complete run invalid	No valid complete current-coordinate report and no player consumer	measurement_only	R-001 accepted instrumentation authority then valid rerun
balance/relevance/t0-t1.json#/items/13/group_ids	balance/relevance/t0-t1.json	relevance	/items/13/group_ids	empty_collection	<empty>	epochseed/replaycatalog + relevance policy parser	balance/relevance harness only	developer report only	explicit deploy-current empty collection	structural extractor plus family validator empty-case behavior	The collection contributes no authored relationship/effect rows; intent may be optional or missing and needs its named owner	measurement_only	R-001 accepted instrumentation authority then valid rerun
balance/relevance/t0-t1.json#/items/14	balance/relevance/t0-t1.json	relevance	/items/14	object_record	purchasable_id:upgrade.nephew_business_cards	epochseed/replaycatalog + relevance policy parser	balance/relevance harness only	developer report only	developer measurement policy; not gameplay	local bounded checks; hosted complete run invalid	No valid complete current-coordinate report and no player consumer	measurement_only	R-001 accepted instrumentation authority then valid rerun
balance/relevance/t0-t1.json#/items/14/availability_window	balance/relevance/t0-t1.json	relevance	/items/14/availability_window	nested_object	object:/items/14/availability_window	epochseed/replaycatalog + relevance policy parser	balance/relevance harness only	developer report only	developer measurement policy; not gameplay	local bounded checks; hosted complete run invalid	No valid complete current-coordinate report and no player consumer	measurement_only	R-001 accepted instrumentation authority then valid rerun
balance/relevance/t0-t1.json#/items/14/group_ids	balance/relevance/t0-t1.json	relevance	/items/14/group_ids	empty_collection	<empty>	epochseed/replaycatalog + relevance policy parser	balance/relevance harness only	developer report only	explicit deploy-current empty collection	structural extractor plus family validator empty-case behavior	The collection contributes no authored relationship/effect rows; intent may be optional or missing and needs its named owner	measurement_only	R-001 accepted instrumentation authority then valid rerun
balance/relevance/t0-t1.json#/items/15	balance/relevance/t0-t1.json	relevance	/items/15	object_record	purchasable_id:upgrade.rack_rail_standardization	epochseed/replaycatalog + relevance policy parser	balance/relevance harness only	developer report only	developer measurement policy; not gameplay	local bounded checks; hosted complete run invalid	No valid complete current-coordinate report and no player consumer	measurement_only	R-001 accepted instrumentation authority then valid rerun
balance/relevance/t0-t1.json#/items/15/availability_window	balance/relevance/t0-t1.json	relevance	/items/15/availability_window	nested_object	object:/items/15/availability_window	epochseed/replaycatalog + relevance policy parser	balance/relevance harness only	developer report only	developer measurement policy; not gameplay	local bounded checks; hosted complete run invalid	No valid complete current-coordinate report and no player consumer	measurement_only	R-001 accepted instrumentation authority then valid rerun
balance/relevance/t0-t1.json#/items/15/group_ids	balance/relevance/t0-t1.json	relevance	/items/15/group_ids	empty_collection	<empty>	epochseed/replaycatalog + relevance policy parser	balance/relevance harness only	developer report only	explicit deploy-current empty collection	structural extractor plus family validator empty-case behavior	The collection contributes no authored relationship/effect rows; intent may be optional or missing and needs its named owner	measurement_only	R-001 accepted instrumentation authority then valid rerun
balance/relevance/t0-t1.json#/items/16	balance/relevance/t0-t1.json	relevance	/items/16	object_record	purchasable_id:upgrade.refurbished_sticker	epochseed/replaycatalog + relevance policy parser	balance/relevance harness only	developer report only	developer measurement policy; not gameplay	local bounded checks; hosted complete run invalid	No valid complete current-coordinate report and no player consumer	measurement_only	R-001 accepted instrumentation authority then valid rerun
balance/relevance/t0-t1.json#/items/16/availability_window	balance/relevance/t0-t1.json	relevance	/items/16/availability_window	nested_object	object:/items/16/availability_window	epochseed/replaycatalog + relevance policy parser	balance/relevance harness only	developer report only	developer measurement policy; not gameplay	local bounded checks; hosted complete run invalid	No valid complete current-coordinate report and no player consumer	measurement_only	R-001 accepted instrumentation authority then valid rerun
balance/relevance/t0-t1.json#/items/16/group_ids	balance/relevance/t0-t1.json	relevance	/items/16/group_ids	empty_collection	<empty>	epochseed/replaycatalog + relevance policy parser	balance/relevance harness only	developer report only	explicit deploy-current empty collection	structural extractor plus family validator empty-case behavior	The collection contributes no authored relationship/effect rows; intent may be optional or missing and needs its named owner	measurement_only	R-001 accepted instrumentation authority then valid rerun
balance/relevance/t0-t1.json#/items/17	balance/relevance/t0-t1.json	relevance	/items/17	object_record	purchasable_id:upgrade.reply_all_macro	epochseed/replaycatalog + relevance policy parser	balance/relevance harness only	developer report only	developer measurement policy; not gameplay	local bounded checks; hosted complete run invalid	No valid complete current-coordinate report and no player consumer	measurement_only	R-001 accepted instrumentation authority then valid rerun
balance/relevance/t0-t1.json#/items/17/availability_window	balance/relevance/t0-t1.json	relevance	/items/17/availability_window	nested_object	object:/items/17/availability_window	epochseed/replaycatalog + relevance policy parser	balance/relevance harness only	developer report only	developer measurement policy; not gameplay	local bounded checks; hosted complete run invalid	No valid complete current-coordinate report and no player consumer	measurement_only	R-001 accepted instrumentation authority then valid rerun
balance/relevance/t0-t1.json#/items/17/group_ids	balance/relevance/t0-t1.json	relevance	/items/17/group_ids	empty_collection	<empty>	epochseed/replaycatalog + relevance policy parser	balance/relevance harness only	developer report only	explicit deploy-current empty collection	structural extractor plus family validator empty-case behavior	The collection contributes no authored relationship/effect rows; intent may be optional or missing and needs its named owner	measurement_only	R-001 accepted instrumentation authority then valid rerun
balance/relevance/t0-t1.json#/groups	balance/relevance/t0-t1.json	relevance	/groups	empty_collection	<empty>	epochseed/replaycatalog + relevance policy parser	balance/relevance harness only	developer report only	explicit deploy-current empty collection	structural extractor plus family validator empty-case behavior	The collection contributes no authored relationship/effect rows; intent may be optional or missing and needs its named owner	measurement_only	R-001 accepted instrumentation authority then valid rerun
balance/routes/phase0.json#/context_version	balance/routes/phase0.json	routes	/context_version	root_policy_field	1	epochseed/replaycatalog + route catalog	gate/route evaluation and route projection backend	gate facts/timing only in mounted Game UI	backend route data active where current tiers can reach it	cold route boundary/projection tests plus separate Game UI fixture	No route registry/history/name/choice surface; later-tier rows overridden below	backend_active	D-007 plus Route Registry/Game UI successors
balance/routes/phase0.json#/depletion_distinct_routes_required	balance/routes/phase0.json	routes	/depletion_distinct_routes_required	root_policy_field	5	epochseed/replaycatalog + route catalog	gate/route evaluation and route projection backend	gate facts/timing only in mounted Game UI	backend route data active where current tiers can reach it	cold route boundary/projection tests plus separate Game UI fixture	No route registry/history/name/choice surface; later-tier rows overridden below	backend_active	D-007 plus Route Registry/Game UI successors
balance/routes/phase0.json#/knowledge	balance/routes/phase0.json	routes	/knowledge	singleton_policy	object:/knowledge	epochseed/replaycatalog + route catalog	gate/route evaluation and route projection backend	Run End can show Founder progression deltas; no route registry surface	route-knowledge backend reaches a partial mounted result surface	cold route/curriculum tests plus separate Run End fixture	No composed route-knowledge/default-workflow witness	partial_mounted	D-007 plus Route Registry/Game UI successors
balance/routes/phase0.json#/gates/0	balance/routes/phase0.json	routes	/gates/0	object_record	gate_id:gate.t0_to_t1	epochseed/replaycatalog + route catalog	gate/route evaluation and route projection backend	mounted Game UI gate timing/facts only	T0-to-T1 gate backend is reachable and partially projected to a mounted surface	cold server first-hour plus separate Game UI fixture	No composed browser gate-crossing workflow	partial_mounted	D-007 plus Route Registry/Game UI successors
balance/routes/phase0.json#/gates/0/requirement/0	balance/routes/phase0.json	routes	/gates/0/requirement/0	object_record	resource_id:company.cash	epochseed/replaycatalog + route catalog	gate/route evaluation and route projection backend	mounted Game UI gate timing/facts only	T0-to-T1 gate backend is reachable and partially projected to a mounted surface	cold server first-hour plus separate Game UI fixture	No composed browser gate-crossing workflow	partial_mounted	D-007 plus Route Registry/Game UI successors
balance/routes/phase0.json#/gates/0/routes	balance/routes/phase0.json	routes	/gates/0/routes	empty_collection	<empty>	epochseed/replaycatalog + route catalog	gate/route evaluation and route projection backend	gate facts/timing only in mounted Game UI	explicit deploy-current empty collection	structural extractor plus family validator empty-case behavior	The collection contributes no authored relationship/effect rows; intent may be optional or missing and needs its named owner	zero_or_empty_placeholder	D-007 plus Route Registry/Game UI successors
balance/routes/phase0.json#/gates/1	balance/routes/phase0.json	routes	/gates/1	object_record	gate_id:gate.t2_to_t3	epochseed/replaycatalog + route catalog	gate/route evaluation and route projection backend	gate facts/timing only in mounted Game UI	registered row requires absent Tier-2-or-later workflow/content	route validator/projection tests only	Current T0-T1 game cannot reach this gate/route row	backend_registered_dormant	D-007 plus Route Registry/Game UI successors
balance/routes/phase0.json#/gates/1/requirement/0	balance/routes/phase0.json	routes	/gates/1/requirement/0	object_record	resource_id:company.cash	epochseed/replaycatalog + route catalog	gate/route evaluation and route projection backend	gate facts/timing only in mounted Game UI	registered row requires absent Tier-2-or-later workflow/content	route validator/projection tests only	Current T0-T1 game cannot reach this gate/route row	backend_registered_dormant	D-007 plus Route Registry/Game UI successors
balance/routes/phase0.json#/gates/1/routes	balance/routes/phase0.json	routes	/gates/1/routes	empty_collection	<empty>	epochseed/replaycatalog + route catalog	gate/route evaluation and route projection backend	gate facts/timing only in mounted Game UI	explicit deploy-current empty collection	structural extractor plus family validator empty-case behavior	The collection contributes no authored relationship/effect rows; intent may be optional or missing and needs its named owner	zero_or_empty_placeholder	D-007 plus Route Registry/Game UI successors
balance/routes/phase0.json#/gates/2	balance/routes/phase0.json	routes	/gates/2	object_record	gate_id:gate.t3_to_t4	epochseed/replaycatalog + route catalog	gate/route evaluation and route projection backend	gate facts/timing only in mounted Game UI	registered row requires absent Tier-2-or-later workflow/content	route validator/projection tests only	Current T0-T1 game cannot reach this gate/route row	backend_registered_dormant	D-007 plus Route Registry/Game UI successors
balance/routes/phase0.json#/gates/2/requirement/0	balance/routes/phase0.json	routes	/gates/2/requirement/0	object_record	resource_id:company.cash	epochseed/replaycatalog + route catalog	gate/route evaluation and route projection backend	gate facts/timing only in mounted Game UI	registered row requires absent Tier-2-or-later workflow/content	route validator/projection tests only	Current T0-T1 game cannot reach this gate/route row	backend_registered_dormant	D-007 plus Route Registry/Game UI successors
balance/routes/phase0.json#/gates/2/requirement/1	balance/routes/phase0.json	routes	/gates/2/requirement/1	object_record	resource_id:company.permits	epochseed/replaycatalog + route catalog	gate/route evaluation and route projection backend	gate facts/timing only in mounted Game UI	registered row requires absent Tier-2-or-later workflow/content	route validator/projection tests only	Current T0-T1 game cannot reach this gate/route row	backend_registered_dormant	D-007 plus Route Registry/Game UI successors
balance/routes/phase0.json#/gates/2/routes	balance/routes/phase0.json	routes	/gates/2/routes	empty_collection	<empty>	epochseed/replaycatalog + route catalog	gate/route evaluation and route projection backend	gate facts/timing only in mounted Game UI	explicit deploy-current empty collection	structural extractor plus family validator empty-case behavior	The collection contributes no authored relationship/effect rows; intent may be optional or missing and needs its named owner	zero_or_empty_placeholder	D-007 plus Route Registry/Game UI successors
balance/routes/phase0.json#/gates/3	balance/routes/phase0.json	routes	/gates/3	object_record	gate_id:gate.t4_to_t5	epochseed/replaycatalog + route catalog	gate/route evaluation and route projection backend	gate facts/timing only in mounted Game UI	registered row requires absent Tier-2-or-later workflow/content	route validator/projection tests only	Current T0-T1 game cannot reach this gate/route row	backend_registered_dormant	D-007 plus Route Registry/Game UI successors
balance/routes/phase0.json#/gates/3/requirement/0	balance/routes/phase0.json	routes	/gates/3/requirement/0	object_record	resource_id:company.cash	epochseed/replaycatalog + route catalog	gate/route evaluation and route projection backend	gate facts/timing only in mounted Game UI	registered row requires absent Tier-2-or-later workflow/content	route validator/projection tests only	Current T0-T1 game cannot reach this gate/route row	backend_registered_dormant	D-007 plus Route Registry/Game UI successors
balance/routes/phase0.json#/gates/3/routes/0	balance/routes/phase0.json	routes	/gates/3/routes/0	object_record	route_id:route.regulatory_capture	epochseed/replaycatalog + route catalog	gate/route evaluation and route projection backend	gate facts/timing only in mounted Game UI	registered row requires absent Tier-2-or-later workflow/content	route validator/projection tests only	Current T0-T1 game cannot reach this gate/route row	backend_registered_dormant	D-007 plus Route Registry/Game UI successors
balance/routes/phase0.json#/gates/3/routes/0/predicate/0	balance/routes/phase0.json	routes	/gates/3/routes/0/predicate/0	object_record	doctrine_id:doctrine.ethical	epochseed/replaycatalog + route catalog	gate/route evaluation and route projection backend	gate facts/timing only in mounted Game UI	registered row requires absent Tier-2-or-later workflow/content	route validator/projection tests only	Current T0-T1 game cannot reach this gate/route row	backend_registered_dormant	D-007 plus Route Registry/Game UI successors
balance/routes/phase0.json#/gates/3/routes/0/predicate/1	balance/routes/phase0.json	routes	/gates/3/routes/0/predicate/1	object_record	meter_id:trust.regulators.standing	epochseed/replaycatalog + route catalog	gate/route evaluation and route projection backend	gate facts/timing only in mounted Game UI	registered row requires absent Tier-2-or-later workflow/content	route validator/projection tests only	Current T0-T1 game cannot reach this gate/route row	backend_registered_dormant	D-007 plus Route Registry/Game UI successors
balance/routes/phase0.json#/gates/3/routes/0/predicate/2	balance/routes/phase0.json	routes	/gates/3/routes/0/predicate/2	object_record	meter_id:trust.regulators.grievance	epochseed/replaycatalog + route catalog	gate/route evaluation and route projection backend	gate facts/timing only in mounted Game UI	registered row requires absent Tier-2-or-later workflow/content	route validator/projection tests only	Current T0-T1 game cannot reach this gate/route row	backend_registered_dormant	D-007 plus Route Registry/Game UI successors
balance/routes/phase0.json#/gates/3/routes/0/effect	balance/routes/phase0.json	routes	/gates/3/routes/0/effect	nested_object	object:/gates/3/routes/0/effect	epochseed/replaycatalog + route catalog	gate/route evaluation and route projection backend	gate facts/timing only in mounted Game UI	registered row requires absent Tier-2-or-later workflow/content	route validator/projection tests only	Current T0-T1 game cannot reach this gate/route row	backend_registered_dormant	D-007 plus Route Registry/Game UI successors
balance/routes/phase0.json#/gates/3/routes/1	balance/routes/phase0.json	routes	/gates/3/routes/1	object_record	route_id:route.ipo_sequence_break	epochseed/replaycatalog + route catalog	gate/route evaluation and route projection backend	gate facts/timing only in mounted Game UI	registered row requires absent Tier-2-or-later workflow/content	route validator/projection tests only	Current T0-T1 game cannot reach this gate/route row	backend_registered_dormant	D-007 plus Route Registry/Game UI successors
balance/routes/phase0.json#/gates/3/routes/1/predicate/0	balance/routes/phase0.json	routes	/gates/3/routes/1/predicate/0	object_record	doctrine_id:doctrine.capture	epochseed/replaycatalog + route catalog	gate/route evaluation and route projection backend	gate facts/timing only in mounted Game UI	registered row requires absent Tier-2-or-later workflow/content	route validator/projection tests only	Current T0-T1 game cannot reach this gate/route row	backend_registered_dormant	D-007 plus Route Registry/Game UI successors
balance/routes/phase0.json#/gates/3/routes/1/predicate/1	balance/routes/phase0.json	routes	/gates/3/routes/1/predicate/1	object_record	resource_id:company.cash	epochseed/replaycatalog + route catalog	gate/route evaluation and route projection backend	gate facts/timing only in mounted Game UI	registered row requires absent Tier-2-or-later workflow/content	route validator/projection tests only	Current T0-T1 game cannot reach this gate/route row	backend_registered_dormant	D-007 plus Route Registry/Game UI successors
balance/routes/phase0.json#/gates/3/routes/1/effect	balance/routes/phase0.json	routes	/gates/3/routes/1/effect	nested_object	object:/gates/3/routes/1/effect	epochseed/replaycatalog + route catalog	gate/route evaluation and route projection backend	gate facts/timing only in mounted Game UI	registered row requires absent Tier-2-or-later workflow/content	route validator/projection tests only	Current T0-T1 game cannot reach this gate/route row	backend_registered_dormant	D-007 plus Route Registry/Game UI successors
balance/routes/phase0.json#/gates/3/routes/2	balance/routes/phase0.json	routes	/gates/3/routes/2	object_record	route_id:route.acquihire_out_of_bounds	epochseed/replaycatalog + route catalog	gate/route evaluation and route projection backend	gate facts/timing only in mounted Game UI	registered row requires absent Tier-2-or-later workflow/content	route validator/projection tests only	Current T0-T1 game cannot reach this gate/route row	backend_registered_dormant	D-007 plus Route Registry/Game UI successors
balance/routes/phase0.json#/gates/3/routes/2/predicate/0	balance/routes/phase0.json	routes	/gates/3/routes/2/predicate/0	object_record	doctrine_id:doctrine.capture	epochseed/replaycatalog + route catalog	gate/route evaluation and route projection backend	gate facts/timing only in mounted Game UI	registered row requires absent Tier-2-or-later workflow/content	route validator/projection tests only	Current T0-T1 game cannot reach this gate/route row	backend_registered_dormant	D-007 plus Route Registry/Game UI successors
balance/routes/phase0.json#/gates/3/routes/2/predicate/1	balance/routes/phase0.json	routes	/gates/3/routes/2/predicate/1	object_record	object:/gates/3/routes/2/predicate/1	epochseed/replaycatalog + route catalog	gate/route evaluation and route projection backend	gate facts/timing only in mounted Game UI	registered row requires absent Tier-2-or-later workflow/content	route validator/projection tests only	Current T0-T1 game cannot reach this gate/route row	backend_registered_dormant	D-007 plus Route Registry/Game UI successors
balance/routes/phase0.json#/gates/3/routes/2/effect	balance/routes/phase0.json	routes	/gates/3/routes/2/effect	nested_object	object:/gates/3/routes/2/effect	epochseed/replaycatalog + route catalog	gate/route evaluation and route projection backend	gate facts/timing only in mounted Game UI	registered row requires absent Tier-2-or-later workflow/content	route validator/projection tests only	Current T0-T1 game cannot reach this gate/route row	backend_registered_dormant	D-007 plus Route Registry/Game UI successors
balance/routes/phase0.json#/gates/3/routes/3	balance/routes/phase0.json	routes	/gates/3/routes/3	object_record	route_id:route.non_road_engine_clip	epochseed/replaycatalog + route catalog	gate/route evaluation and route projection backend	gate facts/timing only in mounted Game UI	registered row requires absent Tier-2-or-later workflow/content	route validator/projection tests only	Current T0-T1 game cannot reach this gate/route row	backend_registered_dormant	D-007 plus Route Registry/Game UI successors
balance/routes/phase0.json#/gates/3/routes/3/predicate/0	balance/routes/phase0.json	routes	/gates/3/routes/3/predicate/0	object_record	structure_id:structure.corporation	epochseed/replaycatalog + route catalog	gate/route evaluation and route projection backend	gate facts/timing only in mounted Game UI	registered row requires absent Tier-2-or-later workflow/content	route validator/projection tests only	Current T0-T1 game cannot reach this gate/route row	backend_registered_dormant	D-007 plus Route Registry/Game UI successors
balance/routes/phase0.json#/gates/3/routes/3/predicate/1	balance/routes/phase0.json	routes	/gates/3/routes/3/predicate/1	object_record	trait_id:trait.non_road	epochseed/replaycatalog + route catalog	gate/route evaluation and route projection backend	gate facts/timing only in mounted Game UI	registered row requires absent Tier-2-or-later workflow/content	route validator/projection tests only	Current T0-T1 game cannot reach this gate/route row	backend_registered_dormant	D-007 plus Route Registry/Game UI successors
balance/routes/phase0.json#/gates/3/routes/3/effect	balance/routes/phase0.json	routes	/gates/3/routes/3/effect	nested_object	object:/gates/3/routes/3/effect	epochseed/replaycatalog + route catalog	gate/route evaluation and route projection backend	gate facts/timing only in mounted Game UI	registered row requires absent Tier-2-or-later workflow/content	route validator/projection tests only	Current T0-T1 game cannot reach this gate/route row	backend_registered_dormant	D-007 plus Route Registry/Game UI successors
balance/routes/phase0.json#/gates/3/routes/4	balance/routes/phase0.json	routes	/gates/3/routes/4	object_record	route_id:route.nonprofit_wrapper_zip	epochseed/replaycatalog + route catalog	gate/route evaluation and route projection backend	gate facts/timing only in mounted Game UI	registered row requires absent Tier-2-or-later workflow/content	route validator/projection tests only	Current T0-T1 game cannot reach this gate/route row	backend_registered_dormant	D-007 plus Route Registry/Game UI successors
balance/routes/phase0.json#/gates/3/routes/4/predicate/0	balance/routes/phase0.json	routes	/gates/3/routes/4/predicate/0	object_record	structure_id:structure.nonprofit	epochseed/replaycatalog + route catalog	gate/route evaluation and route projection backend	gate facts/timing only in mounted Game UI	registered row requires absent Tier-2-or-later workflow/content	route validator/projection tests only	Current T0-T1 game cannot reach this gate/route row	backend_registered_dormant	D-007 plus Route Registry/Game UI successors
balance/routes/phase0.json#/gates/3/routes/4/effect	balance/routes/phase0.json	routes	/gates/3/routes/4/effect	nested_object	object:/gates/3/routes/4/effect	epochseed/replaycatalog + route catalog	gate/route evaluation and route projection backend	gate facts/timing only in mounted Game UI	registered row requires absent Tier-2-or-later workflow/content	route validator/projection tests only	Current T0-T1 game cannot reach this gate/route row	backend_registered_dormant	D-007 plus Route Registry/Game UI successors
balance/routes/phase0.json#/gates/3/routes/5	balance/routes/phase0.json	routes	/gates/3/routes/5	object_record	route_id:route.offset_warp	epochseed/replaycatalog + route catalog	gate/route evaluation and route projection backend	gate facts/timing only in mounted Game UI	registered row requires absent Tier-2-or-later workflow/content	route validator/projection tests only	Current T0-T1 game cannot reach this gate/route row	backend_registered_dormant	D-007 plus Route Registry/Game UI successors
balance/routes/phase0.json#/gates/3/routes/5/predicate/0	balance/routes/phase0.json	routes	/gates/3/routes/5/predicate/0	object_record	structure_id:structure.nonprofit	epochseed/replaycatalog + route catalog	gate/route evaluation and route projection backend	gate facts/timing only in mounted Game UI	registered row requires absent Tier-2-or-later workflow/content	route validator/projection tests only	Current T0-T1 game cannot reach this gate/route row	backend_registered_dormant	D-007 plus Route Registry/Game UI successors
balance/routes/phase0.json#/gates/3/routes/5/predicate/1	balance/routes/phase0.json	routes	/gates/3/routes/5/predicate/1	object_record	meter_id:planet.offset_coverage	epochseed/replaycatalog + route catalog	gate/route evaluation and route projection backend	gate facts/timing only in mounted Game UI	registered row requires absent Tier-2-or-later workflow/content	route validator/projection tests only	Current T0-T1 game cannot reach this gate/route row	backend_registered_dormant	D-007 plus Route Registry/Game UI successors
balance/routes/phase0.json#/gates/3/routes/5/effect	balance/routes/phase0.json	routes	/gates/3/routes/5/effect	nested_object	object:/gates/3/routes/5/effect	epochseed/replaycatalog + route catalog	gate/route evaluation and route projection backend	gate facts/timing only in mounted Game UI	registered row requires absent Tier-2-or-later workflow/content	route validator/projection tests only	Current T0-T1 game cannot reach this gate/route row	backend_registered_dormant	D-007 plus Route Registry/Game UI successors
balance/routes/phase0.json#/gates/4	balance/routes/phase0.json	routes	/gates/4	object_record	gate_id:gate.t7_to_t8	epochseed/replaycatalog + route catalog	gate/route evaluation and route projection backend	gate facts/timing only in mounted Game UI	registered row requires absent Tier-2-or-later workflow/content	route validator/projection tests only	Current T0-T1 game cannot reach this gate/route row	backend_registered_dormant	D-007 plus Route Registry/Game UI successors
balance/routes/phase0.json#/gates/4/requirement/0	balance/routes/phase0.json	routes	/gates/4/requirement/0	object_record	resource_id:company.cash	epochseed/replaycatalog + route catalog	gate/route evaluation and route projection backend	gate facts/timing only in mounted Game UI	registered row requires absent Tier-2-or-later workflow/content	route validator/projection tests only	Current T0-T1 game cannot reach this gate/route row	backend_registered_dormant	D-007 plus Route Registry/Game UI successors
balance/routes/phase0.json#/gates/4/routes/0	balance/routes/phase0.json	routes	/gates/4/routes/0	object_record	route_id:route.sovereign_ai_early_warp	epochseed/replaycatalog + route catalog	gate/route evaluation and route projection backend	gate facts/timing only in mounted Game UI	registered row requires absent Tier-2-or-later workflow/content	route validator/projection tests only	Current T0-T1 game cannot reach this gate/route row	backend_registered_dormant	D-007 plus Route Registry/Game UI successors
balance/routes/phase0.json#/gates/4/routes/0/predicate/0	balance/routes/phase0.json	routes	/gates/4/routes/0/predicate/0	object_record	structure_id:structure.corporation	epochseed/replaycatalog + route catalog	gate/route evaluation and route projection backend	gate facts/timing only in mounted Game UI	registered row requires absent Tier-2-or-later workflow/content	route validator/projection tests only	Current T0-T1 game cannot reach this gate/route row	backend_registered_dormant	D-007 plus Route Registry/Game UI successors
balance/routes/phase0.json#/gates/4/routes/0/predicate/1	balance/routes/phase0.json	routes	/gates/4/routes/0/predicate/1	object_record	trait_id:trait.sovereign_compute	epochseed/replaycatalog + route catalog	gate/route evaluation and route projection backend	gate facts/timing only in mounted Game UI	registered row requires absent Tier-2-or-later workflow/content	route validator/projection tests only	Current T0-T1 game cannot reach this gate/route row	backend_registered_dormant	D-007 plus Route Registry/Game UI successors
balance/routes/phase0.json#/gates/4/routes/0/effect	balance/routes/phase0.json	routes	/gates/4/routes/0/effect	nested_object	object:/gates/4/routes/0/effect	epochseed/replaycatalog + route catalog	gate/route evaluation and route projection backend	gate facts/timing only in mounted Game UI	registered row requires absent Tier-2-or-later workflow/content	route validator/projection tests only	Current T0-T1 game cannot reach this gate/route row	backend_registered_dormant	D-007 plus Route Registry/Game UI successors
balance/soul/first-content.json#/policy	balance/soul/first-content.json	soul	/policy	singleton_policy	object:/policy	epochseed/replaycatalog + Soul validator	Soul state/recovery coordinator	none mounted	backend policy/recovery activities active	cold authenticated Recovery lifecycle and Soul replay tests	No Soul debit content or mounted Recovery surface	backend_active	Soul ruling-author reconciliation plus Minigame/Game UI successor
balance/soul/first-content.json#/bands/0	balance/soul/first-content.json	soul	/bands/0	object_record	object:/bands/0	epochseed/replaycatalog + Soul validator	Soul state/recovery coordinator	none mounted	registered Soul row is unreachable from the default initial value because deploy-current debit_sources is empty	catalog and composed backend fixtures require seeded/non-default deficit state	No deploy-current debit can enter the band or make recovery eligible	backend_registered_dormant	Soul ruling-author reconciliation plus Minigame/Game UI successor
balance/soul/first-content.json#/bands/1	balance/soul/first-content.json	soul	/bands/1	object_record	object:/bands/1	epochseed/replaycatalog + Soul validator	Soul state/recovery coordinator	none mounted	registered Soul row is unreachable from the default initial value because deploy-current debit_sources is empty	catalog and composed backend fixtures require seeded/non-default deficit state	No deploy-current debit can enter the band or make recovery eligible	backend_registered_dormant	Soul ruling-author reconciliation plus Minigame/Game UI successor
balance/soul/first-content.json#/bands/2	balance/soul/first-content.json	soul	/bands/2	object_record	object:/bands/2	epochseed/replaycatalog + Soul validator	Soul state/recovery coordinator	none mounted	registered Soul row is unreachable from the default initial value because deploy-current debit_sources is empty	catalog and composed backend fixtures require seeded/non-default deficit state	No deploy-current debit can enter the band or make recovery eligible	backend_registered_dormant	Soul ruling-author reconciliation plus Minigame/Game UI successor
balance/soul/first-content.json#/bands/3	balance/soul/first-content.json	soul	/bands/3	object_record	object:/bands/3	epochseed/replaycatalog + Soul validator	Soul state/recovery coordinator	none mounted	backend policy/recovery activities active	cold authenticated Recovery lifecycle and Soul replay tests	No Soul debit content or mounted Recovery surface	backend_active	Soul ruling-author reconciliation plus Minigame/Game UI successor
balance/soul/first-content.json#/debit_sources	balance/soul/first-content.json	soul	/debit_sources	empty_collection	<empty>	epochseed/replaycatalog + Soul validator	Soul state/recovery coordinator	none mounted	explicit deploy-current empty collection	structural extractor plus family validator empty-case behavior	The collection contributes no authored relationship/effect rows; intent may be optional or missing and needs its named owner	zero_or_empty_placeholder	Soul ruling-author reconciliation plus Minigame/Game UI successor
balance/soul/first-content.json#/recovery_activities/0	balance/soul/first-content.json	soul	/recovery_activities/0	object_record	activity_id:defrag	epochseed/replaycatalog + Soul validator	Soul state/recovery coordinator	none mounted	registered recovery row is default-unreachable because debit_sources is empty, and its positive recovery conflicts one binding design paragraph while another paragraph conflicts back	current payload, cold seeded-deficit Recovery lifecycle, and binding-design contradiction trace	Author reconciliation is required before the positive recovery amount can be treated as coherent content	contradicted	RP-017/Soul ruling-author reconciliation before accepted content/UI successor
balance/soul/first-content.json#/recovery_activities/1	balance/soul/first-content.json	soul	/recovery_activities/1	object_record	activity_id:repot	epochseed/replaycatalog + Soul validator	Soul state/recovery coordinator	none mounted	registered recovery row is default-unreachable because debit_sources is empty, and its positive recovery conflicts one binding design paragraph while another paragraph conflicts back	current payload, cold seeded-deficit Recovery lifecycle, and binding-design contradiction trace	Author reconciliation is required before the positive recovery amount can be treated as coherent content	contradicted	RP-017/Soul ruling-author reconciliation before accepted content/UI successor
balance/soul/first-content.json#/recovery_activities/2	balance/soul/first-content.json	soul	/recovery_activities/2	object_record	activity_id:server_room	epochseed/replaycatalog + Soul validator	Soul state/recovery coordinator	none mounted	registered recovery row is default-unreachable because debit_sources is empty, and its positive recovery conflicts one binding design paragraph while another paragraph conflicts back	current payload, cold seeded-deficit Recovery lifecycle, and binding-design contradiction trace	Author reconciliation is required before the positive recovery amount can be treated as coherent content	contradicted	RP-017/Soul ruling-author reconciliation before accepted content/UI successor
balance/soul/first-content.json#/ending_policy	balance/soul/first-content.json	soul	/ending_policy	singleton_policy	object:/ending_policy	epochseed/replaycatalog + Soul validator	Soul state/recovery coordinator	none mounted	registered Soul row is unreachable from the default initial value because deploy-current debit_sources is empty	catalog and composed backend fixtures require seeded/non-default deficit state	No current terminal ending producer or consumer	backend_registered_dormant	Soul ruling-author reconciliation plus Minigame/Game UI successor
