unit_id	artifact	family	json_pointer	unit_kind	authored_identity	payload_sha256
balance/achievements/first-content.json#/achievements/0	balance/achievements/first-content.json	achievements	/achievements/0	object_record	achievement.career_attended_day	295cea8dd57d3dbcf130276346d377cc91e0b9a2853d67f3bae6185d0c9391d3
balance/achievements/first-content.json#/achievements/0/condition	balance/achievements/first-content.json	achievements	/achievements/0/condition	nested_object	object:/achievements/0/condition	d8e84f23fc5445fc24784cf6734ad9873783db014a74a8fddf819854e768f953
balance/achievements/first-content.json#/achievements/0/proof	balance/achievements/first-content.json	achievements	/achievements/0/proof	nested_object	object:/achievements/0/proof	5cef9d19a3b898eafc9325b45ad039b7f0759d88bba68e1c7dd8a7ab307ff9d6
balance/achievements/first-content.json#/achievements/0/proof/event_kinds/0	balance/achievements/first-content.json	achievements	/achievements/0/proof/event_kinds/0	primitive_edge	"founder_advanced"	7f918fffe6e6bed39dba721986a36d965fbdb60aea6e89f107b2a5795fabf5d4
balance/achievements/first-content.json#/achievements/1	balance/achievements/first-content.json	achievements	/achievements/1	object_record	achievement.career_attended_hour	21c2f7741b872f7bfd92fc8607fc8c8b5a39f9fdccf39f9ed1a8554becae7c5f
balance/achievements/first-content.json#/achievements/1/condition	balance/achievements/first-content.json	achievements	/achievements/1/condition	nested_object	object:/achievements/1/condition	0effadf9dc76ecc9806d3a92df19f6500ea738fca5a6edfe01e7cdd6d4dd6df5
balance/achievements/first-content.json#/achievements/1/proof	balance/achievements/first-content.json	achievements	/achievements/1/proof	nested_object	object:/achievements/1/proof	5cef9d19a3b898eafc9325b45ad039b7f0759d88bba68e1c7dd8a7ab307ff9d6
balance/achievements/first-content.json#/achievements/1/proof/event_kinds/0	balance/achievements/first-content.json	achievements	/achievements/1/proof/event_kinds/0	primitive_edge	"founder_advanced"	7f918fffe6e6bed39dba721986a36d965fbdb60aea6e89f107b2a5795fabf5d4
balance/achievements/first-content.json#/achievements/2	balance/achievements/first-content.json	achievements	/achievements/2	object_record	achievement.exit_count_5	f90aef2c54528a87e36fa40290c75f147c96f653d7e8b8204cf736fe09a010c2
balance/achievements/first-content.json#/achievements/2/condition	balance/achievements/first-content.json	achievements	/achievements/2/condition	nested_object	object:/achievements/2/condition	513bbf26827d1eb30007c9e3fafabdaf7c53341bcefac9ea4d5d98e800ad27fd
balance/achievements/first-content.json#/achievements/2/proof	balance/achievements/first-content.json	achievements	/achievements/2/proof	nested_object	object:/achievements/2/proof	1ae3faa2733f5fc3be3e49128d74eafb2d8773e1f78659636cdfd87b7eb29af5
balance/achievements/first-content.json#/achievements/2/proof/event_kinds/0	balance/achievements/first-content.json	achievements	/achievements/2/proof/event_kinds/0	primitive_edge	"founder_advanced"	7f918fffe6e6bed39dba721986a36d965fbdb60aea6e89f107b2a5795fabf5d4
balance/achievements/first-content.json#/achievements/2/proof/event_kinds/1	balance/achievements/first-content.json	achievements	/achievements/2/proof/event_kinds/1	primitive_edge	"run_ended"	289af8bd44789f23e5c74e64b7ad73509404727717b378a119ddea31887ac1fd
balance/achievements/first-content.json#/achievements/3	balance/achievements/first-content.json	achievements	/achievements/3	object_record	achievement.first_gate	7863d0723385787b99c9d33cf374ebd96574fed4ac4e1423632dd7017f1e8d80
balance/achievements/first-content.json#/achievements/3/condition	balance/achievements/first-content.json	achievements	/achievements/3/condition	nested_object	object:/achievements/3/condition	16d55584cbd315e48b2e2835a9b9acfa3f641dc9cb224db345cda5fd9e27fd28
balance/achievements/first-content.json#/achievements/3/proof	balance/achievements/first-content.json	achievements	/achievements/3/proof	nested_object	object:/achievements/3/proof	40cca9c4382fa88421e279c5218fe5bd6a53feaf3e2e400cada357c3301cf502
balance/achievements/first-content.json#/achievements/3/proof/event_kinds/0	balance/achievements/first-content.json	achievements	/achievements/3/proof/event_kinds/0	primitive_edge	"gate_crossed"	4f13cbb697818a362c6b705ebf9f319dc3d44291a0877954ed350b42866f119d
balance/achievements/first-content.json#/achievements/4	balance/achievements/first-content.json	achievements	/achievements/4	object_record	achievement.gate_burn_t3	23269f0be37e835a3137e27e83545a8fe34299f19c8a083590927f174fe2c581
balance/achievements/first-content.json#/achievements/4/condition	balance/achievements/first-content.json	achievements	/achievements/4/condition	nested_object	object:/achievements/4/condition	96647d87a71a0ec84836267ad41550b51e7c12da05b6d862681fd021849f6354
balance/achievements/first-content.json#/achievements/4/proof	balance/achievements/first-content.json	achievements	/achievements/4/proof	nested_object	resource_id:company.cash	7fc3f0262bac47ed72b81a67b538a1f8e9d2f2879921525c33de33eefd0ba0c4
balance/achievements/first-content.json#/achievements/5	balance/achievements/first-content.json	achievements	/achievements/5	object_record	achievement.generators_owned_100	f8b40458eea20816f84c20244644dc441eca892bb883a7f493b071ae4cc1fc05
balance/achievements/first-content.json#/achievements/5/condition	balance/achievements/first-content.json	achievements	/achievements/5/condition	nested_object	generator_id:generator.beige_tower	7d7855bdbf3fa1c13ccc595cd50a4cd931bfb09259b65b110357480a937344ef
balance/achievements/first-content.json#/achievements/5/proof	balance/achievements/first-content.json	achievements	/achievements/5/proof	nested_object	object:/achievements/5/proof	316babd7fd67172798ae0ad5594fa515173a8a6780755dbad74d786f2e6e09ce
balance/achievements/first-content.json#/achievements/6	balance/achievements/first-content.json	achievements	/achievements/6	object_record	achievement.generators_owned_300	a28e53da4d7c6ae88899eb1ed1dddc1dfa22cc91809af476b0961f72ef71a93a
balance/achievements/first-content.json#/achievements/6/condition	balance/achievements/first-content.json	achievements	/achievements/6/condition	nested_object	generator_id:generator.beige_tower	f6d7ae1093401d320ec0cd38fb190ff2e4966a96cc29443855dc2e26f7786158
balance/achievements/first-content.json#/achievements/6/proof	balance/achievements/first-content.json	achievements	/achievements/6/proof	nested_object	object:/achievements/6/proof	316babd7fd67172798ae0ad5594fa515173a8a6780755dbad74d786f2e6e09ce
balance/achievements/first-content.json#/achievements/7	balance/achievements/first-content.json	achievements	/achievements/7	object_record	achievement.generators_purchased_1	c634d721237baf23a84eba5fc94bfac7e53f8a79591dde59c67f431b2165173a
balance/achievements/first-content.json#/achievements/7/condition	balance/achievements/first-content.json	achievements	/achievements/7/condition	nested_object	object:/achievements/7/condition	2bd6e58561350fc5d3c94ec480d851ed5b3309ac931501ab6d515622d444f9b5
balance/achievements/first-content.json#/achievements/7/proof	balance/achievements/first-content.json	achievements	/achievements/7/proof	nested_object	object:/achievements/7/proof	9dda33e1bf4670e31b6b19e8780feb69ac677c98ed2fc51021c5a26e4398061c
balance/achievements/first-content.json#/achievements/7/proof/event_kinds/0	balance/achievements/first-content.json	achievements	/achievements/7/proof/event_kinds/0	primitive_edge	"generator_purchased"	a4cdc2631442b940c4b5320341a2cdad69b320a5ca20ddf96861dece0b7bb80e
balance/achievements/first-content.json#/achievements/8	balance/achievements/first-content.json	achievements	/achievements/8	object_record	achievement.generators_purchased_25	195dc364b74b5588a3876972fe467381f04e42982f3031e87a81b86a194cd01d
balance/achievements/first-content.json#/achievements/8/condition	balance/achievements/first-content.json	achievements	/achievements/8/condition	nested_object	object:/achievements/8/condition	7c4379f3b8ca906925fafe5f5da75a03f86b00817768d588969247ea0940a5c5
balance/achievements/first-content.json#/achievements/8/proof	balance/achievements/first-content.json	achievements	/achievements/8/proof	nested_object	object:/achievements/8/proof	9dda33e1bf4670e31b6b19e8780feb69ac677c98ed2fc51021c5a26e4398061c
balance/achievements/first-content.json#/achievements/8/proof/event_kinds/0	balance/achievements/first-content.json	achievements	/achievements/8/proof/event_kinds/0	primitive_edge	"generator_purchased"	a4cdc2631442b940c4b5320341a2cdad69b320a5ca20ddf96861dece0b7bb80e
balance/achievements/first-content.json#/achievements/9	balance/achievements/first-content.json	achievements	/achievements/9	object_record	achievement.generators_purchased_25_tier_3	7e052a7d1cd5eb4c39eb894a42962bb7173ff093ce01fd091593c9930ee09b37
balance/achievements/first-content.json#/achievements/9/condition	balance/achievements/first-content.json	achievements	/achievements/9/condition	nested_object	object:/achievements/9/condition	a9e288832ad0924a16c85d757a41d69a31f7bc749b8cd60051bfed691d6066ea
balance/achievements/first-content.json#/achievements/9/condition/conditions/0	balance/achievements/first-content.json	achievements	/achievements/9/condition/conditions/0	object_record	object:/achievements/9/condition/conditions/0	7c4379f3b8ca906925fafe5f5da75a03f86b00817768d588969247ea0940a5c5
balance/achievements/first-content.json#/achievements/9/condition/conditions/1	balance/achievements/first-content.json	achievements	/achievements/9/condition/conditions/1	object_record	object:/achievements/9/condition/conditions/1	96647d87a71a0ec84836267ad41550b51e7c12da05b6d862681fd021849f6354
balance/achievements/first-content.json#/achievements/9/proof	balance/achievements/first-content.json	achievements	/achievements/9/proof	nested_object	object:/achievements/9/proof	7f2b1f6703eecbf0bf59bedc383b7b4a208a230e8d6e1b00b8ea3dd5b71bae3b
balance/achievements/first-content.json#/achievements/9/proof/event_kinds/0	balance/achievements/first-content.json	achievements	/achievements/9/proof/event_kinds/0	primitive_edge	"gate_crossed"	4f13cbb697818a362c6b705ebf9f319dc3d44291a0877954ed350b42866f119d
balance/achievements/first-content.json#/achievements/9/proof/event_kinds/1	balance/achievements/first-content.json	achievements	/achievements/9/proof/event_kinds/1	primitive_edge	"generator_purchased"	a4cdc2631442b940c4b5320341a2cdad69b320a5ca20ddf96861dece0b7bb80e
balance/achievements/first-content.json#/achievements/10	balance/achievements/first-content.json	achievements	/achievements/10	object_record	achievement.old_hand	7643ac7f7a5eb2f2df08260a2c9717a2e6190df77a6b0a5e332b53d7ced88d0e
balance/achievements/first-content.json#/achievements/10/condition	balance/achievements/first-content.json	achievements	/achievements/10/condition	nested_object	object:/achievements/10/condition	1c57a80be4abfaa1afb4c479de026e93a91751d0b7fba49232e44595db3296d3
balance/achievements/first-content.json#/achievements/10/proof	balance/achievements/first-content.json	achievements	/achievements/10/proof	nested_object	object:/achievements/10/proof	1ae3faa2733f5fc3be3e49128d74eafb2d8773e1f78659636cdfd87b7eb29af5
balance/achievements/first-content.json#/achievements/10/proof/event_kinds/0	balance/achievements/first-content.json	achievements	/achievements/10/proof/event_kinds/0	primitive_edge	"founder_advanced"	7f918fffe6e6bed39dba721986a36d965fbdb60aea6e89f107b2a5795fabf5d4
balance/achievements/first-content.json#/achievements/10/proof/event_kinds/1	balance/achievements/first-content.json	achievements	/achievements/10/proof/event_kinds/1	primitive_edge	"run_ended"	289af8bd44789f23e5c74e64b7ad73509404727717b378a119ddea31887ac1fd
balance/achievements/first-content.json#/achievements/11	balance/achievements/first-content.json	achievements	/achievements/11	object_record	achievement.tier_5	fdb087eaa7ff611bd7b1d9f45af48f314814b9a2b77e351c19ea226a96d9bfaa
balance/achievements/first-content.json#/achievements/11/condition	balance/achievements/first-content.json	achievements	/achievements/11/condition	nested_object	object:/achievements/11/condition	fdcd0fba98f26c571a16c425c9b1d8a63118b816fc90a4d24f68fc890129da07
balance/achievements/first-content.json#/achievements/11/proof	balance/achievements/first-content.json	achievements	/achievements/11/proof	nested_object	object:/achievements/11/proof	40cca9c4382fa88421e279c5218fe5bd6a53feaf3e2e400cada357c3301cf502
balance/achievements/first-content.json#/achievements/11/proof/event_kinds/0	balance/achievements/first-content.json	achievements	/achievements/11/proof/event_kinds/0	primitive_edge	"gate_crossed"	4f13cbb697818a362c6b705ebf9f319dc3d44291a0877954ed350b42866f119d
balance/catalogs/phase0.json#/resources/0	balance/catalogs/phase0.json	economy	/resources/0	object_record	company.cash	d3417624b7a6b1fc1eb5b5ac30432ac56dccb3686710e651513963648d557cc0
balance/catalogs/phase0.json#/resources/0/hardcap	balance/catalogs/phase0.json	economy	/resources/0/hardcap	nested_object	object:/resources/0/hardcap	cdda68e210aac2ea2770f71876f42f9348ff1c6fc8caadd5f2224af72bf7b5b7
balance/catalogs/phase0.json#/resources/1	balance/catalogs/phase0.json	economy	/resources/1	object_record	company.permits	ec2e12e50f89f1677ad7e0cc736646f52b0a3cf57d138c847022bef2ab0c8b8d
balance/catalogs/phase0.json#/resources/1/hardcap	balance/catalogs/phase0.json	economy	/resources/1/hardcap	nested_object	object:/resources/1/hardcap	bca7bf9cea6027d4b6503b00e02010ed4be41cbc205dee20c7b0f489492c0d69
balance/catalogs/phase0.json#/generator_classes/0	balance/catalogs/phase0.json	economy	/generator_classes/0	object_record	generator.beige_tower	6e688eb8578b2396f4feeec899e37c56eed0e92f08c91e7309ca84ed7e490b31
balance/catalogs/phase0.json#/generator_classes/0/price	balance/catalogs/phase0.json	economy	/generator_classes/0/price	nested_object	resource_id:company.cash	b45e500a9d872e1681eb98d8bec410665e3651c4a1b28297e973da790954d10f
balance/catalogs/phase0.json#/generator_classes/0/price/curve	balance/catalogs/phase0.json	economy	/generator_classes/0/price/curve	nested_object	object:/generator_classes/0/price/curve	7dc56473870dba18d423f9b45f661dfd9d5452631e84a4bb2b17bed2cfc378fb
balance/catalogs/phase0.json#/generator_classes/0/production	balance/catalogs/phase0.json	economy	/generator_classes/0/production	nested_object	resource_id:company.cash	55941b9c99c10bf9f56d4d8a2c375dc8153b406e8f158b4a712d9ed790fdd66e
balance/catalogs/phase0.json#/generator_classes/0/provisioned_hardcap	balance/catalogs/phase0.json	economy	/generator_classes/0/provisioned_hardcap	nested_object	object:/generator_classes/0/provisioned_hardcap	6b8c7a6d8aaf651c3d5e206ffbb4dc5941846f1932a8611effe49bd5f54fa9f6
balance/catalogs/phase0.json#/generator_classes/0/ladder/0	balance/catalogs/phase0.json	economy	/generator_classes/0/ladder/0	object_record	object:/generator_classes/0/ladder/0	ddabdc1bbc5abcb1c8f9498b8902880e92293988a724b03c873d6c47c82c6006
balance/catalogs/phase0.json#/generator_classes/0/ladder/1	balance/catalogs/phase0.json	economy	/generator_classes/0/ladder/1	object_record	object:/generator_classes/0/ladder/1	81e4ae5d6307d8acc5679da95807af3082d4cf3f7d80746c593a2de242462a16
balance/catalogs/phase0.json#/generator_classes/0/ladder/2	balance/catalogs/phase0.json	economy	/generator_classes/0/ladder/2	object_record	object:/generator_classes/0/ladder/2	825947c2df262ca2a65fab29268b300095f786afed097be4dcd5f98a8772053a
balance/catalogs/phase0.json#/generator_classes/0/roles/0	balance/catalogs/phase0.json	economy	/generator_classes/0/roles/0	object_record	pool_id:pool.operational_excellence	51870d43441d88d41b8e0c0d9123bc796517036dd94632dc5712232c8b7b177e
balance/catalogs/phase0.json#/generator_classes/0/roles/1	balance/catalogs/phase0.json	economy	/generator_classes/0/roles/1	object_record	action_id:manual.click	5a2f31173c5e8120bb8a49d274ff4dbe4ee1d759db4c82a56d74d9ea7283ea83
balance/catalogs/phase0.json#/generator_classes/0/roles/2	balance/catalogs/phase0.json	economy	/generator_classes/0/roles/2	object_record	object:/generator_classes/0/roles/2	41bf0181443526d2347a622245b1b877922f0304d6a83c52674e812c497673b5
balance/catalogs/phase0.json#/generator_classes/1	balance/catalogs/phase0.json	economy	/generator_classes/1	object_record	generator.dot_matrix_queue	4aff36f7d5a9195da3531bdd88d94762696ff1c14594603709a0fb4d4d36e7fb
balance/catalogs/phase0.json#/generator_classes/1/price	balance/catalogs/phase0.json	economy	/generator_classes/1/price	nested_object	resource_id:company.cash	884fabe217f988547ff6c8552c58468e6bb88df507386a587c2985d538ee814e
balance/catalogs/phase0.json#/generator_classes/1/price/curve	balance/catalogs/phase0.json	economy	/generator_classes/1/price/curve	nested_object	object:/generator_classes/1/price/curve	8eee231242594eb197a765e505bb121f49257f9af8371ac3791ea6ea38895a55
balance/catalogs/phase0.json#/generator_classes/1/production	balance/catalogs/phase0.json	economy	/generator_classes/1/production	nested_object	resource_id:company.cash	5153327c75769fe247433c4eb760c0a526782989b3cc8bed6aae43c4c734a3b4
balance/catalogs/phase0.json#/generator_classes/1/ladder/0	balance/catalogs/phase0.json	economy	/generator_classes/1/ladder/0	object_record	object:/generator_classes/1/ladder/0	241368c4804d906d61a7a6d329970fa37299c09d6f34126b37331bf538d66c2e
balance/catalogs/phase0.json#/generator_classes/1/ladder/1	balance/catalogs/phase0.json	economy	/generator_classes/1/ladder/1	object_record	object:/generator_classes/1/ladder/1	81e4ae5d6307d8acc5679da95807af3082d4cf3f7d80746c593a2de242462a16
balance/catalogs/phase0.json#/generator_classes/1/ladder/2	balance/catalogs/phase0.json	economy	/generator_classes/1/ladder/2	object_record	object:/generator_classes/1/ladder/2	825947c2df262ca2a65fab29268b300095f786afed097be4dcd5f98a8772053a
balance/catalogs/phase0.json#/generator_classes/1/roles/0	balance/catalogs/phase0.json	economy	/generator_classes/1/roles/0	object_record	pool_id:pool.operational_excellence	51870d43441d88d41b8e0c0d9123bc796517036dd94632dc5712232c8b7b177e
balance/catalogs/phase0.json#/generator_classes/2	balance/catalogs/phase0.json	economy	/generator_classes/2	object_record	generator.answering_machine	a41ab387b2173d325513b4b904c9c522cafad10b2fadf10d67a5fd2202c4861b
balance/catalogs/phase0.json#/generator_classes/2/price	balance/catalogs/phase0.json	economy	/generator_classes/2/price	nested_object	resource_id:company.cash	fe53c7ffe9c7b4ba6a7db65c141c6e467dca4702ffffa5491066b6a178ad51d6
balance/catalogs/phase0.json#/generator_classes/2/price/curve	balance/catalogs/phase0.json	economy	/generator_classes/2/price/curve	nested_object	object:/generator_classes/2/price/curve	7c8ed1550fd373f097dc9576d2103fb0c902e9eb9d727120e823a985732f0545
balance/catalogs/phase0.json#/generator_classes/2/production	balance/catalogs/phase0.json	economy	/generator_classes/2/production	nested_object	resource_id:company.cash	75fe411176d7455230acde2a5fa16960d60bbe05d6965fd2bc9f67c354129d25
balance/catalogs/phase0.json#/generator_classes/2/ladder/0	balance/catalogs/phase0.json	economy	/generator_classes/2/ladder/0	object_record	object:/generator_classes/2/ladder/0	ddabdc1bbc5abcb1c8f9498b8902880e92293988a724b03c873d6c47c82c6006
balance/catalogs/phase0.json#/generator_classes/2/ladder/1	balance/catalogs/phase0.json	economy	/generator_classes/2/ladder/1	object_record	object:/generator_classes/2/ladder/1	a93396881f94b20f6258fc4cd2600bc5db9613d24ca2b0d2432015bfe1153d50
balance/catalogs/phase0.json#/generator_classes/2/ladder/2	balance/catalogs/phase0.json	economy	/generator_classes/2/ladder/2	object_record	object:/generator_classes/2/ladder/2	825947c2df262ca2a65fab29268b300095f786afed097be4dcd5f98a8772053a
balance/catalogs/phase0.json#/generator_classes/2/roles/0	balance/catalogs/phase0.json	economy	/generator_classes/2/roles/0	object_record	action_id:manual.click	bd548b3b57f1fe6208ad577b753e5599226807a79ac9af114f08ef7d2de477be
balance/catalogs/phase0.json#/generator_classes/3	balance/catalogs/phase0.json	economy	/generator_classes/3	object_record	generator.nephew_intern	24c2c71c36367b3f2c4fc1fba01db21fce554645383a8199dd5d78f50355245c
balance/catalogs/phase0.json#/generator_classes/3/price	balance/catalogs/phase0.json	economy	/generator_classes/3/price	nested_object	resource_id:company.cash	5f1f1963d1a5d3b367dab64a4f00d64343193e24e710d2df4bb1bcac57a1b090
balance/catalogs/phase0.json#/generator_classes/3/price/curve	balance/catalogs/phase0.json	economy	/generator_classes/3/price/curve	nested_object	object:/generator_classes/3/price/curve	143ddbf1e8485c6de8eedb98bcd37990a1567470c3de5e2ae3dcbaf99e25c1e4
balance/catalogs/phase0.json#/generator_classes/3/production	balance/catalogs/phase0.json	economy	/generator_classes/3/production	nested_object	resource_id:company.cash	69b98d6d8be805a9e59031a0597ee84bf6d91bf7702dd6d38fb8745ee30ac99f
balance/catalogs/phase0.json#/generator_classes/3/ladder/0	balance/catalogs/phase0.json	economy	/generator_classes/3/ladder/0	object_record	object:/generator_classes/3/ladder/0	229265f97d7d895a73a1737274ccf0249d1fb730f874a3afa2a5a40e26bba01b
balance/catalogs/phase0.json#/generator_classes/3/ladder/1	balance/catalogs/phase0.json	economy	/generator_classes/3/ladder/1	object_record	object:/generator_classes/3/ladder/1	376e1ab989aa12a0e8474d75e43ca116d70da73b9416b786e5b2a227df1e4c3b
balance/catalogs/phase0.json#/generator_classes/3/ladder/2	balance/catalogs/phase0.json	economy	/generator_classes/3/ladder/2	object_record	object:/generator_classes/3/ladder/2	825947c2df262ca2a65fab29268b300095f786afed097be4dcd5f98a8772053a
balance/catalogs/phase0.json#/generator_classes/3/roles/0	balance/catalogs/phase0.json	economy	/generator_classes/3/roles/0	object_record	object:/generator_classes/3/roles/0	3f3590d7a217246caaffcf17f32c00cffc5799187db9f53243d3e99b52faffb7
balance/catalogs/phase0.json#/generator_classes/4	balance/catalogs/phase0.json	economy	/generator_classes/4	object_record	generator.garage_rack	e699d5eaa47d52c9325163c0c62efe0ae2d7235fccf87d9d7ae78d861a1d2801
balance/catalogs/phase0.json#/generator_classes/4/price	balance/catalogs/phase0.json	economy	/generator_classes/4/price	nested_object	resource_id:company.cash	ea413438d690068d0214a202af7d2b9b4bb1ec25c51de5a4914de90141e30abb
balance/catalogs/phase0.json#/generator_classes/4/price/curve	balance/catalogs/phase0.json	economy	/generator_classes/4/price/curve	nested_object	object:/generator_classes/4/price/curve	7dc56473870dba18d423f9b45f661dfd9d5452631e84a4bb2b17bed2cfc378fb
balance/catalogs/phase0.json#/generator_classes/4/production	balance/catalogs/phase0.json	economy	/generator_classes/4/production	nested_object	resource_id:company.cash	d4b2cd270e9a9ee1ff1093b19a97930ceea7501bcd64273b9f7ee9762f8c1972
balance/catalogs/phase0.json#/generator_classes/4/ladder/0	balance/catalogs/phase0.json	economy	/generator_classes/4/ladder/0	object_record	object:/generator_classes/4/ladder/0	ddabdc1bbc5abcb1c8f9498b8902880e92293988a724b03c873d6c47c82c6006
balance/catalogs/phase0.json#/generator_classes/4/ladder/1	balance/catalogs/phase0.json	economy	/generator_classes/4/ladder/1	object_record	object:/generator_classes/4/ladder/1	81e4ae5d6307d8acc5679da95807af3082d4cf3f7d80746c593a2de242462a16
balance/catalogs/phase0.json#/generator_classes/4/ladder/2	balance/catalogs/phase0.json	economy	/generator_classes/4/ladder/2	object_record	object:/generator_classes/4/ladder/2	825947c2df262ca2a65fab29268b300095f786afed097be4dcd5f98a8772053a
balance/catalogs/phase0.json#/generator_classes/4/roles/0	balance/catalogs/phase0.json	economy	/generator_classes/4/roles/0	object_record	pool_id:pool.institutional_knowledge	66c0f85c6bd78a5d51fce43ea3f64d0eedd66212d008426e51583f503dede30b
balance/catalogs/phase0.json#/generator_classes/5	balance/catalogs/phase0.json	economy	/generator_classes/5	object_record	generator.crt_wall	580c7ab7044b3a9d11a366703e05bd529961cd1e907e26f26a0a9755132fcaf9
balance/catalogs/phase0.json#/generator_classes/5/price	balance/catalogs/phase0.json	economy	/generator_classes/5/price	nested_object	resource_id:company.cash	9eae0649fa693ec5c8806bbafceea921061b44b2033477c4bd9142e0d51df47a
balance/catalogs/phase0.json#/generator_classes/5/price/curve	balance/catalogs/phase0.json	economy	/generator_classes/5/price/curve	nested_object	object:/generator_classes/5/price/curve	8eee231242594eb197a765e505bb121f49257f9af8371ac3791ea6ea38895a55
balance/catalogs/phase0.json#/generator_classes/5/production	balance/catalogs/phase0.json	economy	/generator_classes/5/production	nested_object	resource_id:company.cash	4b09139389b47200180fe15682cc394b02d779bcf0460a3fb72885fbbbe37415
balance/catalogs/phase0.json#/generator_classes/5/ladder/0	balance/catalogs/phase0.json	economy	/generator_classes/5/ladder/0	object_record	object:/generator_classes/5/ladder/0	241368c4804d906d61a7a6d329970fa37299c09d6f34126b37331bf538d66c2e
balance/catalogs/phase0.json#/generator_classes/5/ladder/1	balance/catalogs/phase0.json	economy	/generator_classes/5/ladder/1	object_record	object:/generator_classes/5/ladder/1	81e4ae5d6307d8acc5679da95807af3082d4cf3f7d80746c593a2de242462a16
balance/catalogs/phase0.json#/generator_classes/5/ladder/2	balance/catalogs/phase0.json	economy	/generator_classes/5/ladder/2	object_record	object:/generator_classes/5/ladder/2	825947c2df262ca2a65fab29268b300095f786afed097be4dcd5f98a8772053a
balance/catalogs/phase0.json#/generator_classes/5/roles/0	balance/catalogs/phase0.json	economy	/generator_classes/5/roles/0	object_record	pool_id:pool.institutional_knowledge	66c0f85c6bd78a5d51fce43ea3f64d0eedd66212d008426e51583f503dede30b
balance/catalogs/phase0.json#/generator_classes/6	balance/catalogs/phase0.json	economy	/generator_classes/6	object_record	generator.first_hire	ba6c388387da1bd7779cd2b6fbc6ed950fa520c3276a92611cf1ff7f132366d5
balance/catalogs/phase0.json#/generator_classes/6/price	balance/catalogs/phase0.json	economy	/generator_classes/6/price	nested_object	resource_id:company.cash	0b4ae63f96f11b252d0218cef78b5c98fdea789a9ee07feb2e926356f3b6bc8a
balance/catalogs/phase0.json#/generator_classes/6/price/curve	balance/catalogs/phase0.json	economy	/generator_classes/6/price/curve	nested_object	object:/generator_classes/6/price/curve	7c8ed1550fd373f097dc9576d2103fb0c902e9eb9d727120e823a985732f0545
balance/catalogs/phase0.json#/generator_classes/6/production	balance/catalogs/phase0.json	economy	/generator_classes/6/production	nested_object	resource_id:company.cash	f13a6682330ce2895d17406fa765784eb0053f6fa37e3bb21cdeb6c26f057860
balance/catalogs/phase0.json#/generator_classes/6/ladder/0	balance/catalogs/phase0.json	economy	/generator_classes/6/ladder/0	object_record	object:/generator_classes/6/ladder/0	ddabdc1bbc5abcb1c8f9498b8902880e92293988a724b03c873d6c47c82c6006
balance/catalogs/phase0.json#/generator_classes/6/ladder/1	balance/catalogs/phase0.json	economy	/generator_classes/6/ladder/1	object_record	object:/generator_classes/6/ladder/1	a93396881f94b20f6258fc4cd2600bc5db9613d24ca2b0d2432015bfe1153d50
balance/catalogs/phase0.json#/generator_classes/6/ladder/2	balance/catalogs/phase0.json	economy	/generator_classes/6/ladder/2	object_record	object:/generator_classes/6/ladder/2	825947c2df262ca2a65fab29268b300095f786afed097be4dcd5f98a8772053a
balance/catalogs/phase0.json#/generator_classes/6/roles/0	balance/catalogs/phase0.json	economy	/generator_classes/6/roles/0	object_record	action_id:manual.click	9e277f3c56c5de782bb7665399c80a00c057c0d49b6884ae0bd787e3e0e66cdf
balance/catalogs/phase0.json#/generator_classes/7	balance/catalogs/phase0.json	economy	/generator_classes/7	object_record	generator.beige_tower_v2	d95a6b498f0f4590cd732f785a4027c19bef0e5a5e3a579b78a685bd71486dba
balance/catalogs/phase0.json#/generator_classes/7/price	balance/catalogs/phase0.json	economy	/generator_classes/7/price	nested_object	resource_id:company.cash	b10c81f30312cf03523fd09a37e4609165c9ae86bdcc7cdf0cde31f2ac2bee96
balance/catalogs/phase0.json#/generator_classes/7/price/curve	balance/catalogs/phase0.json	economy	/generator_classes/7/price/curve	nested_object	object:/generator_classes/7/price/curve	143ddbf1e8485c6de8eedb98bcd37990a1567470c3de5e2ae3dcbaf99e25c1e4
balance/catalogs/phase0.json#/generator_classes/7/production	balance/catalogs/phase0.json	economy	/generator_classes/7/production	nested_object	resource_id:company.cash	9ed30e9d59b2d44759735cc3a3cf50e1175b7dd1bb4d1a636485ff5801b63beb
balance/catalogs/phase0.json#/generator_classes/7/provisions	balance/catalogs/phase0.json	economy	/generator_classes/7/provisions	nested_object	generator_id:generator.beige_tower	aec7db0370923af54b71ff8372e1549d30bf6cd639c7545ddc7c2c6d6339dbd7
balance/catalogs/phase0.json#/generator_classes/7/ladder/0	balance/catalogs/phase0.json	economy	/generator_classes/7/ladder/0	object_record	object:/generator_classes/7/ladder/0	229265f97d7d895a73a1737274ccf0249d1fb730f874a3afa2a5a40e26bba01b
balance/catalogs/phase0.json#/generator_classes/7/ladder/1	balance/catalogs/phase0.json	economy	/generator_classes/7/ladder/1	object_record	object:/generator_classes/7/ladder/1	376e1ab989aa12a0e8474d75e43ca116d70da73b9416b786e5b2a227df1e4c3b
balance/catalogs/phase0.json#/generator_classes/7/ladder/2	balance/catalogs/phase0.json	economy	/generator_classes/7/ladder/2	object_record	object:/generator_classes/7/ladder/2	825947c2df262ca2a65fab29268b300095f786afed097be4dcd5f98a8772053a
balance/catalogs/phase0.json#/generator_classes/7/roles/0	balance/catalogs/phase0.json	economy	/generator_classes/7/roles/0	object_record	generator_id:generator.beige_tower	628b547537e2509803cd7eca1532b77646b6daae2d856c57c67b3f66f4a85faa
balance/catalogs/phase0.json#/generator_classes/8	balance/catalogs/phase0.json	economy	/generator_classes/8	object_record	generator.legal_dept	30be26c39c51af119f59b5d6c7b059b66c4da5736b73b85ee487123a41b4c5d4
balance/catalogs/phase0.json#/generator_classes/8/price	balance/catalogs/phase0.json	economy	/generator_classes/8/price	nested_object	resource_id:company.cash	1452b928064b5e12eab83a69a80c44cddc6936ecf59e6a58d735597d1a40a7b3
balance/catalogs/phase0.json#/generator_classes/8/price/curve	balance/catalogs/phase0.json	economy	/generator_classes/8/price/curve	nested_object	object:/generator_classes/8/price/curve	037332fd999282c86609fc3e2030575fa348654faa59560cc6a41ecfd1c2716d
balance/catalogs/phase0.json#/generator_classes/8/production	balance/catalogs/phase0.json	economy	/generator_classes/8/production	nested_object	resource_id:company.permits	6493eba681a87b496d87e0081bc081a18a561bb08ed8acb8384b69037ad06c3a
balance/catalogs/phase0.json#/generator_classes/8/ladder	balance/catalogs/phase0.json	economy	/generator_classes/8/ladder	empty_collection	<empty>	4f53cda18c2baa0c0354bb5f9a3ecbe5ed12ab4d8e11ba873c2f11161202b945
balance/catalogs/phase0.json#/generator_classes/8/roles/0	balance/catalogs/phase0.json	economy	/generator_classes/8/roles/0	object_record	pool_id:pool.institutional_knowledge	66c0f85c6bd78a5d51fce43ea3f64d0eedd66212d008426e51583f503dede30b
balance/catalogs/phase0.json#/upgrades/0	balance/catalogs/phase0.json	economy	/upgrades/0	object_record	upgrade.reply_all_macro	21cc6c08ed3ec9eab4ee20bc2350027a4c5e10e1b2fbbc9f13d4dd0298dfbe2a
balance/catalogs/phase0.json#/upgrades/0/cost	balance/catalogs/phase0.json	economy	/upgrades/0/cost	nested_object	object:/upgrades/0/cost	3e0f2469a586cc16fa521c373d7e89d8bc6411c05e96af6b6eee707ced328e14
balance/catalogs/phase0.json#/upgrades/0/window	balance/catalogs/phase0.json	economy	/upgrades/0/window	nested_object	object:/upgrades/0/window	f3320194a78490754bb9297b6859fc2735fad0ac025ac33bdfd3d41beb85965d
balance/catalogs/phase0.json#/upgrades/0/requires/0	balance/catalogs/phase0.json	economy	/upgrades/0/requires/0	object_record	resource_id:company.cash	47c47c88766ecdbf40bd3fc5fdebeb153abccf66e1a37cc3f9d2e3216060932f
balance/catalogs/phase0.json#/upgrades/0/effects/0	balance/catalogs/phase0.json	economy	/upgrades/0/effects/0	object_record	source_id:upgrade.reply_all_macro.factor	9b9b8f45e5cd2b6b34b804fa7106297e7cfca63c8570f74322fed92fec21f758
balance/catalogs/phase0.json#/upgrades/0/roles/0	balance/catalogs/phase0.json	economy	/upgrades/0/roles/0	primitive_edge	"synergy_feed"	13d083a2c5d1b00bbab4ef250ee71b790964a32eb4b7e636d620515a8f9b73c0
balance/catalogs/phase0.json#/upgrades/1	balance/catalogs/phase0.json	economy	/upgrades/1	object_record	upgrade.beige_tower_cache	7999b221ff61e8a6491b3eeb11f0a94d2d30f1fedd0daedee6194eb32703c1f7
balance/catalogs/phase0.json#/upgrades/1/cost	balance/catalogs/phase0.json	economy	/upgrades/1/cost	nested_object	object:/upgrades/1/cost	acd60e87e554dfcea24922e9a9557f8c940fc8cfa1f198cca4407d0b675eaee9
balance/catalogs/phase0.json#/upgrades/1/window	balance/catalogs/phase0.json	economy	/upgrades/1/window	nested_object	object:/upgrades/1/window	f3320194a78490754bb9297b6859fc2735fad0ac025ac33bdfd3d41beb85965d
balance/catalogs/phase0.json#/upgrades/1/requires/0	balance/catalogs/phase0.json	economy	/upgrades/1/requires/0	object_record	resource_id:company.cash	11d9b05a4f3f98970e449da9cbec4248705cf61e130567b5108b7b9fd1afb98e
balance/catalogs/phase0.json#/upgrades/1/effects/0	balance/catalogs/phase0.json	economy	/upgrades/1/effects/0	object_record	source_id:upgrade.beige_tower_cache.factor	a6615ccb653aea7ed87563e8a6adc60d49b85f4e3d34236a52308b5beaa47a57
balance/catalogs/phase0.json#/upgrades/1/roles/0	balance/catalogs/phase0.json	economy	/upgrades/1/roles/0	primitive_edge	"synergy_feed"	13d083a2c5d1b00bbab4ef250ee71b790964a32eb4b7e636d620515a8f9b73c0
balance/catalogs/phase0.json#/upgrades/2	balance/catalogs/phase0.json	economy	/upgrades/2	object_record	upgrade.continuous_feed_paper	68d4de6740e8288ffc48d951d6d2cbd9c7516a17302fc16c531efc98df8160d1
balance/catalogs/phase0.json#/upgrades/2/cost	balance/catalogs/phase0.json	economy	/upgrades/2/cost	nested_object	object:/upgrades/2/cost	95f7dc874c41b933725e344695f8b1c088fe269d0c0e338239223f25e2cc9e1a
balance/catalogs/phase0.json#/upgrades/2/window	balance/catalogs/phase0.json	economy	/upgrades/2/window	nested_object	object:/upgrades/2/window	f3320194a78490754bb9297b6859fc2735fad0ac025ac33bdfd3d41beb85965d
balance/catalogs/phase0.json#/upgrades/2/requires/0	balance/catalogs/phase0.json	economy	/upgrades/2/requires/0	object_record	resource_id:company.cash	e096295cc97f5fca2adef224c9000bacc2421d0bc0d9a8128f7ea0651e147d66
balance/catalogs/phase0.json#/upgrades/2/effects/0	balance/catalogs/phase0.json	economy	/upgrades/2/effects/0	object_record	source_id:upgrade.continuous_feed_paper.factor	67cae2571a296aac04a2c083c0ccfd2df42b1065fc419addd23b390221dcd42b
balance/catalogs/phase0.json#/upgrades/2/roles/0	balance/catalogs/phase0.json	economy	/upgrades/2/roles/0	primitive_edge	"synergy_feed"	13d083a2c5d1b00bbab4ef250ee71b790964a32eb4b7e636d620515a8f9b73c0
balance/catalogs/phase0.json#/upgrades/3	balance/catalogs/phase0.json	economy	/upgrades/3	object_record	upgrade.hold_music_license	1dab7ce61ef5dea50989228ce7f5b7a5845203457d65b1284a81e606588d5427
balance/catalogs/phase0.json#/upgrades/3/cost	balance/catalogs/phase0.json	economy	/upgrades/3/cost	nested_object	object:/upgrades/3/cost	03cd69e68365850a4bba911f6e8a13cc033e53836a471f1869eea050f8278ce6
balance/catalogs/phase0.json#/upgrades/3/window	balance/catalogs/phase0.json	economy	/upgrades/3/window	nested_object	object:/upgrades/3/window	f3320194a78490754bb9297b6859fc2735fad0ac025ac33bdfd3d41beb85965d
balance/catalogs/phase0.json#/upgrades/3/requires/0	balance/catalogs/phase0.json	economy	/upgrades/3/requires/0	object_record	resource_id:company.cash	b0701d237b22e74a128e4691db299da76c3aa75f273847a335b8f663f2e80e0f
balance/catalogs/phase0.json#/upgrades/3/effects/0	balance/catalogs/phase0.json	economy	/upgrades/3/effects/0	object_record	source_id:upgrade.hold_music_license.factor	83bb180399939910dcc1016650544809f3cb04451cd266651fea12e5be9f7ecc
balance/catalogs/phase0.json#/upgrades/3/roles/0	balance/catalogs/phase0.json	economy	/upgrades/3/roles/0	primitive_edge	"synergy_feed"	13d083a2c5d1b00bbab4ef250ee71b790964a32eb4b7e636d620515a8f9b73c0
balance/catalogs/phase0.json#/upgrades/4	balance/catalogs/phase0.json	economy	/upgrades/4	object_record	upgrade.nephew_business_cards	213a3060e7a15a44e2c6800b59e5ba5537f4bec934c5ab18e56469889f94d114
balance/catalogs/phase0.json#/upgrades/4/cost	balance/catalogs/phase0.json	economy	/upgrades/4/cost	nested_object	object:/upgrades/4/cost	03cd69e68365850a4bba911f6e8a13cc033e53836a471f1869eea050f8278ce6
balance/catalogs/phase0.json#/upgrades/4/window	balance/catalogs/phase0.json	economy	/upgrades/4/window	nested_object	object:/upgrades/4/window	f3320194a78490754bb9297b6859fc2735fad0ac025ac33bdfd3d41beb85965d
balance/catalogs/phase0.json#/upgrades/4/requires/0	balance/catalogs/phase0.json	economy	/upgrades/4/requires/0	object_record	resource_id:company.cash	b0701d237b22e74a128e4691db299da76c3aa75f273847a335b8f663f2e80e0f
balance/catalogs/phase0.json#/upgrades/4/effects/0	balance/catalogs/phase0.json	economy	/upgrades/4/effects/0	object_record	source_id:upgrade.nephew_business_cards.factor	e711401e0c193c5037f47a06c8f7cda4d8e48b3ba1ab62280209d096c70d2904
balance/catalogs/phase0.json#/upgrades/4/roles/0	balance/catalogs/phase0.json	economy	/upgrades/4/roles/0	primitive_edge	"synergy_feed"	13d083a2c5d1b00bbab4ef250ee71b790964a32eb4b7e636d620515a8f9b73c0
balance/catalogs/phase0.json#/upgrades/5	balance/catalogs/phase0.json	economy	/upgrades/5	object_record	upgrade.rack_rail_standardization	447e61233917373bfe69fd09fc6aaa69f9a1f9b674713e856fe20c8409a9cc93
balance/catalogs/phase0.json#/upgrades/5/cost	balance/catalogs/phase0.json	economy	/upgrades/5/cost	nested_object	object:/upgrades/5/cost	3094e4eb23729235931e98fea507827a4dbaa04d595ec668b5cc423c1f936e34
balance/catalogs/phase0.json#/upgrades/5/window	balance/catalogs/phase0.json	economy	/upgrades/5/window	nested_object	object:/upgrades/5/window	8e411682a4901cedc02189dcd350567b83420f98d95691f9e0955530f76f4687
balance/catalogs/phase0.json#/upgrades/5/requires/0	balance/catalogs/phase0.json	economy	/upgrades/5/requires/0	object_record	resource_id:company.cash	1ff45815287ec8d35075f62abee987c9262523a0753b2d5baedf9615e2f4edae
balance/catalogs/phase0.json#/upgrades/5/effects/0	balance/catalogs/phase0.json	economy	/upgrades/5/effects/0	object_record	source_id:upgrade.rack_rail_standardization.factor	9c212fd44ead677119e1140e12624c77dad747100d2194aa3e373212bc829c8c
balance/catalogs/phase0.json#/upgrades/5/roles/0	balance/catalogs/phase0.json	economy	/upgrades/5/roles/0	primitive_edge	"synergy_feed"	13d083a2c5d1b00bbab4ef250ee71b790964a32eb4b7e636d620515a8f9b73c0
balance/catalogs/phase0.json#/upgrades/6	balance/catalogs/phase0.json	economy	/upgrades/6	object_record	upgrade.crt_degauss_button	b9b3be13a8110b0a19063a65fd223f2f7da205e663465814bd6a27b85b1ce959
balance/catalogs/phase0.json#/upgrades/6/cost	balance/catalogs/phase0.json	economy	/upgrades/6/cost	nested_object	object:/upgrades/6/cost	e830f38d92cd318e6911f32f4de67752bb1c6bfb3013a81586207be0a5e2f88f
balance/catalogs/phase0.json#/upgrades/6/window	balance/catalogs/phase0.json	economy	/upgrades/6/window	nested_object	object:/upgrades/6/window	8e411682a4901cedc02189dcd350567b83420f98d95691f9e0955530f76f4687
balance/catalogs/phase0.json#/upgrades/6/requires/0	balance/catalogs/phase0.json	economy	/upgrades/6/requires/0	object_record	resource_id:company.cash	3d9e69c7cea15e50ff3e9febf943ba30027ad9edde94cd2f2ae1900273c2dc8a
balance/catalogs/phase0.json#/upgrades/6/effects/0	balance/catalogs/phase0.json	economy	/upgrades/6/effects/0	object_record	source_id:upgrade.crt_degauss_button.factor	3e0bb3a703f60a1002febab83463f9c181f5da5c1341fc6dd6b3795a0f0382f0
balance/catalogs/phase0.json#/upgrades/6/roles/0	balance/catalogs/phase0.json	economy	/upgrades/6/roles/0	primitive_edge	"synergy_feed"	13d083a2c5d1b00bbab4ef250ee71b790964a32eb4b7e636d620515a8f9b73c0
balance/catalogs/phase0.json#/upgrades/7	balance/catalogs/phase0.json	economy	/upgrades/7	object_record	upgrade.employee_handbook_v0	cd152c89eda3559145feb5fa81ce7242f644a13e34b3e967d9594ca464418e8e
balance/catalogs/phase0.json#/upgrades/7/cost	balance/catalogs/phase0.json	economy	/upgrades/7/cost	nested_object	object:/upgrades/7/cost	5a963fb5661bf1bbc0bc09176e3736b7566105b415e3e4e56776de248c5ca128
balance/catalogs/phase0.json#/upgrades/7/window	balance/catalogs/phase0.json	economy	/upgrades/7/window	nested_object	object:/upgrades/7/window	8e411682a4901cedc02189dcd350567b83420f98d95691f9e0955530f76f4687
balance/catalogs/phase0.json#/upgrades/7/requires/0	balance/catalogs/phase0.json	economy	/upgrades/7/requires/0	object_record	resource_id:company.cash	9257036a8148e5dc481b4c6e1457a0b453a5ea0bd20cc51f5832a8a41f25fcfc
balance/catalogs/phase0.json#/upgrades/7/effects/0	balance/catalogs/phase0.json	economy	/upgrades/7/effects/0	object_record	source_id:upgrade.employee_handbook_v0.factor	e13ddf509d2ec68000d6242aec7d326cd995ab72013876beb5d347ae66eb5b20
balance/catalogs/phase0.json#/upgrades/7/roles/0	balance/catalogs/phase0.json	economy	/upgrades/7/roles/0	primitive_edge	"synergy_feed"	13d083a2c5d1b00bbab4ef250ee71b790964a32eb4b7e636d620515a8f9b73c0
balance/catalogs/phase0.json#/upgrades/8	balance/catalogs/phase0.json	economy	/upgrades/8	object_record	upgrade.refurbished_sticker	d6acaba15d802561ed58c032d3a466ed09603cf5209ed2f7ec73124e480c9e15
balance/catalogs/phase0.json#/upgrades/8/cost	balance/catalogs/phase0.json	economy	/upgrades/8/cost	nested_object	object:/upgrades/8/cost	4c2f086310eb4cd7bfdcc50e1562d4fdb8e7933081e319b88d767005389e4823
balance/catalogs/phase0.json#/upgrades/8/window	balance/catalogs/phase0.json	economy	/upgrades/8/window	nested_object	object:/upgrades/8/window	8e411682a4901cedc02189dcd350567b83420f98d95691f9e0955530f76f4687
balance/catalogs/phase0.json#/upgrades/8/requires/0	balance/catalogs/phase0.json	economy	/upgrades/8/requires/0	object_record	resource_id:company.cash	b52a1508594a2e28a648fa06110d70c4088e2513e1ae923c74cd4a212fa06d72
balance/catalogs/phase0.json#/upgrades/8/effects/0	balance/catalogs/phase0.json	economy	/upgrades/8/effects/0	object_record	source_id:upgrade.refurbished_sticker.factor	5d122a386df21131c73ff8ca398756883f81d6d2e1203544e21bda73cc79d649
balance/catalogs/phase0.json#/upgrades/8/roles/0	balance/catalogs/phase0.json	economy	/upgrades/8/roles/0	primitive_edge	"synergy_feed"	13d083a2c5d1b00bbab4ef250ee71b790964a32eb4b7e636d620515a8f9b73c0
balance/catalogs/phase0.json#/upgrades/9	balance/catalogs/phase0.json	economy	/upgrades/9	object_record	upgrade.institutional_memory	96778589895837467f2859a316423afae256fbc0742fcd1f6fc10db7b3fd7050
balance/catalogs/phase0.json#/upgrades/9/cost	balance/catalogs/phase0.json	economy	/upgrades/9/cost	nested_object	object:/upgrades/9/cost	28c57d2370b67417759a07df243303fe7ac1eae3252ca48c29143ad662b6d023
balance/catalogs/phase0.json#/upgrades/9/window	balance/catalogs/phase0.json	economy	/upgrades/9/window	nested_object	object:/upgrades/9/window	8e411682a4901cedc02189dcd350567b83420f98d95691f9e0955530f76f4687
balance/catalogs/phase0.json#/upgrades/9/requires/0	balance/catalogs/phase0.json	economy	/upgrades/9/requires/0	object_record	resource_id:company.cash	c15e8785d051fb604eb7f543fbc81bcccffd536145ab2ada6244d411b56ca2ca
balance/catalogs/phase0.json#/upgrades/9/effects/0	balance/catalogs/phase0.json	economy	/upgrades/9/effects/0	object_record	source_id:upgrade.institutional_memory.factor	3c35a46a4268e2719f4d18d654ee1ad73fdb6f3954c89c16fc281b2d3f471a42
balance/catalogs/phase0.json#/upgrades/9/roles/0	balance/catalogs/phase0.json	economy	/upgrades/9/roles/0	primitive_edge	"synergy_feed"	13d083a2c5d1b00bbab4ef250ee71b790964a32eb4b7e636d620515a8f9b73c0
balance/catalogs/phase0.json#/synergy_pools/0	balance/catalogs/phase0.json	economy	/synergy_pools/0	object_record	pool.operational_excellence	34134d241574ac30a9beb1281100ff1bac0ecf5a09412c5932041e6d84541247
balance/catalogs/phase0.json#/synergy_pools/0/sources/0	balance/catalogs/phase0.json	economy	/synergy_pools/0/sources/0	object_record	object:/synergy_pools/0/sources/0	b7e1649a047ce6c184a19e7bc7683d5fc35a3d8e76c663f362c8700b597d22da
balance/catalogs/phase0.json#/synergy_pools/0/sources/1	balance/catalogs/phase0.json	economy	/synergy_pools/0/sources/1	object_record	object:/synergy_pools/0/sources/1	0c53181b5b1fdc02f9cdca7ce3dd3da9e5934d43904e2f1d89a6b4b4c610f31d
balance/catalogs/phase0.json#/synergy_pools/0/sources/2	balance/catalogs/phase0.json	economy	/synergy_pools/0/sources/2	object_record	object:/synergy_pools/0/sources/2	ca0f109475c31f35af0376143a435a8ed773336fb4d7fda898f8ac1f4ed195a4
balance/catalogs/phase0.json#/synergy_pools/0/sources/3	balance/catalogs/phase0.json	economy	/synergy_pools/0/sources/3	object_record	object:/synergy_pools/0/sources/3	73a82755e49b3e5cb3d0110eafd0dc5114c793fe061baae07f3eae6672b53ebb
balance/catalogs/phase0.json#/synergy_pools/0/sources/4	balance/catalogs/phase0.json	economy	/synergy_pools/0/sources/4	object_record	object:/synergy_pools/0/sources/4	3017d512775ca7c2b3a7ef7a054c3751ac4569e98985ac93cb2576f91f2c473b
balance/catalogs/phase0.json#/synergy_pools/0/sources/5	balance/catalogs/phase0.json	economy	/synergy_pools/0/sources/5	object_record	object:/synergy_pools/0/sources/5	611f04a9dc5e45415b2c763b84bf313a620d7fc95b7959ffb0db887099c6e204
balance/catalogs/phase0.json#/synergy_pools/0/sources/6	balance/catalogs/phase0.json	economy	/synergy_pools/0/sources/6	object_record	object:/synergy_pools/0/sources/6	4df08766855fe9ea7828af5231bab6cba35bcdb2ca784a37653d5d2885521e6c
balance/catalogs/phase0.json#/synergy_pools/1	balance/catalogs/phase0.json	economy	/synergy_pools/1	object_record	pool.institutional_knowledge	76f39fbb6a664a352ab7f64679517d771e129140b0d528513aa1294ce43e9a56
balance/catalogs/phase0.json#/synergy_pools/1/sources/0	balance/catalogs/phase0.json	economy	/synergy_pools/1/sources/0	object_record	object:/synergy_pools/1/sources/0	f04285d9ae90231381300f5c4f048ed7de7e496ce3680eeaa3849e8df9663dbe
balance/catalogs/phase0.json#/synergy_pools/1/sources/1	balance/catalogs/phase0.json	economy	/synergy_pools/1/sources/1	object_record	object:/synergy_pools/1/sources/1	ebdc0c2ff3d40ddf6278600c684bff921ad11863fdab3d6eef47de8bc4a69a2e
balance/catalogs/phase0.json#/synergy_pools/1/sources/2	balance/catalogs/phase0.json	economy	/synergy_pools/1/sources/2	object_record	object:/synergy_pools/1/sources/2	62d95d6a047f07ddc4fbd6fd7cb78c779fbd937fe42d6dce05d1950dca1834ba
balance/catalogs/phase0.json#/synergy_pools/1/sources/3	balance/catalogs/phase0.json	economy	/synergy_pools/1/sources/3	object_record	object:/synergy_pools/1/sources/3	49f3748679ac00b976b206489a5966ada99b75b749c382152a42e98e4a4816f3
balance/catalogs/phase0.json#/synergy_pools/1/sources/4	balance/catalogs/phase0.json	economy	/synergy_pools/1/sources/4	object_record	object:/synergy_pools/1/sources/4	886079673a312981d5a394e76237c641af1067c0aef6e0b90961a4a28d3c0cbb
balance/catalogs/phase0.json#/synergy_pools/1/sources/5	balance/catalogs/phase0.json	economy	/synergy_pools/1/sources/5	object_record	object:/synergy_pools/1/sources/5	2fbbe69746b27923992399204daed4d47f37e8f12a667ba71f957cddb2c5f647
balance/catalogs/phase0.json#/synergy_pools/1/sources/6	balance/catalogs/phase0.json	economy	/synergy_pools/1/sources/6	object_record	object:/synergy_pools/1/sources/6	500d15b65f2f9fb26ad9a327241f37b64beaa48698c7de59a18499d342c259db
balance/catalogs/phase0.json#/synergy_pools/1/sources/7	balance/catalogs/phase0.json	economy	/synergy_pools/1/sources/7	object_record	object:/synergy_pools/1/sources/7	ae75ee3862b24872702ff26ae853b84f04d12f76165c739d6ad6c962b7d85cf1
balance/catalogs/phase0.json#/provision_tick_ms	balance/catalogs/phase0.json	economy	/provision_tick_ms	root_policy_field	60000	d55d01d0341ed0ba2cd99b322e8c5b609254f47d10c7cd12b99b4922effeba44
balance/catalogs/phase0.json#/manual_actions/0	balance/catalogs/phase0.json	economy	/manual_actions/0	object_record	manual.click	81db23afc2b5170452c399931a16bec48cd5a46ad88866957630f3bd0b9d3a48
balance/catalogs/phase0.json#/manual_actions/0/output	balance/catalogs/phase0.json	economy	/manual_actions/0/output	nested_object	resource_id:company.cash	42f3d8ad994805ef8a92f7d792006813c0eaa46b10e0b9610b952e85c72d4fae
balance/catalogs/phase0.json#/multiplier_sources/0	balance/catalogs/phase0.json	economy	/multiplier_sources/0	object_record	active.building.generator.beige_tower	c23fa1dfde4bc63d8e1051c5006d85b84be67de989e9c706815ff91233f8f1a8
balance/catalogs/phase0.json#/multiplier_sources/1	balance/catalogs/phase0.json	economy	/multiplier_sources/1	object_record	active.click	10b13ab7181b6815ba99c41fd47782928f7b2ce08f3280e476d18f7cdd3a2e9a
balance/catalogs/phase0.json#/multiplier_sources/2	balance/catalogs/phase0.json	economy	/multiplier_sources/2	object_record	active.production	3fd55e6727abe12c0c31afc3eb69a8bdb00a43df2d7ddd7aeb350f2a4fb4e763
balance/catalogs/phase0.json#/multiplier_sources/3	balance/catalogs/phase0.json	economy	/multiplier_sources/3	object_record	commons.member	270433ab3a16cd5e77ea3cc22b026d429394a218a940a2216d9f2da9f80935c0
balance/catalogs/phase0.json#/multiplier_sources/4	balance/catalogs/phase0.json	economy	/multiplier_sources/4	object_record	fiscal.generator.beige_tower	9f8981dcea46c04f7e7f588942ac6c378687629ec5fa13fab1dffdeb9e3f89b4
balance/catalogs/phase0.json#/multiplier_sources/5	balance/catalogs/phase0.json	economy	/multiplier_sources/5	object_record	fiscal.hoard	b8c73b00aa3fbcfeae9ecade63bbb5f885dbd09a0e9dd82beac457e03db19a0e
balance/catalogs/phase0.json#/multiplier_sources/6	balance/catalogs/phase0.json	economy	/multiplier_sources/6	object_record	guild.stock_consumption	bdf9558e76a7c089769f5b1b9b1d6e4cd0d742c52d0d2c4699e39b399ac8e24a
balance/catalogs/phase0.json#/multiplier_sources/7	balance/catalogs/phase0.json	economy	/multiplier_sources/7	object_record	pool.institutional_knowledge	b82af715d01f1dd9e534c3dad1818d2fba9bb5f7ba7b2b198feb8491d9475a7f
balance/catalogs/phase0.json#/multiplier_sources/8	balance/catalogs/phase0.json	economy	/multiplier_sources/8	object_record	pool.operational_excellence	92692835be7ec6430b9c3bf86ed17fcfb135d757af4e4b846f2886350e8961dc
balance/catalogs/phase0.json#/progress_coordinates/0	balance/catalogs/phase0.json	economy	/progress_coordinates/0	object_record	object:/progress_coordinates/0	9c0125281f2f24d7122cca885c8422ee32248caa54fcf5b33fa60773be5ccd0f
balance/catalogs/phase0.json#/progress_coordinates/1	balance/catalogs/phase0.json	economy	/progress_coordinates/1	object_record	object:/progress_coordinates/1	d1ca9f6420095cb5bfbd6e47ec51612af2dcc5be4aa1af7907a0f651271b9323
balance/catalogs/phase0.json#/progress_coordinates/1/terms/0	balance/catalogs/phase0.json	economy	/progress_coordinates/1/terms/0	object_record	object:/progress_coordinates/1/terms/0	a2e1791f55369d5f166aaba95667292da6c7ccfc736ae38cae0f2288c248a6ac
balance/catalogs/phase0.json#/progress_coordinates/1/terms/1	balance/catalogs/phase0.json	economy	/progress_coordinates/1/terms/1	object_record	object:/progress_coordinates/1/terms/1	28a3a339c857b031cdfa5334fde2bb28a5a2cddaea33fe70e95435b19ad8f342
balance/catalogs/phase0.json#/progress_coordinates/2	balance/catalogs/phase0.json	economy	/progress_coordinates/2	object_record	object:/progress_coordinates/2	53d513dcc7552103fe523e83bb101be0d76b18e0abf75ba1c57413e83afbca8d
balance/catalogs/phase0.json#/progress_coordinates/3	balance/catalogs/phase0.json	economy	/progress_coordinates/3	object_record	object:/progress_coordinates/3	30575ff4a56b3362399d666bbc63e58a55d926179ea76c4ebd3a4f0afff52dfd
balance/catalogs/phase0.json#/manual_policy	balance/catalogs/phase0.json	economy	/manual_policy	singleton_policy	object:/manual_policy	3763d0cf9fbcebd8ff27e7ca4e30f561325b7ba5e9f4ab62293ad0a28f4c7008
balance/catalogs/phase0.json#/offline_policy	balance/catalogs/phase0.json	economy	/offline_policy	singleton_policy	object:/offline_policy	293bc2e511deb0ee87e91f8f80e466c0555debe6e7a557792aa675cfeca6dfb0
balance/categories/phase0.json#/full_gate_set/0	balance/categories/phase0.json	categories	/full_gate_set/0	primitive_edge	"gate.t0_to_t1"	b04da90bd5c85b8695327e7009b9b164f7d670e70f61aa19faac06e5e56a2cac
balance/categories/phase0.json#/full_gate_set/1	balance/categories/phase0.json	categories	/full_gate_set/1	primitive_edge	"gate.t2_to_t3"	0311811947297f91c6769cc33f88d3e38d13a35fc9f88c7a5c77624b60fc207e
balance/categories/phase0.json#/full_gate_set/2	balance/categories/phase0.json	categories	/full_gate_set/2	primitive_edge	"gate.t3_to_t4"	57581cc6cee0f5044782e59e64b47205389b141da7b5a1d8a2636ebb74705004
balance/categories/phase0.json#/full_gate_set/3	balance/categories/phase0.json	categories	/full_gate_set/3	primitive_edge	"gate.t4_to_t5"	ef43209a0255440326c22fb0c48b564e214910a95c4e7a8a44f2e51073fb3f2b
balance/categories/phase0.json#/full_gate_set/4	balance/categories/phase0.json	categories	/full_gate_set/4	primitive_edge	"gate.t7_to_t8"	3a1bd4740f7e21a4d2e41b33e72e32c4c4d30d2f72514554e99892ecc1e153b8
balance/categories/phase0.json#/fact_sets	balance/categories/phase0.json	categories	/fact_sets	singleton_policy	object:/fact_sets	0f77e6e29f65fa7decb4eddd706ade0ef00c8a2234f8ebeca2e5e877ea65c435
balance/categories/phase0.json#/fact_sets/completion_set	balance/categories/phase0.json	categories	/fact_sets/completion_set	empty_collection	<empty>	4f53cda18c2baa0c0354bb5f9a3ecbe5ed12ab4d8e11ba873c2f11161202b945
balance/categories/phase0.json#/fact_sets/forbidden_set/0	balance/categories/phase0.json	categories	/fact_sets/forbidden_set/0	primitive_edge	"darkpattern."	6948ce2ea58b6d3c8ec4eed95977e155d7e264a89669462604e94fa6898c6c05
balance/categories/phase0.json#/fact_sets/forbidden_set/1	balance/categories/phase0.json	categories	/fact_sets/forbidden_set/1	primitive_edge	"externality."	53cf41042fea4eefe60454e267a54a11cbf6bb23b13a410181a1d68b2ddd8420
balance/categories/phase0.json#/categories/0	balance/categories/phase0.json	categories	/categories/0	object_record	any_percent	405623356933ffb2fe8a9bc4e8a8ede9d25959685362b1a59f1921f2c45fcd30
balance/categories/phase0.json#/categories/0/predicate	balance/categories/phase0.json	categories	/categories/0/predicate	nested_object	object:/categories/0/predicate	d3c84844643c94acf6e2ef44a730d64af092075762d04a504c4e93270b9d4ed2
balance/categories/phase0.json#/categories/1	balance/categories/phase0.json	categories	/categories/1	object_record	hundred_percent	4e7b70280fb7c11462100a6de5f1900967005e5e84d6b9a3b4cddac2d963eb67
balance/categories/phase0.json#/categories/1/predicate	balance/categories/phase0.json	categories	/categories/1/predicate	nested_object	object:/categories/1/predicate	4eed50f1acbef953879a47e869a3ca8a13fdfc7ac23e459941ebb1845c34dd04
balance/categories/phase0.json#/categories/1/predicate/all/0	balance/categories/phase0.json	categories	/categories/1/predicate/all/0	object_record	object:/categories/1/predicate/all/0	9a2d7eff3fbb0ea36034e10f5ae7cac2da5ede5a9cd5aaa7fa4f9c8a943e529c
balance/categories/phase0.json#/categories/1/predicate/all/1	balance/categories/phase0.json	categories	/categories/1/predicate/all/1	object_record	object:/categories/1/predicate/all/1	159b4390a6e8f377c065e13a77ec866d821d41457b43aea0ce1a4e1d52b14857
balance/categories/phase0.json#/categories/2	balance/categories/phase0.json	categories	/categories/2	object_record	ethical_percent	fd0b84f05e0830aec89dfe1b72c4357e5139ca5aeeb6c8ffd1888279f870b079
balance/categories/phase0.json#/categories/2/predicate	balance/categories/phase0.json	categories	/categories/2/predicate	nested_object	object:/categories/2/predicate	2d3126af71fd1ea49d47df4d34d7f3c752359c0498d52f2365988a1ca0bfe241
balance/categories/phase0.json#/categories/3	balance/categories/phase0.json	categories	/categories/3	object_record	low_percent	0882a01dac0e1b9832d20af1af18dd3e8e56da0fc56c90c823f619664772c5b6
balance/categories/phase0.json#/categories/3/predicate	balance/categories/phase0.json	categories	/categories/3/predicate	nested_object	object:/categories/3/predicate	6f4bd810299a6927aabe85d6b6f2dcb824102290d8b837006fbac867daa649e4
balance/categories/phase0.json#/categories/4	balance/categories/phase0.json	categories	/categories/4	object_record	valuation	59fd5fef1a885766313e8ab4b86fb4e3f08134fa2de5a3b6771a829a44507762
balance/categories/phase0.json#/categories/4/predicate	balance/categories/phase0.json	categories	/categories/4/predicate	nested_object	object:/categories/4/predicate	d3c84844643c94acf6e2ef44a730d64af092075762d04a504c4e93270b9d4ed2
balance/commons/phase0.json#/source_weights	balance/commons/phase0.json	commons	/source_weights	empty_collection	<empty>	4f53cda18c2baa0c0354bb5f9a3ecbe5ed12ab4d8e11ba873c2f11161202b945
balance/commons/phase0.json#/default_tithe_ppm	balance/commons/phase0.json	commons	/default_tithe_ppm	root_policy_field	100000	3bb78535cc9555ff19fe3556aaa41c78a0a45c64d49ba2bc564507648a8e77a1
balance/commons/phase0.json#/minimum_tithe_ppm	balance/commons/phase0.json	commons	/minimum_tithe_ppm	root_policy_field	50000	60734f174b2035e5b2ba85fef8c648cc0cb18c5995b419d3cd1c025c5b09d0c7
balance/commons/phase0.json#/maximum_tithe_ppm	balance/commons/phase0.json	commons	/maximum_tithe_ppm	root_policy_field	150000	89d295d75a9717e8c0bdd71076b638ad12dd95bf6621a5bf4541ca24d185d522
balance/commons/phase0.json#/guild_health_weight_ppm	balance/commons/phase0.json	commons	/guild_health_weight_ppm	root_policy_field	500000	8d6962a152aee235ba824c41758b8da2371b7077b4ea0afaaec94014e16e3bc7
balance/commons/phase0.json#/cohort_health_weight_ppm	balance/commons/phase0.json	commons	/cohort_health_weight_ppm	root_policy_field	300000	6ce318969619d1c360b6144be09e3d3a22674897c7cbfe995716ed8b7ff7c4cf
balance/commons/phase0.json#/server_health_weight_ppm	balance/commons/phase0.json	commons	/server_health_weight_ppm	root_policy_field	200000	b552e632666bbf6125e3109e28a4fecc08340d017e44109dadbf497a280b8f82
balance/commons/phase0.json#/collective_weight_ppm	balance/commons/phase0.json	commons	/collective_weight_ppm	root_policy_field	600000	a3c25177bb8fb18ab261743d2296eb0edb79ee7234493f24f20b8f85b5b9a9d8
balance/commons/phase0.json#/collective_exponent_ppm	balance/commons/phase0.json	commons	/collective_exponent_ppm	root_policy_field	1500000	490d7c887c8033c20d2788eb073ad763d46ea740497158ab9b0fb2aa313b2f98
balance/commons/phase0.json#/collapse_health_ppm	balance/commons/phase0.json	commons	/collapse_health_ppm	root_policy_field	350000	95b088a8f8966bd6ec5e2742936f8ecf24ad5416474986fa5a2af6496979c299
balance/commons/phase0.json#/healthy_health_ppm	balance/commons/phase0.json	commons	/healthy_health_ppm	root_policy_field	800000	06c117bb812639e8f80c10b64953df8b099fd534b2fcae74f49f735b93fedba4
balance/commons/phase0.json#/maximum_bonus	balance/commons/phase0.json	commons	/maximum_bonus	root_policy_field	"5e0"	d25a53c2783137fd038fb2915b5055409ff1fe079bc324c815c712f141d0a182
balance/commons/phase0.json#/health_recovery_ppm_per_hour	balance/commons/phase0.json	commons	/health_recovery_ppm_per_hour	root_policy_field	100000	3bb78535cc9555ff19fe3556aaa41c78a0a45c64d49ba2bc564507648a8e77a1
balance/commons/phase0.json#/health_decay_ppm_per_hour	balance/commons/phase0.json	commons	/health_decay_ppm_per_hour	root_policy_field	40000	4948963369b682612d22b081bdc92c13d23fb921cdd44e50f45d7e86b4b52022
balance/commons/phase0.json#/solidarity_window_ms	balance/commons/phase0.json	commons	/solidarity_window_ms	root_policy_field	2592000000	8961f1920779b1680abb30edb239ec4823c6694f6eb4db43e865c07936f2eeca
balance/commons/phase0.json#/cohort_target_size	balance/commons/phase0.json	commons	/cohort_target_size	root_policy_field	150	9ae2bdd7beedc2e766c6b76585530e16925115707dc7a06ab5ee4aa2776b2c7b
balance/commons/phase0.json#/cohort_merge_floor	balance/commons/phase0.json	commons	/cohort_merge_floor	root_policy_field	40	d59eced1ded07f84c145592f65bdf854358e009c5cd705f5215bf18697fed103
balance/commons/phase0.json#/npc_population_floor	balance/commons/phase0.json	commons	/npc_population_floor	root_policy_field	40	d59eced1ded07f84c145592f65bdf854358e009c5cd705f5215bf18697fed103
balance/commons/phase0.json#/npc_weight_ppm	balance/commons/phase0.json	commons	/npc_weight_ppm	root_policy_field	500000	8d6962a152aee235ba824c41758b8da2371b7077b4ea0afaaec94014e16e3bc7
balance/commons/phase0.json#/npc_compliance_ppm	balance/commons/phase0.json	commons	/npc_compliance_ppm	root_policy_field	750000	7d10b3014e9da7ed69e9cbc497a7155a269e26d1f7ff5f1571dad83e52ad7d04
balance/commons/phase0.json#/population_tolerance_ppm	balance/commons/phase0.json	commons	/population_tolerance_ppm	root_policy_field	100	ad57366865126e55649ecb23ae1d48887544976efea46a48eb5d85a6eeb4d306
balance/curriculum/t0-t1.json#/first_failure	balance/curriculum/t0-t1.json	curriculum	/first_failure	singleton_policy	gate_id:gate.t0_to_t1	018e4c9a1744198e07ec9114279d30eaef458db751e7d85172cff85c60506b9b
balance/curriculum/t0-t1.json#/first_failure/branches/0	balance/curriculum/t0-t1.json	curriculum	/first_failure/branches/0	object_record	object:/first_failure/branches/0	5aabeb99d9ed7c1f054c841507fcd30bb57ab74cb99fa2bf8e0009213295a67e
balance/curriculum/t0-t1.json#/first_failure/branches/0/starter_package	balance/curriculum/t0-t1.json	curriculum	/first_failure/branches/0/starter_package	nested_object	resource_id:company.cash	5588d842b8e90d8b1c3c657287b8dfe410b497176dcf8b170a3ba7459282a44a
balance/curriculum/t0-t1.json#/first_failure/branches/1	balance/curriculum/t0-t1.json	curriculum	/first_failure/branches/1	object_record	object:/first_failure/branches/1	2c248c6913fac63d128983d280a5068de06114c2ae0daaffdbfbef99ea8dbc01
balance/curriculum/t0-t1.json#/first_failure/branches/1/starter_package	balance/curriculum/t0-t1.json	curriculum	/first_failure/branches/1/starter_package	nested_object	generator_id:generator.beige_tower	e03cc3ec42e987207a074c71e52f4bfdbdbca6df75bbf87055faf1173aa65e61
balance/curriculum/t0-t1.json#/first_failure/branches/2	balance/curriculum/t0-t1.json	curriculum	/first_failure/branches/2	object_record	object:/first_failure/branches/2	a31f603e633686ff5b1e33b537602fe0ed5ee455eebe3639d8b995d6dc91cb34
balance/curriculum/t0-t1.json#/first_failure/branches/2/starter_package	balance/curriculum/t0-t1.json	curriculum	/first_failure/branches/2/starter_package	nested_object	upgrade_id:upgrade.reply_all_macro	3f8165d1d4a8dfc5db80ec2955272f35229c9a2248ea4f4f5b3c1f3af3cc8c79
balance/doctrines/first-content.json#/transitions/0	balance/doctrines/first-content.json	doctrines	/transitions/0	object_record	transition_id:transition.t3_to_t4	89fc98edeb9f8f53bff4230aef17517c7a84cd92c4dc25a4a374b246be0c9e89
balance/doctrines/first-content.json#/transitions/0/doctrine_ids/0	balance/doctrines/first-content.json	doctrines	/transitions/0/doctrine_ids/0	primitive_edge	"doctrine.capture"	4f5883afa1b777a51cfe78fcc72ff89bee6a1db5bd25676d288328176d2e739c
balance/doctrines/first-content.json#/transitions/0/doctrine_ids/1	balance/doctrines/first-content.json	doctrines	/transitions/0/doctrine_ids/1	primitive_edge	"doctrine.ethical"	13de2046b4d91c96363f2e96972903bbb85a8b3e7b4e4577704f6b657bd5c5a7
balance/factions/phase0.json#/stock_cap	balance/factions/phase0.json	factions	/stock_cap	root_policy_field	100000	3bb78535cc9555ff19fe3556aaa41c78a0a45c64d49ba2bc564507648a8e77a1
balance/factions/phase0.json#/stock_interval_ms	balance/factions/phase0.json	factions	/stock_interval_ms	root_policy_field	60000	d55d01d0341ed0ba2cd99b322e8c5b609254f47d10c7cd12b99b4922effeba44
balance/factions/phase0.json#/factions/0	balance/factions/phase0.json	factions	/factions/0	object_record	bootstrapper	72855fb2548365541d273af84079e76c7a2a9acd95d78123aa49d4cc1ce7d6e5
balance/factions/phase0.json#/factions/0/modifier_slots	balance/factions/phase0.json	factions	/factions/0/modifier_slots	empty_collection	<empty>	4f53cda18c2baa0c0354bb5f9a3ecbe5ed12ab4d8e11ba873c2f11161202b945
balance/factions/phase0.json#/factions/1	balance/factions/phase0.json	factions	/factions/1	object_record	vc_funded	8fe7aadf14f20332e7c1d7709666e7a0755de4146413568c6370329ab5a1a161
balance/factions/phase0.json#/factions/1/modifier_slots	balance/factions/phase0.json	factions	/factions/1/modifier_slots	empty_collection	<empty>	4f53cda18c2baa0c0354bb5f9a3ecbe5ed12ab4d8e11ba873c2f11161202b945
balance/factions/phase0.json#/factions/2	balance/factions/phase0.json	factions	/factions/2	object_record	open_source	1d4c061248122166964e28942641e5e812932b77cf7192ded5e6aee1bba27e2e
balance/factions/phase0.json#/factions/2/compact	balance/factions/phase0.json	factions	/factions/2/compact	nested_object	object:/factions/2/compact	4f6af876256df43310f62beeaf4dfe1b167d13b839962b44a9851aa93835bbcc
balance/factions/phase0.json#/factions/2/modifier_slots	balance/factions/phase0.json	factions	/factions/2/modifier_slots	empty_collection	<empty>	4f53cda18c2baa0c0354bb5f9a3ecbe5ed12ab4d8e11ba873c2f11161202b945
balance/factions/phase0.json#/factions/3	balance/factions/phase0.json	factions	/factions/3	object_record	enterprise	4f560c72866b68fd476193850389788ea8aaa2aac6135cf27cd84516fcaed8ec
balance/factions/phase0.json#/factions/3/modifier_slots	balance/factions/phase0.json	factions	/factions/3/modifier_slots	empty_collection	<empty>	4f53cda18c2baa0c0354bb5f9a3ecbe5ed12ab4d8e11ba873c2f11161202b945
balance/fiscal/first-content.json#/clock_policy	balance/fiscal/first-content.json	fiscal	/clock_policy	singleton_policy	object:/clock_policy	27f435275ff9441b65895400ef4456c8a561230e62c12045a3b85657df6909de
balance/fiscal/first-content.json#/credit_policy	balance/fiscal/first-content.json	fiscal	/credit_policy	singleton_policy	object:/credit_policy	42fb2e6306fb2952858c930c481829429161dfc1e47fade48d6e329860366ee0
balance/fiscal/first-content.json#/hoard_policy	balance/fiscal/first-content.json	fiscal	/hoard_policy	singleton_policy	source_id:fiscal.hoard	6b2ed51fdff304a87a1843dd8f8ee0ace064c0d648b0c9a857d0603b34cc7e05
balance/fiscal/first-content.json#/generator_level_rows/0	balance/fiscal/first-content.json	fiscal	/generator_level_rows/0	object_record	generator_id:generator.beige_tower	685d3e195411fb4fab990ac626454ebc61d0a9a3ab9e10b8c909f3f35a0466d4
balance/fiscal/first-content.json#/unlock_rows/0	balance/fiscal/first-content.json	fiscal	/unlock_rows/0	object_record	unlock_id:minigame.pitch	4e3912037a4ff2852bff3c969381e30267fe5a068889ab08c54118ec93e27dd4
balance/fiscal/first-content.json#/unlock_rows/1	balance/fiscal/first-content.json	fiscal	/unlock_rows/1	object_record	unlock_id:unlock.arcade	94644807e320fb4b262d5c24ee79a94f34ed1b310ed93330f994a978bc58745c
balance/guilds/phase0.json#/guild_tithe_ppm	balance/guilds/phase0.json	guilds	/guild_tithe_ppm	root_policy_field	20000	876c9b16254e157d1eb645390dcfae6f29b9d3cd394e73a91de8ee5d0e67ee43
balance/guilds/phase0.json#/clearing_rate_ppm	balance/guilds/phase0.json	guilds	/clearing_rate_ppm	root_policy_field	500000	8d6962a152aee235ba824c41758b8da2371b7077b4ea0afaaec94014e16e3bc7
balance/guilds/phase0.json#/npc_exchange_ppm	balance/guilds/phase0.json	guilds	/npc_exchange_ppm	root_policy_field	250000	f5b32f00fe05eee941f38440cb4208f97bd5af9e5613e7386d60666548060d23
balance/guilds/phase0.json#/stock_intake_cap	balance/guilds/phase0.json	guilds	/stock_intake_cap	root_policy_field	120	2abaca4911e68fa9bfbf3482ee797fd5b9045b841fdff7253557c5fe15de6477
balance/guilds/phase0.json#/consumption_bonus_ppm_per_unit	balance/guilds/phase0.json	guilds	/consumption_bonus_ppm_per_unit	root_policy_field	0	5feceb66ffc86f38d952786c6d696c79c2dbc239dd4e91b46729d73a27fb57e9
balance/guilds/phase0.json#/max_members	balance/guilds/phase0.json	guilds	/max_members	root_policy_field	50	1a6562590ef19d1045d06c4055742d38288e9e6dcd71ccde5cee80f1d5a774eb
balance/guilds/phase0.json#/min_members	balance/guilds/phase0.json	guilds	/min_members	root_policy_field	2	d4735e3a265e16eee03f59718b9b5d03019c07d8b6c51f90da3a666eec13ab35
balance/guilds/phase0.json#/grace_days	balance/guilds/phase0.json	guilds	/grace_days	root_policy_field	7	7902699be42c8a8e46fbbb4501726517e86b22c56a189f7625a6da49081b2451
balance/guilds/phase0.json#/guild_xp_target_per_founder	balance/guilds/phase0.json	guilds	/guild_xp_target_per_founder	root_policy_field	250000	f5b32f00fe05eee941f38440cb4208f97bd5af9e5613e7386d60666548060d23
balance/guilds/phase0.json#/clearing_interval_ms	balance/guilds/phase0.json	guilds	/clearing_interval_ms	root_policy_field	300000	6ce318969619d1c360b6144be09e3d3a22674897c7cbfe995716ed8b7ff7c4cf
balance/meters/first-content.json#/trust_reseed	balance/meters/first-content.json	meters	/trust_reseed	singleton_policy	object:/trust_reseed	0a9d9cf221ebe3d06bfda490c109a88b73c2a5499d15e3d378e039dbc673955c
balance/meters/first-content.json#/meters/0	balance/meters/first-content.json	meters	/meters/0	object_record	doom.probability	8750a27b987c81fd62034866e6a151871c80d33749c81ca2d3ebec394d6b7503
balance/meters/first-content.json#/meters/0/bands/0	balance/meters/first-content.json	meters	/meters/0/bands/0	object_record	low	442267c9a1223399c2bb14b2c1003b64aa71f2ddc68503cc22649dd591448573
balance/meters/first-content.json#/meters/0/bands/1	balance/meters/first-content.json	meters	/meters/0/bands/1	object_record	high	3d8680dafb2b5f0cb5701323288b842d3ca748077a7ef60253c3ee39aa5fe7a1
balance/meters/first-content.json#/meters/0/inputs/0	balance/meters/first-content.json	meters	/meters/0/inputs/0	object_record	object:/meters/0/inputs/0	c126052a7c617eac038df090e6a1327349128ff61ccb8dabf68db0132a839d87
balance/meters/first-content.json#/meters/0/decay	balance/meters/first-content.json	meters	/meters/0/decay	nested_object	object:/meters/0/decay	752ce23373f19c6a7d68a0f8db5b7a8dcde40662ed68c1002eb4489dd424a4e7
balance/meters/first-content.json#/meters/1	balance/meters/first-content.json	meters	/meters/1	object_record	trust.employees.grievance	f816f1c433b4c7a3f56ecf263ca41b0628cc1c5feb06fc1937ef5f936a4ba635
balance/meters/first-content.json#/meters/1/bands/0	balance/meters/first-content.json	meters	/meters/1/bands/0	object_record	low	442267c9a1223399c2bb14b2c1003b64aa71f2ddc68503cc22649dd591448573
balance/meters/first-content.json#/meters/1/bands/1	balance/meters/first-content.json	meters	/meters/1/bands/1	object_record	high	3d8680dafb2b5f0cb5701323288b842d3ca748077a7ef60253c3ee39aa5fe7a1
balance/meters/first-content.json#/meters/1/inputs	balance/meters/first-content.json	meters	/meters/1/inputs	empty_collection	<empty>	4f53cda18c2baa0c0354bb5f9a3ecbe5ed12ab4d8e11ba873c2f11161202b945
balance/meters/first-content.json#/meters/1/decay	balance/meters/first-content.json	meters	/meters/1/decay	nested_object	object:/meters/1/decay	bc5a02c1f6eccc0bdcf65ebabb9ed3a8a41dbabc41125ddd35dc3f2e2a049832
balance/meters/first-content.json#/meters/2	balance/meters/first-content.json	meters	/meters/2	object_record	trust.employees.standing	0f07e671a83cbdfc3825cd10ab083003c6ef99106e2e2b156da1e756b82ec2ba
balance/meters/first-content.json#/meters/2/bands/0	balance/meters/first-content.json	meters	/meters/2/bands/0	object_record	low	442267c9a1223399c2bb14b2c1003b64aa71f2ddc68503cc22649dd591448573
balance/meters/first-content.json#/meters/2/bands/1	balance/meters/first-content.json	meters	/meters/2/bands/1	object_record	high	3d8680dafb2b5f0cb5701323288b842d3ca748077a7ef60253c3ee39aa5fe7a1
balance/meters/first-content.json#/meters/2/inputs	balance/meters/first-content.json	meters	/meters/2/inputs	empty_collection	<empty>	4f53cda18c2baa0c0354bb5f9a3ecbe5ed12ab4d8e11ba873c2f11161202b945
balance/meters/first-content.json#/meters/2/decay	balance/meters/first-content.json	meters	/meters/2/decay	nested_object	object:/meters/2/decay	752ce23373f19c6a7d68a0f8db5b7a8dcde40662ed68c1002eb4489dd424a4e7
balance/meters/first-content.json#/meters/3	balance/meters/first-content.json	meters	/meters/3	object_record	trust.investors.grievance	a1e20973acae27c206404a569b8a5f142f1f5b4e7e6096ed816b5a7d725d6838
balance/meters/first-content.json#/meters/3/bands/0	balance/meters/first-content.json	meters	/meters/3/bands/0	object_record	low	442267c9a1223399c2bb14b2c1003b64aa71f2ddc68503cc22649dd591448573
balance/meters/first-content.json#/meters/3/bands/1	balance/meters/first-content.json	meters	/meters/3/bands/1	object_record	high	3d8680dafb2b5f0cb5701323288b842d3ca748077a7ef60253c3ee39aa5fe7a1
balance/meters/first-content.json#/meters/3/inputs	balance/meters/first-content.json	meters	/meters/3/inputs	empty_collection	<empty>	4f53cda18c2baa0c0354bb5f9a3ecbe5ed12ab4d8e11ba873c2f11161202b945
balance/meters/first-content.json#/meters/3/decay	balance/meters/first-content.json	meters	/meters/3/decay	nested_object	object:/meters/3/decay	bc5a02c1f6eccc0bdcf65ebabb9ed3a8a41dbabc41125ddd35dc3f2e2a049832
balance/meters/first-content.json#/meters/4	balance/meters/first-content.json	meters	/meters/4	object_record	trust.investors.standing	9b68f3dea36cc20866a365680846e124c13a9bfeee9b22bdbfcb9d04d5dc78af
balance/meters/first-content.json#/meters/4/bands/0	balance/meters/first-content.json	meters	/meters/4/bands/0	object_record	low	442267c9a1223399c2bb14b2c1003b64aa71f2ddc68503cc22649dd591448573
balance/meters/first-content.json#/meters/4/bands/1	balance/meters/first-content.json	meters	/meters/4/bands/1	object_record	high	3d8680dafb2b5f0cb5701323288b842d3ca748077a7ef60253c3ee39aa5fe7a1
balance/meters/first-content.json#/meters/4/inputs	balance/meters/first-content.json	meters	/meters/4/inputs	empty_collection	<empty>	4f53cda18c2baa0c0354bb5f9a3ecbe5ed12ab4d8e11ba873c2f11161202b945
balance/meters/first-content.json#/meters/4/decay	balance/meters/first-content.json	meters	/meters/4/decay	nested_object	object:/meters/4/decay	752ce23373f19c6a7d68a0f8db5b7a8dcde40662ed68c1002eb4489dd424a4e7
balance/meters/first-content.json#/meters/5	balance/meters/first-content.json	meters	/meters/5	object_record	trust.press.grievance	1d4efacd31cbef7d578cedb34ecc1030b860e9b906408fb5217fbd175dbd74a8
balance/meters/first-content.json#/meters/5/bands/0	balance/meters/first-content.json	meters	/meters/5/bands/0	object_record	low	442267c9a1223399c2bb14b2c1003b64aa71f2ddc68503cc22649dd591448573
balance/meters/first-content.json#/meters/5/bands/1	balance/meters/first-content.json	meters	/meters/5/bands/1	object_record	high	3d8680dafb2b5f0cb5701323288b842d3ca748077a7ef60253c3ee39aa5fe7a1
balance/meters/first-content.json#/meters/5/inputs	balance/meters/first-content.json	meters	/meters/5/inputs	empty_collection	<empty>	4f53cda18c2baa0c0354bb5f9a3ecbe5ed12ab4d8e11ba873c2f11161202b945
balance/meters/first-content.json#/meters/5/decay	balance/meters/first-content.json	meters	/meters/5/decay	nested_object	object:/meters/5/decay	bc5a02c1f6eccc0bdcf65ebabb9ed3a8a41dbabc41125ddd35dc3f2e2a049832
balance/meters/first-content.json#/meters/6	balance/meters/first-content.json	meters	/meters/6	object_record	trust.press.standing	07d92db8e810a698705c0d47df82588d4e09ff907f940bf03d4af4793fde9672
balance/meters/first-content.json#/meters/6/bands/0	balance/meters/first-content.json	meters	/meters/6/bands/0	object_record	low	442267c9a1223399c2bb14b2c1003b64aa71f2ddc68503cc22649dd591448573
balance/meters/first-content.json#/meters/6/bands/1	balance/meters/first-content.json	meters	/meters/6/bands/1	object_record	high	3d8680dafb2b5f0cb5701323288b842d3ca748077a7ef60253c3ee39aa5fe7a1
balance/meters/first-content.json#/meters/6/inputs	balance/meters/first-content.json	meters	/meters/6/inputs	empty_collection	<empty>	4f53cda18c2baa0c0354bb5f9a3ecbe5ed12ab4d8e11ba873c2f11161202b945
balance/meters/first-content.json#/meters/6/decay	balance/meters/first-content.json	meters	/meters/6/decay	nested_object	object:/meters/6/decay	752ce23373f19c6a7d68a0f8db5b7a8dcde40662ed68c1002eb4489dd424a4e7
balance/meters/first-content.json#/meters/7	balance/meters/first-content.json	meters	/meters/7	object_record	trust.regulators.grievance	9a793ce2f060f19398cbca1d55a09394204b7fffb8fe23d7bac974d6cc296e28
balance/meters/first-content.json#/meters/7/bands/0	balance/meters/first-content.json	meters	/meters/7/bands/0	object_record	low	442267c9a1223399c2bb14b2c1003b64aa71f2ddc68503cc22649dd591448573
balance/meters/first-content.json#/meters/7/bands/1	balance/meters/first-content.json	meters	/meters/7/bands/1	object_record	high	3d8680dafb2b5f0cb5701323288b842d3ca748077a7ef60253c3ee39aa5fe7a1
balance/meters/first-content.json#/meters/7/inputs	balance/meters/first-content.json	meters	/meters/7/inputs	empty_collection	<empty>	4f53cda18c2baa0c0354bb5f9a3ecbe5ed12ab4d8e11ba873c2f11161202b945
balance/meters/first-content.json#/meters/7/decay	balance/meters/first-content.json	meters	/meters/7/decay	nested_object	object:/meters/7/decay	bc5a02c1f6eccc0bdcf65ebabb9ed3a8a41dbabc41125ddd35dc3f2e2a049832
balance/meters/first-content.json#/meters/8	balance/meters/first-content.json	meters	/meters/8	object_record	trust.regulators.standing	5a6acffab8554508555fd73b679e2a3f4e2b0dc4feae94600600abef5a3197ab
balance/meters/first-content.json#/meters/8/bands/0	balance/meters/first-content.json	meters	/meters/8/bands/0	object_record	low	442267c9a1223399c2bb14b2c1003b64aa71f2ddc68503cc22649dd591448573
balance/meters/first-content.json#/meters/8/bands/1	balance/meters/first-content.json	meters	/meters/8/bands/1	object_record	high	3d8680dafb2b5f0cb5701323288b842d3ca748077a7ef60253c3ee39aa5fe7a1
balance/meters/first-content.json#/meters/8/inputs	balance/meters/first-content.json	meters	/meters/8/inputs	empty_collection	<empty>	4f53cda18c2baa0c0354bb5f9a3ecbe5ed12ab4d8e11ba873c2f11161202b945
balance/meters/first-content.json#/meters/8/decay	balance/meters/first-content.json	meters	/meters/8/decay	nested_object	object:/meters/8/decay	752ce23373f19c6a7d68a0f8db5b7a8dcde40662ed68c1002eb4489dd424a4e7
balance/meters/first-content.json#/meters/9	balance/meters/first-content.json	meters	/meters/9	object_record	trust.users.grievance	6437247c27ce2b8a32f75e2f102ab0ad2e30abde10c1ffae864c97ac78fe41e4
balance/meters/first-content.json#/meters/9/bands/0	balance/meters/first-content.json	meters	/meters/9/bands/0	object_record	low	442267c9a1223399c2bb14b2c1003b64aa71f2ddc68503cc22649dd591448573
balance/meters/first-content.json#/meters/9/bands/1	balance/meters/first-content.json	meters	/meters/9/bands/1	object_record	high	3d8680dafb2b5f0cb5701323288b842d3ca748077a7ef60253c3ee39aa5fe7a1
balance/meters/first-content.json#/meters/9/inputs	balance/meters/first-content.json	meters	/meters/9/inputs	empty_collection	<empty>	4f53cda18c2baa0c0354bb5f9a3ecbe5ed12ab4d8e11ba873c2f11161202b945
balance/meters/first-content.json#/meters/9/decay	balance/meters/first-content.json	meters	/meters/9/decay	nested_object	object:/meters/9/decay	bc5a02c1f6eccc0bdcf65ebabb9ed3a8a41dbabc41125ddd35dc3f2e2a049832
balance/meters/first-content.json#/meters/10	balance/meters/first-content.json	meters	/meters/10	object_record	trust.users.standing	542355f9e4f589bf731cc742040a83f42d7233278171e8a6e3ccc1062d2d6d10
balance/meters/first-content.json#/meters/10/bands/0	balance/meters/first-content.json	meters	/meters/10/bands/0	object_record	low	442267c9a1223399c2bb14b2c1003b64aa71f2ddc68503cc22649dd591448573
balance/meters/first-content.json#/meters/10/bands/1	balance/meters/first-content.json	meters	/meters/10/bands/1	object_record	high	3d8680dafb2b5f0cb5701323288b842d3ca748077a7ef60253c3ee39aa5fe7a1
balance/meters/first-content.json#/meters/10/inputs/0	balance/meters/first-content.json	meters	/meters/10/inputs/0	object_record	source_id:commons.member	0c5d7c0baaf65e84e3d72dd4e0d2e3d98a8635410a1beae604bfd04121cddd39
balance/meters/first-content.json#/meters/10/decay	balance/meters/first-content.json	meters	/meters/10/decay	nested_object	object:/meters/10/decay	752ce23373f19c6a7d68a0f8db5b7a8dcde40662ed68c1002eb4489dd424a4e7
balance/minigame-api/first-content.json#/operations/0	balance/minigame-api/first-content.json	minigame_api	/operations/0	object_record	operation_id:create_minigame_session	bed7e424c17299d848848d217b15489555afde19eb3d55a3103e12c02af09aaf
balance/minigame-api/first-content.json#/operations/1	balance/minigame-api/first-content.json	minigame_api	/operations/1	object_record	operation_id:get_current_minigame_session	5aedb84356c0764afc13a31a9e6726edeec4c7eb3a94bb5e6ccae9d6e7531ec2
balance/minigame-api/first-content.json#/operations/2	balance/minigame-api/first-content.json	minigame_api	/operations/2	object_record	operation_id:play_minigame_command	e2215091792c1e228afd6595803ff544e8ee8d73cf3cf5e24fb2aa66ed3db446
balance/minigame-api/first-content.json#/operations/3	balance/minigame-api/first-content.json	minigame_api	/operations/3	object_record	operation_id:resolve_minigame_session	08649dbfd4822ab9c6872f4e19ce4c7621269a4e5b48dd34881ee0a7e19d17f6
balance/minigame-api/first-content.json#/tenants/0	balance/minigame-api/first-content.json	minigame_api	/tenants/0	object_record	minigame_id:pitch	534d23f75337063429863069454ed98b223f5cefcce276e5dbc76b55ff929007
balance/minigames/first-content.json#/rating_seasons/0	balance/minigames/first-content.json	minigames	/rating_seasons/0	primitive_edge	"s1"	0fc34686741291b4dd06511bc37285bdcb15788aaef075efce68417ceb6b6d2a
balance/minigames/first-content.json#/minigames/0	balance/minigames/first-content.json	minigames	/minigames/0	object_record	minigame_id:pitch	0a9e6eb9ca24d7818df08122e26c65c80915bc250527d4dabaf503bf4b281fa1
balance/minigames/first-content.json#/minigames/0/modes/0	balance/minigames/first-content.json	minigames	/minigames/0/modes/0	primitive_edge	"solo"	c9408ee2f89ccab4e6bb7ee02878184614f0bd2fc54e44dcfa75e6bb2694f293
balance/minigames/first-content.json#/minigames/0/result_score_fact_ids/0	balance/minigames/first-content.json	minigames	/minigames/0/result_score_fact_ids/0	primitive_edge	"pitch.best_hand_exponent"	d3b24555e509cc4aa7f7ced50821d8cf14d46c024dbbc19df3c57094a9a4ec03
balance/minigames/first-content.json#/minigames/0/result_score_fact_ids/1	balance/minigames/first-content.json	minigames	/minigames/0/result_score_fact_ids/1	primitive_edge	"pitch.final_round"	032884336dcb8520b6ded279c375716660502267e22e66b94bca93adf72a2194
balance/minigames/first-content.json#/minigames/0/scaling	balance/minigames/first-content.json	minigames	/minigames/0/scaling	nested_object	object:/minigames/0/scaling	ea12a23deb29b2540c3dd0c64cc333e66288e467955cf162a390346ab7cf3301
balance/minigames/first-content.json#/minigames/0/scaling/scaling_inputs/0	balance/minigames/first-content.json	minigames	/minigames/0/scaling/scaling_inputs/0	object_record	object:/minigames/0/scaling/scaling_inputs/0	458e536c2ab27c23a8d004a2dc6f5a593037499f0122c1fb69ccb0e3a21b2da9
balance/minigames/first-content.json#/minigames/0/payout	balance/minigames/first-content.json	minigames	/minigames/0/payout	nested_object	credited_resource_id:company.cash	d58c5786d9dfb62bcd68da2484bb0a44ca9813365fb6bc5784437eea883f8771
balance/minigames/first-content.json#/minigames/0/fallback	balance/minigames/first-content.json	minigames	/minigames/0/fallback	nested_object	object:/minigames/0/fallback	f759033b78e51e2b75ccbfe441798bd73181fe908191c3ebdcdbfb87e0d99f37
balance/minigames/first-content.json#/minigames/0/offline_quality	balance/minigames/first-content.json	minigames	/minigames/0/offline_quality	nested_object	object:/minigames/0/offline_quality	459f316fff761650bd53879ed7242c83429377a19359f7cc97a17ca383f17e91
balance/minigames/first-content.json#/minigames/0/offline_quality/grade_curve/0	balance/minigames/first-content.json	minigames	/minigames/0/offline_quality/grade_curve/0	object_record	object:/minigames/0/offline_quality/grade_curve/0	38cc16fff4efef2bdd0adaa0e32529c65323cf4421011940dbaed0239a2027f2
balance/minigames/first-content.json#/minigames/0/offline_quality/grade_curve/1	balance/minigames/first-content.json	minigames	/minigames/0/offline_quality/grade_curve/1	object_record	object:/minigames/0/offline_quality/grade_curve/1	fc456990f7b3fffc40ce75a70b8a57b0f65d9f2299d539e20f43f2beb016be79
balance/minigames/first-content.json#/minigames/0/offline_quality/grade_curve/2	balance/minigames/first-content.json	minigames	/minigames/0/offline_quality/grade_curve/2	object_record	object:/minigames/0/offline_quality/grade_curve/2	a80d9a25fe00475bacd184cb0eff90a5c41ffa629a090a5f40fb9f0d97f89c5e
balance/minigames/first-content.json#/minigames/0/offline_quality/grade_curve/3	balance/minigames/first-content.json	minigames	/minigames/0/offline_quality/grade_curve/3	object_record	object:/minigames/0/offline_quality/grade_curve/3	e29b7618e97530539716c18ddb3439c1bc48f0c0d51c9560a94eaf8cbb81777c
balance/minigames/first-content.json#/minigames/0/rating_policy	balance/minigames/first-content.json	minigames	/minigames/0/rating_policy	nested_object	object:/minigames/0/rating_policy	2c76715aa8bad208d5507f50bfc6aaf72494400f88b82d2e6d1ad05df446830d
balance/minigames/first-content.json#/minigames/0/unlock_condition	balance/minigames/first-content.json	minigames	/minigames/0/unlock_condition	nested_object	unlock_id:minigame.pitch	3d7ff8b13fe5e723912ed89a1697fddf3b5df7ac0a205e07d019e30d9acbc47a
balance/opportunities/t0-t1.json#/schedule_policy	balance/opportunities/t0-t1.json	opportunities	/schedule_policy	singleton_policy	object:/schedule_policy	e5d3d19c2cf8dd41f0702158ea64d505bc79dc6a23f2f193742c9b8688c5a1ec
balance/opportunities/t0-t1.json#/effects/0	balance/opportunities/t0-t1.json	opportunities	/effects/0	object_record	effect_row_id:active.building	c7379d15f5451956ec1c81df9bac5e4017b1fb595c51dee1c905acc7931a390a
balance/opportunities/t0-t1.json#/effects/0/eligible_generator_ids/0	balance/opportunities/t0-t1.json	opportunities	/effects/0/eligible_generator_ids/0	primitive_edge	"generator.beige_tower"	5f4dedb691f32a85c2418bec85e89e91e0300e9fd6ff2a64c55b54d898bf2a69
balance/opportunities/t0-t1.json#/effects/1	balance/opportunities/t0-t1.json	opportunities	/effects/1	object_record	effect_row_id:active.click	aaeec2cf265288d4a2e564b74fc9b39a109b2637cb7adcba2b362a5d1cfd6bfc
balance/opportunities/t0-t1.json#/effects/1/action_ids/0	balance/opportunities/t0-t1.json	opportunities	/effects/1/action_ids/0	primitive_edge	"manual.click"	120b87622855eb356cd9c2103e50e1e17931b4eb6a1f3b4af89a071d26cf28e9
balance/opportunities/t0-t1.json#/effects/2	balance/opportunities/t0-t1.json	opportunities	/effects/2	object_record	effect_row_id:active.lucky	06ede0665ad7c0228ee625e9a8cafe97a480317b9f0303b095f0d2bd72158f9b
balance/opportunities/t0-t1.json#/effects/3	balance/opportunities/t0-t1.json	opportunities	/effects/3	object_record	effect_row_id:active.production	080a6567b1a0477ea479bf63e989d6d1cf97ed02b92501f1e8f8d2edc8dc38cd
balance/opportunities/t0-t1.json#/effects/3/targets/0	balance/opportunities/t0-t1.json	opportunities	/effects/3/targets/0	primitive_edge	"generator_production"	774f0a3e4943e65dab56b4dc9bed6222df5acfc39b0c3a122921e6192cba6555
balance/opportunities/t0-t1.json#/combo_policy	balance/opportunities/t0-t1.json	opportunities	/combo_policy	singleton_policy	object:/combo_policy	07a1e868c0db140881ef5420997bdb3c74fee0c10e29106206fdd3903120a45a
balance/pets/first-content.json#/stat_policy	balance/pets/first-content.json	pets	/stat_policy	singleton_policy	object:/stat_policy	a25b8c12578cc5e3dd5f9c9511eee4f2dee16a9091cfe6ebc29ebb167c6e65c1
balance/pets/first-content.json#/stat_policy/stats/0	balance/pets/first-content.json	pets	/stat_policy/stats/0	object_record	stat_id:hunger	cf5323e824ec5c099c64a16cf4899a51aa7d6b3964412b759fddab3e175af346
balance/pets/first-content.json#/stat_policy/stats/1	balance/pets/first-content.json	pets	/stat_policy/stats/1	object_record	stat_id:energy	969e121b267c8edb8ab8d5199e203349a39d23f7eca31af30d616b112960ed39
balance/pets/first-content.json#/stat_policy/stats/2	balance/pets/first-content.json	pets	/stat_policy/stats/2	object_record	stat_id:cleanliness	b1b29deecce91420ed3a5a4ae354d2a7b307875dde745111f5e3011de07eab45
balance/pets/first-content.json#/stat_policy/stats/3	balance/pets/first-content.json	pets	/stat_policy/stats/3	object_record	stat_id:affection	a8f3fb6d8d6f436787b4ddd59b814d630fa6fc6ef34cc89e87b94f8650272c2a
balance/pets/first-content.json#/actions/0	balance/pets/first-content.json	pets	/actions/0	object_record	action_id:care.feed	e297920e3603085e49640b06a743dc3d9efd129dea77319d3ef0efe0505c4832
balance/pets/first-content.json#/actions/1	balance/pets/first-content.json	pets	/actions/1	object_record	action_id:care.groom	87b17e46d4267144433733b1e72e970cbd40a053c9d53873f4d33f2bbf42e039
balance/pets/first-content.json#/actions/2	balance/pets/first-content.json	pets	/actions/2	object_record	action_id:care.pet	3d8e690ba38f07c5bc7f1800e6992aa8d63deff014b69b0551e3df61e4862757
balance/pets/first-content.json#/actions/3	balance/pets/first-content.json	pets	/actions/3	object_record	action_id:care.play	c9f607453cfb0d328cac696280e48e7470c280343d4dba0965ab1d4f13749cfe
balance/pets/first-content.json#/actions/4	balance/pets/first-content.json	pets	/actions/4	object_record	action_id:care.rest	48def85f6a766bd161da1f01b7f3c23ea8e03d551a525a8e920d79a54abc6ff3
balance/pets/first-content.json#/trust_policy	balance/pets/first-content.json	pets	/trust_policy	singleton_policy	object:/trust_policy	4b86293f4f9a62055aadf95544673efca3ef7e0b5aaf1c967afa251395d908fd
balance/pets/first-content.json#/mood_policy/0	balance/pets/first-content.json	pets	/mood_policy/0	object_record	object:/mood_policy/0	37836941657839a71a1d2c033305623744411eef703a5e48a4f06f56041868f4
balance/pets/first-content.json#/mood_policy/1	balance/pets/first-content.json	pets	/mood_policy/1	object_record	object:/mood_policy/1	9c3f1ff87354e800891be7ffb92b21a0bf6de208041c515865be85eae2ac5058
balance/pets/first-content.json#/mood_policy/2	balance/pets/first-content.json	pets	/mood_policy/2	object_record	object:/mood_policy/2	84a4e1873585c2779de6e1b3a48202880532c6d1b6f9137c3ad996166e4029ee
balance/pets/first-content.json#/mood_policy/3	balance/pets/first-content.json	pets	/mood_policy/3	object_record	object:/mood_policy/3	09b90c74d5108708ffa369aa16d882da5db167a48382dcd83be503f2d6ebd36d
balance/pets/first-content.json#/behavior_policy/0	balance/pets/first-content.json	pets	/behavior_policy/0	object_record	object:/behavior_policy/0	93d92f1bc1f3f23bdf0e0c28e4b7fc55b4a6e10522f43ed2d961f809b8a2629f
balance/pets/first-content.json#/behavior_policy/1	balance/pets/first-content.json	pets	/behavior_policy/1	object_record	object:/behavior_policy/1	6db8986177ad3087ba342fbb6c2aae9481c2a2ec810f2763293875b40b11451e
balance/pets/first-content.json#/behavior_policy/2	balance/pets/first-content.json	pets	/behavior_policy/2	object_record	object:/behavior_policy/2	1c27c154f2043bbe16c982163395d2777f5ac9bcf664f0fd885c60572bfca1e7
balance/pets/first-content.json#/behavior_policy/3	balance/pets/first-content.json	pets	/behavior_policy/3	object_record	object:/behavior_policy/3	6145547f8fe008b357b9cefbcca985a88539caa38dbb886e86fd82b5e8448517
balance/pets/first-content.json#/behavior_policy/4	balance/pets/first-content.json	pets	/behavior_policy/4	object_record	object:/behavior_policy/4	c9a91aba7a073743c874801a801d2d1c8e0cacc4ba30a5d92c07977755143b27
balance/pets/first-content.json#/behavior_policy/5	balance/pets/first-content.json	pets	/behavior_policy/5	object_record	object:/behavior_policy/5	ebab6fbb3709cc111f96902cf9314cf2fa6bfd21dbb61c3eb7ead6e4adc9ea0c
balance/pets/first-content.json#/behavior_policy/6	balance/pets/first-content.json	pets	/behavior_policy/6	object_record	object:/behavior_policy/6	94bdf8c585db07bce01fe61d6996ac5d560a050d07ca747da97122b6cbd4a63b
balance/pets/first-content.json#/behavior_policy/7	balance/pets/first-content.json	pets	/behavior_policy/7	object_record	object:/behavior_policy/7	f04b16c2e1cf30fc0b060f8ca4a543ef17c5408bac4e459ab90196fdf5f00d8f
balance/pitch.json#/policy	balance/pitch.json	pitch	/policy	singleton_policy	object:/policy	51da749ab884e6cf85423e6893665298f8c6a4ac9f97efacc24f516496680b33
balance/pitch.json#/metric_cards/0	balance/pitch.json	pitch	/metric_cards/0	object_record	card_id:api_call	34276c975d78d513673625eb6e9b2050bd9a3b0cdab8b3513b54f8d54c58c831
balance/pitch.json#/metric_cards/1	balance/pitch.json	pitch	/metric_cards/1	object_record	card_id:beta_invite	595dda90b5086b5291a0951b280676811ea33e1470e9f94c32be9690a955fa59
balance/pitch.json#/metric_cards/2	balance/pitch.json	pitch	/metric_cards/2	object_record	card_id:cache_hit	1b26bf08e2ff5a8562e506a2b61ef0de5ed671136ba96ada7aee104c64ebb93a
balance/pitch.json#/metric_cards/3	balance/pitch.json	pitch	/metric_cards/3	object_record	card_id:demo_day	1e12bad9d78efd02dafef343a9588dc38e5a1581671c8610f662389d2f891eaf
balance/pitch.json#/metric_cards/4	balance/pitch.json	pitch	/metric_cards/4	object_record	card_id:newsletter	91c8fd6dc407e7f0d7e0603bfd8720d114d3a11d5121f11097deaf4c159b53bf
balance/pitch.json#/metric_cards/5	balance/pitch.json	pitch	/metric_cards/5	object_record	card_id:page_views	f103cf7149ff7efc09addf9ce051018d9eb120b960465e6f28b2111450035d6e
balance/pitch.json#/metric_cards/6	balance/pitch.json	pitch	/metric_cards/6	object_record	card_id:patch_release	73221b3341c6575acdf58a50e068757498e30417a8612d0f0961a7d9750f2873
balance/pitch.json#/metric_cards/7	balance/pitch.json	pitch	/metric_cards/7	object_record	card_id:press_mention	09e75ca344c065997d1e1e46d37cee278d02c55c634447c8a222c4c256e87a19
balance/pitch.json#/metric_cards/8	balance/pitch.json	pitch	/metric_cards/8	object_record	card_id:referral_loop	18b38d1ec015ff413401085bb421c76d61b01ee9f97d11ba28cd965999e13b42
balance/pitch.json#/metric_cards/9	balance/pitch.json	pitch	/metric_cards/9	object_record	card_id:testimonial	a692670478dbcded1c2225631200fe45db7b1d93ca75e80623401401ca567b44
balance/pitch.json#/metric_cards/10	balance/pitch.json	pitch	/metric_cards/10	object_record	card_id:uptime_nines	bbd9f049974c38f60aa2ffab90c0ddc036b3dd6b29d6dd93ea0a130a6c76f0fc
balance/pitch.json#/metric_cards/11	balance/pitch.json	pitch	/metric_cards/11	object_record	card_id:users_signup	91c254ef3a6ac4d505dfd5e3733ee299f782bd050e1deecc51301255ddae4c09
balance/pitch.json#/growth_hacks/0	balance/pitch.json	pitch	/growth_hacks/0	object_record	hack_id:ab_test	d43c44680240f66e51fdae3319d31318250bc416b4095479de69e225a9d99c73
balance/pitch.json#/growth_hacks/0/effect	balance/pitch.json	pitch	/growth_hacks/0/effect	nested_object	object:/growth_hacks/0/effect	4accf081d2c60b7516d3dabc3b7022a09f02f6df24bbb715444514d70e7afa70
balance/pitch.json#/growth_hacks/1	balance/pitch.json	pitch	/growth_hacks/1	object_record	hack_id:buzzword	2ccf8d9098f1d5c67ae8b5955fa9eff7558a7efe9f13dd15014b833b11e54b5d
balance/pitch.json#/growth_hacks/1/effect	balance/pitch.json	pitch	/growth_hacks/1/effect	nested_object	object:/growth_hacks/1/effect	3e3f1f85caa6dfbe2de8bcb8c8993766064093885487aa35022bae6bab937927
balance/pitch.json#/growth_hacks/2	balance/pitch.json	pitch	/growth_hacks/2	object_record	hack_id:dark_pattern	b82375a6113ae65ad4e2f9a4a395028b86a83a43d830a4d359d89f4591fe89f5
balance/pitch.json#/growth_hacks/2/effect	balance/pitch.json	pitch	/growth_hacks/2/effect	nested_object	object:/growth_hacks/2/effect	fb8aba8a32f5f93db977aa4258aa61dfdaf8b21a6e507e03d6f33bc6062228e7
balance/pitch.json#/growth_hacks/3	balance/pitch.json	pitch	/growth_hacks/3	object_record	hack_id:growth_loop	f5b70b242fb56ff6721fce93e020c9df6bf1e2f8060f9cc89cc9b3571793cbf6
balance/pitch.json#/growth_hacks/3/effect	balance/pitch.json	pitch	/growth_hacks/3/effect	nested_object	object:/growth_hacks/3/effect	ced58a7f3bfc115e517693c8b6bf93ca3ee4202461b97f73ef1756f194439689
balance/pitch.json#/growth_hacks/4	balance/pitch.json	pitch	/growth_hacks/4	object_record	hack_id:infinite_scroll	54ff3356dbfb0edc36dffe0f32a85b575c94a7fa8618dd8223c74e2cb4fcab3a
balance/pitch.json#/growth_hacks/4/effect	balance/pitch.json	pitch	/growth_hacks/4/effect	nested_object	object:/growth_hacks/4/effect	a9bad6decb2ec65eb1749a4c97ab567edd4fadab3963eb15da3c58e2bb0c65f8
balance/pitch.json#/growth_hacks/5	balance/pitch.json	pitch	/growth_hacks/5	object_record	hack_id:pivot	6b7ea53bca4cd1aba465b39b75bcf78331654386e992c2f19675bbeae4fc38fa
balance/pitch.json#/growth_hacks/5/effect	balance/pitch.json	pitch	/growth_hacks/5/effect	nested_object	object:/growth_hacks/5/effect	613203332a4582c884aa2d93e1c30c2cb050db0fc436ae6720bbff33daec0c50
balance/pitch.json#/growth_hacks/6	balance/pitch.json	pitch	/growth_hacks/6	object_record	hack_id:stealth_mode	8e9c9f71578d6a4cae43c29f7dd8802db0630a7554e881a76e8cda0c31f26d49
balance/pitch.json#/growth_hacks/6/effect	balance/pitch.json	pitch	/growth_hacks/6/effect	nested_object	partner_hack_id:pivot	ea852dc235b417398041673a92012a956a83c4d79eaa939c4cdb8d01c4fb0ea1
balance/pitch.json#/growth_hacks/7	balance/pitch.json	pitch	/growth_hacks/7	object_record	hack_id:synergy_deck	3745faf9a393cdf2e099294f290d50e36836f538698e5ccedd8196f4aa1c2a71
balance/pitch.json#/growth_hacks/7/effect	balance/pitch.json	pitch	/growth_hacks/7/effect	nested_object	partner_hack_id:ab_test	7fdddb56001d7514edff8968ae0460c4a04fd1208d57d70cc93ec9a003d96f97
balance/pitch.json#/funding_curve/0	balance/pitch.json	pitch	/funding_curve/0	object_record	object:/funding_curve/0	ceb920535075ca7ba68b09b7ddc3d5bf142307cc9a0d1458e0aec9bb82939aee
balance/pitch.json#/funding_curve/1	balance/pitch.json	pitch	/funding_curve/1	object_record	object:/funding_curve/1	b5e522803411065e8206dcc8c59e5ea4a2daa8e9897b996c31efb18b079e8c50
balance/pitch.json#/funding_curve/2	balance/pitch.json	pitch	/funding_curve/2	object_record	object:/funding_curve/2	3fd40662f5fd536de74763122cd7d96f746fca3c28c60c9f95a2e2036dae7dd7
balance/pitch.json#/funding_curve/3	balance/pitch.json	pitch	/funding_curve/3	object_record	object:/funding_curve/3	3ccb523f4a19c92db614908b314442742c732e575e454d91c7ab34d23579fd09
balance/pitch.json#/funding_curve/4	balance/pitch.json	pitch	/funding_curve/4	object_record	object:/funding_curve/4	ad87c4ae78f9cb8e81fe189ec7d22494e57304232c57b3959966bece11b70b90
balance/pitch.json#/funding_curve/5	balance/pitch.json	pitch	/funding_curve/5	object_record	object:/funding_curve/5	3b2d44c9276c93f95d6ab7ccd10b73f9492bb95fc5910b497aa78acd555ed5e9
balance/pitch.json#/funding_curve/6	balance/pitch.json	pitch	/funding_curve/6	object_record	object:/funding_curve/6	929cfb00bef8ba7dc2084f42482a52e411dc06d8b020259a949e7ab261e4ccfe
balance/pitch.json#/funding_curve/7	balance/pitch.json	pitch	/funding_curve/7	object_record	object:/funding_curve/7	900302c075bdd55bf6ce74f48ee104d08be3205ada6db1794a98830e96731356
balance/prestige/phase0.json#/value_resource_id	balance/prestige/phase0.json	prestige	/value_resource_id	root_policy_field	"company.cash"	c9a362bba3a2e428bf936a0d9e114babcea86ebe9476c9e41b771efdba855f8b
balance/prestige/phase0.json#/threshold	balance/prestige/phase0.json	prestige	/threshold	root_policy_field	"1e12"	561ae519008a4a713005bc28435cdd6f903cfbcb8296567ae05fc5dc8878ec89
balance/prestige/phase0.json#/exit_modifiers_ppm	balance/prestige/phase0.json	prestige	/exit_modifiers_ppm	singleton_policy	object:/exit_modifiers_ppm	20ec38aff38f95be0e61a274a4fd4911399eca66a52d05402d757931aab0d7ac
balance/prestige/phase0.json#/collapse_route_knowledge	balance/prestige/phase0.json	prestige	/collapse_route_knowledge	root_policy_field	25	b7a56873cd771f2c446d369b649430b65a756ba278ff97ec81bb6f55b2e73569
balance/prestige/phase0.json#/catchup_ceiling_ms	balance/prestige/phase0.json	prestige	/catchup_ceiling_ms	root_policy_field	5000	0f8eb4b72b6e0c9e88b388eb967b49e067ef1004bf07bffc22c3acb13b43580a
balance/prestige/phase0.json#/offer_duration_ms	balance/prestige/phase0.json	prestige	/offer_duration_ms	root_policy_field	900000	d1d282f04815e254882e9fee0144155003a6c2383f1614c3c3a8f575b6f2db2f
balance/prestige/phase0.json#/decline_drift_ppm	balance/prestige/phase0.json	prestige	/decline_drift_ppm	root_policy_field	50000	60734f174b2035e5b2ba85fef8c648cc0cb18c5995b419d3cd1c025c5b09d0c7
balance/prestige/phase0.json#/spawn_gate_ppm/0	balance/prestige/phase0.json	prestige	/spawn_gate_ppm/0	primitive_edge	0	5feceb66ffc86f38d952786c6d696c79c2dbc239dd4e91b46729d73a27fb57e9
balance/prestige/phase0.json#/spawn_gate_ppm/1	balance/prestige/phase0.json	prestige	/spawn_gate_ppm/1	primitive_edge	300000	6ce318969619d1c360b6144be09e3d3a22674897c7cbfe995716ed8b7ff7c4cf
balance/prestige/phase0.json#/spawn_gate_ppm/2	balance/prestige/phase0.json	prestige	/spawn_gate_ppm/2	primitive_edge	400000	ad1e2e29fe1631ddf7bedaadffe63c4efd61e6909a1ed0648e7b9645bd27dab5
balance/prestige/phase0.json#/spawn_gate_ppm/3	balance/prestige/phase0.json	prestige	/spawn_gate_ppm/3	primitive_edge	500000	8d6962a152aee235ba824c41758b8da2371b7077b4ea0afaaec94014e16e3bc7
balance/prestige/phase0.json#/spawn_gate_ppm/4	balance/prestige/phase0.json	prestige	/spawn_gate_ppm/4	primitive_edge	600000	a3c25177bb8fb18ab261743d2296eb0edb79ee7234493f24f20b8f85b5b9a9d8
balance/prestige/phase0.json#/spawn_gate_ppm/5	balance/prestige/phase0.json	prestige	/spawn_gate_ppm/5	primitive_edge	700000	bbce68c972781f645c57245c19d0e0c5990e221ac9a1e70afbadd82609c87fce
balance/prestige/phase0.json#/spawn_gate_ppm/6	balance/prestige/phase0.json	prestige	/spawn_gate_ppm/6	primitive_edge	800000	06c117bb812639e8f80c10b64953df8b099fd534b2fcae74f49f735b93fedba4
balance/prestige/phase0.json#/spawn_gate_ppm/7	balance/prestige/phase0.json	prestige	/spawn_gate_ppm/7	primitive_edge	900000	d1d282f04815e254882e9fee0144155003a6c2383f1614c3c3a8f575b6f2db2f
balance/prestige/phase0.json#/spawn_gate_ppm/8	balance/prestige/phase0.json	prestige	/spawn_gate_ppm/8	primitive_edge	1000000	6cce36d9f8a9e151b100234af75cca89d55bcb94c153f51847debdf1f39cae45
balance/prestige/phase0.json#/spawn_gate_ppm/9	balance/prestige/phase0.json	prestige	/spawn_gate_ppm/9	primitive_edge	1000000	6cce36d9f8a9e151b100234af75cca89d55bcb94c153f51847debdf1f39cae45
balance/prestige/phase0.json#/advisor_per_run_ppm	balance/prestige/phase0.json	prestige	/advisor_per_run_ppm	root_policy_field	20000	876c9b16254e157d1eb645390dcfae6f29b9d3cd394e73a91de8ee5d0e67ee43
balance/prestige/phase0.json#/advisor_cap_ppm	balance/prestige/phase0.json	prestige	/advisor_cap_ppm	root_policy_field	500000	8d6962a152aee235ba824c41758b8da2371b7077b4ea0afaaec94014e16e3bc7
balance/relevance/t0-t1.json#/items/0	balance/relevance/t0-t1.json	relevance	/items/0	object_record	purchasable_id:generator.answering_machine	aa68c7cf4f49b27adb846047fdcf927b80d7beeb93cde8bd76a76916f4822a7f
balance/relevance/t0-t1.json#/items/0/availability_window	balance/relevance/t0-t1.json	relevance	/items/0/availability_window	nested_object	object:/items/0/availability_window	f3320194a78490754bb9297b6859fc2735fad0ac025ac33bdfd3d41beb85965d
balance/relevance/t0-t1.json#/items/0/group_ids	balance/relevance/t0-t1.json	relevance	/items/0/group_ids	empty_collection	<empty>	4f53cda18c2baa0c0354bb5f9a3ecbe5ed12ab4d8e11ba873c2f11161202b945
balance/relevance/t0-t1.json#/items/1	balance/relevance/t0-t1.json	relevance	/items/1	object_record	purchasable_id:generator.beige_tower	19b0a52e358cb896301a6cae9b880eb4126e8cc18be7778926843405e7614913
balance/relevance/t0-t1.json#/items/1/availability_window	balance/relevance/t0-t1.json	relevance	/items/1/availability_window	nested_object	object:/items/1/availability_window	f3320194a78490754bb9297b6859fc2735fad0ac025ac33bdfd3d41beb85965d
balance/relevance/t0-t1.json#/items/1/group_ids	balance/relevance/t0-t1.json	relevance	/items/1/group_ids	empty_collection	<empty>	4f53cda18c2baa0c0354bb5f9a3ecbe5ed12ab4d8e11ba873c2f11161202b945
balance/relevance/t0-t1.json#/items/2	balance/relevance/t0-t1.json	relevance	/items/2	object_record	purchasable_id:generator.beige_tower_v2	84c4a380038158cb7856120962b07497d3b10333718b2a855c3bcb52c8e0f556
balance/relevance/t0-t1.json#/items/2/availability_window	balance/relevance/t0-t1.json	relevance	/items/2/availability_window	nested_object	object:/items/2/availability_window	8e411682a4901cedc02189dcd350567b83420f98d95691f9e0955530f76f4687
balance/relevance/t0-t1.json#/items/2/group_ids	balance/relevance/t0-t1.json	relevance	/items/2/group_ids	empty_collection	<empty>	4f53cda18c2baa0c0354bb5f9a3ecbe5ed12ab4d8e11ba873c2f11161202b945
balance/relevance/t0-t1.json#/items/3	balance/relevance/t0-t1.json	relevance	/items/3	object_record	purchasable_id:generator.crt_wall	b743e722cddfa01993a31d687fc4b2a764be5b9cfdb57c3d387455c3beefa6f0
balance/relevance/t0-t1.json#/items/3/availability_window	balance/relevance/t0-t1.json	relevance	/items/3/availability_window	nested_object	object:/items/3/availability_window	8e411682a4901cedc02189dcd350567b83420f98d95691f9e0955530f76f4687
balance/relevance/t0-t1.json#/items/3/group_ids	balance/relevance/t0-t1.json	relevance	/items/3/group_ids	empty_collection	<empty>	4f53cda18c2baa0c0354bb5f9a3ecbe5ed12ab4d8e11ba873c2f11161202b945
balance/relevance/t0-t1.json#/items/4	balance/relevance/t0-t1.json	relevance	/items/4	object_record	purchasable_id:generator.dot_matrix_queue	71463d9329567be25cbd46d5398968d6e6325085b6dd44050e6a34a6bbc155bd
balance/relevance/t0-t1.json#/items/4/availability_window	balance/relevance/t0-t1.json	relevance	/items/4/availability_window	nested_object	object:/items/4/availability_window	f3320194a78490754bb9297b6859fc2735fad0ac025ac33bdfd3d41beb85965d
balance/relevance/t0-t1.json#/items/4/group_ids	balance/relevance/t0-t1.json	relevance	/items/4/group_ids	empty_collection	<empty>	4f53cda18c2baa0c0354bb5f9a3ecbe5ed12ab4d8e11ba873c2f11161202b945
balance/relevance/t0-t1.json#/items/5	balance/relevance/t0-t1.json	relevance	/items/5	object_record	purchasable_id:generator.first_hire	74d3c1ae3f4f195946cda78b511098faea69cab161c7a023df8c490f89c6bebd
balance/relevance/t0-t1.json#/items/5/availability_window	balance/relevance/t0-t1.json	relevance	/items/5/availability_window	nested_object	object:/items/5/availability_window	8e411682a4901cedc02189dcd350567b83420f98d95691f9e0955530f76f4687
balance/relevance/t0-t1.json#/items/5/group_ids	balance/relevance/t0-t1.json	relevance	/items/5/group_ids	empty_collection	<empty>	4f53cda18c2baa0c0354bb5f9a3ecbe5ed12ab4d8e11ba873c2f11161202b945
balance/relevance/t0-t1.json#/items/6	balance/relevance/t0-t1.json	relevance	/items/6	object_record	purchasable_id:generator.garage_rack	697b61340b8b01bf3486e277320a7caa489f2d914d2cdd549a19ff95ca95639a
balance/relevance/t0-t1.json#/items/6/availability_window	balance/relevance/t0-t1.json	relevance	/items/6/availability_window	nested_object	object:/items/6/availability_window	8e411682a4901cedc02189dcd350567b83420f98d95691f9e0955530f76f4687
balance/relevance/t0-t1.json#/items/6/group_ids	balance/relevance/t0-t1.json	relevance	/items/6/group_ids	empty_collection	<empty>	4f53cda18c2baa0c0354bb5f9a3ecbe5ed12ab4d8e11ba873c2f11161202b945
balance/relevance/t0-t1.json#/items/7	balance/relevance/t0-t1.json	relevance	/items/7	object_record	purchasable_id:generator.nephew_intern	30b80aa4f2bbc31fec6c44c0abe35d5e1da193408b7d74064ce0259d1485c6e1
balance/relevance/t0-t1.json#/items/7/availability_window	balance/relevance/t0-t1.json	relevance	/items/7/availability_window	nested_object	object:/items/7/availability_window	f3320194a78490754bb9297b6859fc2735fad0ac025ac33bdfd3d41beb85965d
balance/relevance/t0-t1.json#/items/7/group_ids	balance/relevance/t0-t1.json	relevance	/items/7/group_ids	empty_collection	<empty>	4f53cda18c2baa0c0354bb5f9a3ecbe5ed12ab4d8e11ba873c2f11161202b945
balance/relevance/t0-t1.json#/items/8	balance/relevance/t0-t1.json	relevance	/items/8	object_record	purchasable_id:upgrade.beige_tower_cache	12a013352d27264c4b16268037edf91c283960a8d5af802ff637cc8130a3416f
balance/relevance/t0-t1.json#/items/8/availability_window	balance/relevance/t0-t1.json	relevance	/items/8/availability_window	nested_object	object:/items/8/availability_window	f3320194a78490754bb9297b6859fc2735fad0ac025ac33bdfd3d41beb85965d
balance/relevance/t0-t1.json#/items/8/group_ids	balance/relevance/t0-t1.json	relevance	/items/8/group_ids	empty_collection	<empty>	4f53cda18c2baa0c0354bb5f9a3ecbe5ed12ab4d8e11ba873c2f11161202b945
balance/relevance/t0-t1.json#/items/9	balance/relevance/t0-t1.json	relevance	/items/9	object_record	purchasable_id:upgrade.continuous_feed_paper	bc914934023995084bb6e64a2c59aabe579a36465547ab00f4eccde8e6e4805d
balance/relevance/t0-t1.json#/items/9/availability_window	balance/relevance/t0-t1.json	relevance	/items/9/availability_window	nested_object	object:/items/9/availability_window	f3320194a78490754bb9297b6859fc2735fad0ac025ac33bdfd3d41beb85965d
balance/relevance/t0-t1.json#/items/9/group_ids	balance/relevance/t0-t1.json	relevance	/items/9/group_ids	empty_collection	<empty>	4f53cda18c2baa0c0354bb5f9a3ecbe5ed12ab4d8e11ba873c2f11161202b945
balance/relevance/t0-t1.json#/items/10	balance/relevance/t0-t1.json	relevance	/items/10	object_record	purchasable_id:upgrade.crt_degauss_button	ebb9b5ea386cfda88e3451d9bcde280b3be4d2ad0f5573c036cedb5ff14aeb98
balance/relevance/t0-t1.json#/items/10/availability_window	balance/relevance/t0-t1.json	relevance	/items/10/availability_window	nested_object	object:/items/10/availability_window	8e411682a4901cedc02189dcd350567b83420f98d95691f9e0955530f76f4687
balance/relevance/t0-t1.json#/items/10/group_ids	balance/relevance/t0-t1.json	relevance	/items/10/group_ids	empty_collection	<empty>	4f53cda18c2baa0c0354bb5f9a3ecbe5ed12ab4d8e11ba873c2f11161202b945
balance/relevance/t0-t1.json#/items/11	balance/relevance/t0-t1.json	relevance	/items/11	object_record	purchasable_id:upgrade.employee_handbook_v0	a94ea63b8b90c5e696cd90b76b51cf269c940d94a990ae23bec366fe4f3bf474
balance/relevance/t0-t1.json#/items/11/availability_window	balance/relevance/t0-t1.json	relevance	/items/11/availability_window	nested_object	object:/items/11/availability_window	8e411682a4901cedc02189dcd350567b83420f98d95691f9e0955530f76f4687
balance/relevance/t0-t1.json#/items/11/group_ids	balance/relevance/t0-t1.json	relevance	/items/11/group_ids	empty_collection	<empty>	4f53cda18c2baa0c0354bb5f9a3ecbe5ed12ab4d8e11ba873c2f11161202b945
balance/relevance/t0-t1.json#/items/12	balance/relevance/t0-t1.json	relevance	/items/12	object_record	purchasable_id:upgrade.hold_music_license	b0545e901e3ad3a1ca72c30f6d1082c3f8d85c2a1ddd47da1a9aed0fbefb8930
balance/relevance/t0-t1.json#/items/12/availability_window	balance/relevance/t0-t1.json	relevance	/items/12/availability_window	nested_object	object:/items/12/availability_window	f3320194a78490754bb9297b6859fc2735fad0ac025ac33bdfd3d41beb85965d
balance/relevance/t0-t1.json#/items/12/group_ids	balance/relevance/t0-t1.json	relevance	/items/12/group_ids	empty_collection	<empty>	4f53cda18c2baa0c0354bb5f9a3ecbe5ed12ab4d8e11ba873c2f11161202b945
balance/relevance/t0-t1.json#/items/13	balance/relevance/t0-t1.json	relevance	/items/13	object_record	purchasable_id:upgrade.institutional_memory	dc318345cc4990437b516173f2f678adbd4bb6c5bb15f6239c905662865a7849
balance/relevance/t0-t1.json#/items/13/availability_window	balance/relevance/t0-t1.json	relevance	/items/13/availability_window	nested_object	object:/items/13/availability_window	8e411682a4901cedc02189dcd350567b83420f98d95691f9e0955530f76f4687
balance/relevance/t0-t1.json#/items/13/group_ids	balance/relevance/t0-t1.json	relevance	/items/13/group_ids	empty_collection	<empty>	4f53cda18c2baa0c0354bb5f9a3ecbe5ed12ab4d8e11ba873c2f11161202b945
balance/relevance/t0-t1.json#/items/14	balance/relevance/t0-t1.json	relevance	/items/14	object_record	purchasable_id:upgrade.nephew_business_cards	d78858093928a9df70158b2812e27eccdceaf9a787c0e437066e377849668cae
balance/relevance/t0-t1.json#/items/14/availability_window	balance/relevance/t0-t1.json	relevance	/items/14/availability_window	nested_object	object:/items/14/availability_window	f3320194a78490754bb9297b6859fc2735fad0ac025ac33bdfd3d41beb85965d
balance/relevance/t0-t1.json#/items/14/group_ids	balance/relevance/t0-t1.json	relevance	/items/14/group_ids	empty_collection	<empty>	4f53cda18c2baa0c0354bb5f9a3ecbe5ed12ab4d8e11ba873c2f11161202b945
balance/relevance/t0-t1.json#/items/15	balance/relevance/t0-t1.json	relevance	/items/15	object_record	purchasable_id:upgrade.rack_rail_standardization	5e93446ea8b182bfe82b76f26332fc59dff8997279f7b185fdd7ee4135771aeb
balance/relevance/t0-t1.json#/items/15/availability_window	balance/relevance/t0-t1.json	relevance	/items/15/availability_window	nested_object	object:/items/15/availability_window	8e411682a4901cedc02189dcd350567b83420f98d95691f9e0955530f76f4687
balance/relevance/t0-t1.json#/items/15/group_ids	balance/relevance/t0-t1.json	relevance	/items/15/group_ids	empty_collection	<empty>	4f53cda18c2baa0c0354bb5f9a3ecbe5ed12ab4d8e11ba873c2f11161202b945
balance/relevance/t0-t1.json#/items/16	balance/relevance/t0-t1.json	relevance	/items/16	object_record	purchasable_id:upgrade.refurbished_sticker	d4af479ae87ddc2b23008ebd2a77b48935b8123445265443702924e8f9558f0c
balance/relevance/t0-t1.json#/items/16/availability_window	balance/relevance/t0-t1.json	relevance	/items/16/availability_window	nested_object	object:/items/16/availability_window	8e411682a4901cedc02189dcd350567b83420f98d95691f9e0955530f76f4687
balance/relevance/t0-t1.json#/items/16/group_ids	balance/relevance/t0-t1.json	relevance	/items/16/group_ids	empty_collection	<empty>	4f53cda18c2baa0c0354bb5f9a3ecbe5ed12ab4d8e11ba873c2f11161202b945
balance/relevance/t0-t1.json#/items/17	balance/relevance/t0-t1.json	relevance	/items/17	object_record	purchasable_id:upgrade.reply_all_macro	f1e089482bd0764d65cf9e9d607e5691ddf79c2011a677076ddcb735f7de1e3b
balance/relevance/t0-t1.json#/items/17/availability_window	balance/relevance/t0-t1.json	relevance	/items/17/availability_window	nested_object	object:/items/17/availability_window	f3320194a78490754bb9297b6859fc2735fad0ac025ac33bdfd3d41beb85965d
balance/relevance/t0-t1.json#/items/17/group_ids	balance/relevance/t0-t1.json	relevance	/items/17/group_ids	empty_collection	<empty>	4f53cda18c2baa0c0354bb5f9a3ecbe5ed12ab4d8e11ba873c2f11161202b945
balance/relevance/t0-t1.json#/groups	balance/relevance/t0-t1.json	relevance	/groups	empty_collection	<empty>	4f53cda18c2baa0c0354bb5f9a3ecbe5ed12ab4d8e11ba873c2f11161202b945
balance/routes/phase0.json#/context_version	balance/routes/phase0.json	routes	/context_version	root_policy_field	1	6b86b273ff34fce19d6b804eff5a3f5747ada4eaa22f1d49c01e52ddb7875b4b
balance/routes/phase0.json#/depletion_distinct_routes_required	balance/routes/phase0.json	routes	/depletion_distinct_routes_required	root_policy_field	5	ef2d127de37b942baad06145e54b0c619a1f22327b2ebbcfbec78f5564afe39d
balance/routes/phase0.json#/knowledge	balance/routes/phase0.json	routes	/knowledge	singleton_policy	object:/knowledge	66126842880f576a7e7a6cc49d950e8b818a6ee7ccb97500584c52eee961f2a7
balance/routes/phase0.json#/gates/0	balance/routes/phase0.json	routes	/gates/0	object_record	gate_id:gate.t0_to_t1	92f772d95ce3bd5fc2f632d6029bf9108cbc33d6de7aa2de63a6b464b7bf53fc
balance/routes/phase0.json#/gates/0/requirement/0	balance/routes/phase0.json	routes	/gates/0/requirement/0	object_record	resource_id:company.cash	dcf81751156918e844433c7c6ac248ae79ee79e549e130c0dfbb9426dcfa71a9
balance/routes/phase0.json#/gates/0/routes	balance/routes/phase0.json	routes	/gates/0/routes	empty_collection	<empty>	4f53cda18c2baa0c0354bb5f9a3ecbe5ed12ab4d8e11ba873c2f11161202b945
balance/routes/phase0.json#/gates/1	balance/routes/phase0.json	routes	/gates/1	object_record	gate_id:gate.t2_to_t3	1a99c6b88832407b3615181aaebbfcb3ee9bd4bc444a7a86047517c8ea2c7bbe
balance/routes/phase0.json#/gates/1/requirement/0	balance/routes/phase0.json	routes	/gates/1/requirement/0	object_record	resource_id:company.cash	a997458d2b557ae3285249e99ec8924cc47985946930a999e244fda702bb46b2
balance/routes/phase0.json#/gates/1/routes	balance/routes/phase0.json	routes	/gates/1/routes	empty_collection	<empty>	4f53cda18c2baa0c0354bb5f9a3ecbe5ed12ab4d8e11ba873c2f11161202b945
balance/routes/phase0.json#/gates/2	balance/routes/phase0.json	routes	/gates/2	object_record	gate_id:gate.t3_to_t4	d87ce614df920bb10503342cbe4c7db40e870327238c2a44e9422a2816c8fa67
balance/routes/phase0.json#/gates/2/requirement/0	balance/routes/phase0.json	routes	/gates/2/requirement/0	object_record	resource_id:company.cash	6450365534bbef3ab20a65e83f78dbf2d2a91ac77b738e00f0ef5a2e36394dba
balance/routes/phase0.json#/gates/2/requirement/1	balance/routes/phase0.json	routes	/gates/2/requirement/1	object_record	resource_id:company.permits	f7415c50e6f1b5a06530eb9ba152cdd58b3e963adb6ebfdff8eb8e379ac5eb66
balance/routes/phase0.json#/gates/2/routes	balance/routes/phase0.json	routes	/gates/2/routes	empty_collection	<empty>	4f53cda18c2baa0c0354bb5f9a3ecbe5ed12ab4d8e11ba873c2f11161202b945
balance/routes/phase0.json#/gates/3	balance/routes/phase0.json	routes	/gates/3	object_record	gate_id:gate.t4_to_t5	b33405cb3a7023f3179421b33293b2bbf5a2fee74b1e0c9582771e1d9eb40b72
balance/routes/phase0.json#/gates/3/requirement/0	balance/routes/phase0.json	routes	/gates/3/requirement/0	object_record	resource_id:company.cash	742067b17589f7341a37d4efb0543c07285a23082c01b23d20e05224dabc4669
balance/routes/phase0.json#/gates/3/routes/0	balance/routes/phase0.json	routes	/gates/3/routes/0	object_record	route_id:route.regulatory_capture	a98cf6ac942533664e1d28aa702a5ead71253ce4decd354b823d2a61e52ab309
balance/routes/phase0.json#/gates/3/routes/0/predicate/0	balance/routes/phase0.json	routes	/gates/3/routes/0/predicate/0	object_record	doctrine_id:doctrine.ethical	44531181f1b1af40bce9be2f944d10e6681d3b00e021f003b0919c9bdfd8bb75
balance/routes/phase0.json#/gates/3/routes/0/predicate/1	balance/routes/phase0.json	routes	/gates/3/routes/0/predicate/1	object_record	meter_id:trust.regulators.standing	29d36b11ea96a4345ebd0f63bc38f3cb975913eca57f8a28d2f678b1337fb959
balance/routes/phase0.json#/gates/3/routes/0/predicate/2	balance/routes/phase0.json	routes	/gates/3/routes/0/predicate/2	object_record	meter_id:trust.regulators.grievance	d6ae1c4ad573ea05f2a563586bb0243179d091e3521b16119b256455c429f1b5
balance/routes/phase0.json#/gates/3/routes/0/effect	balance/routes/phase0.json	routes	/gates/3/routes/0/effect	nested_object	object:/gates/3/routes/0/effect	87608826d686bcdb1cd0e12f92267b478f160529633305bf0a0b645a4b8f0100
balance/routes/phase0.json#/gates/3/routes/1	balance/routes/phase0.json	routes	/gates/3/routes/1	object_record	route_id:route.ipo_sequence_break	9568e0ea5a5b3dc6c14378634ecae251d454dc3dae0e63d8267e90cbfc298954
balance/routes/phase0.json#/gates/3/routes/1/predicate/0	balance/routes/phase0.json	routes	/gates/3/routes/1/predicate/0	object_record	doctrine_id:doctrine.capture	7fab42e0cf149d5f82282e6180d2096c2fbe9b99bab3e548a37f57636e9ef03c
balance/routes/phase0.json#/gates/3/routes/1/predicate/1	balance/routes/phase0.json	routes	/gates/3/routes/1/predicate/1	object_record	resource_id:company.cash	3b475001b0420f8beef6c70a44771965997978f8a790329f1288b8b68d3e5213
balance/routes/phase0.json#/gates/3/routes/1/effect	balance/routes/phase0.json	routes	/gates/3/routes/1/effect	nested_object	object:/gates/3/routes/1/effect	87608826d686bcdb1cd0e12f92267b478f160529633305bf0a0b645a4b8f0100
balance/routes/phase0.json#/gates/3/routes/2	balance/routes/phase0.json	routes	/gates/3/routes/2	object_record	route_id:route.acquihire_out_of_bounds	5f3f4218b48fab94e3062207950fc676eaff8dcdb561a52749ee1e818b933e1f
balance/routes/phase0.json#/gates/3/routes/2/predicate/0	balance/routes/phase0.json	routes	/gates/3/routes/2/predicate/0	object_record	doctrine_id:doctrine.capture	7fab42e0cf149d5f82282e6180d2096c2fbe9b99bab3e548a37f57636e9ef03c
balance/routes/phase0.json#/gates/3/routes/2/predicate/1	balance/routes/phase0.json	routes	/gates/3/routes/2/predicate/1	object_record	object:/gates/3/routes/2/predicate/1	06d587e24ffa80e656c0847231967d7662870df21d6ea070325a91b6ebce70fc
balance/routes/phase0.json#/gates/3/routes/2/effect	balance/routes/phase0.json	routes	/gates/3/routes/2/effect	nested_object	object:/gates/3/routes/2/effect	59664a8febb86d91111eeb35d3ab3663749e63ee1e6b1afd6b36438081c9d663
balance/routes/phase0.json#/gates/3/routes/3	balance/routes/phase0.json	routes	/gates/3/routes/3	object_record	route_id:route.non_road_engine_clip	f0aec1023579b29315c724c4db9356b9a48655ec5410f0fbc4f41ec469481e67
balance/routes/phase0.json#/gates/3/routes/3/predicate/0	balance/routes/phase0.json	routes	/gates/3/routes/3/predicate/0	object_record	structure_id:structure.corporation	074161e17d53645f502399523bfc80503666aa6a5b71c1d70bfdd7338fff1392
balance/routes/phase0.json#/gates/3/routes/3/predicate/1	balance/routes/phase0.json	routes	/gates/3/routes/3/predicate/1	object_record	trait_id:trait.non_road	ba2a397787f57e9265681f4ddcc4b692eea86c744a5416794fc161790e3e9d40
balance/routes/phase0.json#/gates/3/routes/3/effect	balance/routes/phase0.json	routes	/gates/3/routes/3/effect	nested_object	object:/gates/3/routes/3/effect	ea312f28f2e6c2bab2b74888fc397b0dba0efe044e2737772cfef802308ee43c
balance/routes/phase0.json#/gates/3/routes/4	balance/routes/phase0.json	routes	/gates/3/routes/4	object_record	route_id:route.nonprofit_wrapper_zip	791a0a57701a04e53e2a2a8ef6a4860e40437443c2fdcf2183fe1dc275ca282b
balance/routes/phase0.json#/gates/3/routes/4/predicate/0	balance/routes/phase0.json	routes	/gates/3/routes/4/predicate/0	object_record	structure_id:structure.nonprofit	e79082d7cd4c23865d51fe2997bb9bbe920c2a4406d96fd596ae583e6c8a4ab8
balance/routes/phase0.json#/gates/3/routes/4/effect	balance/routes/phase0.json	routes	/gates/3/routes/4/effect	nested_object	object:/gates/3/routes/4/effect	3be6cabdfccab96f0f8a53c659e54fb6a52ab1a76c64f221c43bbbd235183d9a
balance/routes/phase0.json#/gates/3/routes/5	balance/routes/phase0.json	routes	/gates/3/routes/5	object_record	route_id:route.offset_warp	17f13b648025aacff6a54510b582beed115348451b0f2b0a72339df31531b057
balance/routes/phase0.json#/gates/3/routes/5/predicate/0	balance/routes/phase0.json	routes	/gates/3/routes/5/predicate/0	object_record	structure_id:structure.nonprofit	e79082d7cd4c23865d51fe2997bb9bbe920c2a4406d96fd596ae583e6c8a4ab8
balance/routes/phase0.json#/gates/3/routes/5/predicate/1	balance/routes/phase0.json	routes	/gates/3/routes/5/predicate/1	object_record	meter_id:planet.offset_coverage	77da36928c313a56d91d7482060f5ac291928b43518461b696a26235b633a7b3
balance/routes/phase0.json#/gates/3/routes/5/effect	balance/routes/phase0.json	routes	/gates/3/routes/5/effect	nested_object	object:/gates/3/routes/5/effect	ac945d3a4e11d72dfa47f40db1cd0ca837622593ad67c5a45b463a5814df896f
balance/routes/phase0.json#/gates/4	balance/routes/phase0.json	routes	/gates/4	object_record	gate_id:gate.t7_to_t8	9ef25dacb9dd32242c2b611198326342a290fe26b9fc65d2b3986d13168fd01a
balance/routes/phase0.json#/gates/4/requirement/0	balance/routes/phase0.json	routes	/gates/4/requirement/0	object_record	resource_id:company.cash	8d34df2a7820f14dd46a2730b39f2175ed1fb2cf4d2ae7b397cb2807feb18f33
balance/routes/phase0.json#/gates/4/routes/0	balance/routes/phase0.json	routes	/gates/4/routes/0	object_record	route_id:route.sovereign_ai_early_warp	4096ace35ddb19a6e21212640ae1e2ce39fce36c7cce0f7f915495067c457e67
balance/routes/phase0.json#/gates/4/routes/0/predicate/0	balance/routes/phase0.json	routes	/gates/4/routes/0/predicate/0	object_record	structure_id:structure.corporation	074161e17d53645f502399523bfc80503666aa6a5b71c1d70bfdd7338fff1392
balance/routes/phase0.json#/gates/4/routes/0/predicate/1	balance/routes/phase0.json	routes	/gates/4/routes/0/predicate/1	object_record	trait_id:trait.sovereign_compute	0c9f686c253f3adbf19815342c9b87541d1443f48fcc01d8ec60db3a4fa0b9cc
balance/routes/phase0.json#/gates/4/routes/0/effect	balance/routes/phase0.json	routes	/gates/4/routes/0/effect	nested_object	object:/gates/4/routes/0/effect	3be6cabdfccab96f0f8a53c659e54fb6a52ab1a76c64f221c43bbbd235183d9a
balance/soul/first-content.json#/policy	balance/soul/first-content.json	soul	/policy	singleton_policy	object:/policy	2ffdc16c24bc09231f3929ac5ff7f017468bb6f26e93d8769925aefa45a92e7a
balance/soul/first-content.json#/bands/0	balance/soul/first-content.json	soul	/bands/0	object_record	object:/bands/0	115778549c1374d7de943c36a8a23d61e33c2a9e82575009e1d3aee1c95e7a05
balance/soul/first-content.json#/bands/1	balance/soul/first-content.json	soul	/bands/1	object_record	object:/bands/1	fcb0e86b8cf3d06e9dc8501ccbc821107204c1a6b18ee509a84efe42f9a27466
balance/soul/first-content.json#/bands/2	balance/soul/first-content.json	soul	/bands/2	object_record	object:/bands/2	e304566ae42685d5c281aa7127fbb77e129d5a3cac5db101ccef9a5c8cec6363
balance/soul/first-content.json#/bands/3	balance/soul/first-content.json	soul	/bands/3	object_record	object:/bands/3	e4d29fd19f2d1d9e26e50632b727e57c704bcd1d7f9e20e1ae2e2c0ac7234d0b
balance/soul/first-content.json#/debit_sources	balance/soul/first-content.json	soul	/debit_sources	empty_collection	<empty>	4f53cda18c2baa0c0354bb5f9a3ecbe5ed12ab4d8e11ba873c2f11161202b945
balance/soul/first-content.json#/recovery_activities/0	balance/soul/first-content.json	soul	/recovery_activities/0	object_record	activity_id:defrag	37f73335674fb849a315a71427c9df97dd14999eee3049160a06a5119ac5839a
balance/soul/first-content.json#/recovery_activities/1	balance/soul/first-content.json	soul	/recovery_activities/1	object_record	activity_id:repot	c9dadeb75d4dd1ecc7b84a754b78867824fb2a05668c0b1387598308392fa8af
balance/soul/first-content.json#/recovery_activities/2	balance/soul/first-content.json	soul	/recovery_activities/2	object_record	activity_id:server_room	9ce839782e7841fcf7c7d7b4e568c701a29850cfa4839ae4d089f6b1f424d2bf
balance/soul/first-content.json#/ending_policy	balance/soul/first-content.json	soul	/ending_policy	singleton_policy	object:/ending_policy	39f7d37ffda288594ad42cbbaf48993402ef61326dad358ab8e48994e43f1994
